trade_date,vix7,vix7_mode,vix7_d1,vix7_d2,vix7_code1,vix7_code2,vix14,vix14_mode,vix14_d1,vix14_d2,vix14_code1,vix14_code2,vix30,vix30_mode,vix30_d1,vix30_d2,vix30_code1,vix30_code2,n_expiry_used,n_expiry_near,n_expiry_near_ok,dte_near,F_near,K0_near,ba_ratio,strip_min,expiry_src,warnings,vix7_span,vix14_span,vix30_span,close_0050
2020-01-02,12.135415796475876,interp,6.0,13.0,202001W2,202001,15.298595230795472,interp,13.0,48.0,202001,202002,14.31275782079914,interp,13.0,48.0,202001,202002,6,3,2,6.0,12111.5,12100.0,0.6520882584712372,27.0,empirical,202001W1(d0):dte=0 < 1,7.0,35.0,35.0,24.623432282003712
2020-01-03,13.709873093506877,interp,5.0,12.0,202001W2,202001,15.835795583032723,interp,12.0,47.0,202001,202002,14.849203646914631,interp,12.0,47.0,202001,202002,6,2,2,5.0,12098.0,12050.0,0.4607483492296405,29.0,empirical,,7.0,35.0,35.0,24.623432282003712
2020-01-06,17.762859978628757,interp,2.0,9.0,202001W2,202001,16.55608498324275,interp,9.0,44.0,202001,202002,15.01504921178119,interp,9.0,44.0,202001,202002,6,2,2,2.0,11957.75,11950.0,0.5058694057226706,29.0,empirical,,7.0,35.0,35.0,24.30823217598728
2020-01-07,17.374743441310624,interp,1.0,8.0,202001W2,202001,15.708036645544675,interp,8.0,43.0,202001,202002,14.356445526119591,interp,8.0,43.0,202001,202002,6,2,2,1.0,11877.5,11850.0,0.3851797505502567,29.0,empirical,,7.0,35.0,35.0,24.23258415054333
2020-01-08,19.527461629185204,exact,7.0,7.0,202001,202001,16.8414343531685,interp,7.0,42.0,202001,202002,15.216232326528855,interp,7.0,42.0,202001,202002,5,2,1,7.0,11786.0,11750.0,0.5925925925925926,54.0,empirical,202001W2(d0):dte=0 < 1,0.0,35.0,35.0,24.119112112377422
2020-01-09,16.090197748852553,interp,6.0,41.0,202001,202002,14.274027086358329,interp,6.0,41.0,202001,202002,13.20364804198864,interp,6.0,41.0,202001,202002,5,1,1,6.0,11970.0,11950.0,0.4444444444444444,54.0,empirical,,35.0,35.0,35.0,24.44692022263451
2020-01-10,16.108101431382032,interp,5.0,40.0,202001,202002,14.33745536357646,interp,5.0,40.0,202001,202002,13.297049675696371,interp,5.0,40.0,202001,202002,5,2,2,5.0,12011.0,12000.0,0.5022727272727272,44.0,empirical,,35.0,35.0,35.0,24.53517625231911
2020-01-13,12.456556723612048,interp,2.0,37.0,202001,202002,12.289683329284028,interp,2.0,37.0,202001,202002,12.199750905695748,interp,2.0,37.0,202001,202002,5,2,2,2.0,12117.0,12100.0,0.4691558441558441,44.0,empirical,,35.0,35.0,35.0,24.71168831168832
2020-01-14,12.627720662753829,interp,1.0,36.0,202001,202002,12.434962691372707,interp,1.0,36.0,202001,202002,12.33092643459741,interp,1.0,36.0,202001,202002,5,2,2,1.0,12182.0,12150.0,0.4822567783094099,44.0,empirical,,35.0,35.0,35.0,24.8629843625762
2020-01-15,,no_bracket,,,,,9.979476031487842,extrap,15.0,35.0,202001W4,202002,12.425424208261408,interp,15.0,35.0,202001W4,202002,5,3,2,15.0,12064.0,12050.0,0.6098290598290598,26.0,empirical,202001(d0):dte=0 < 1,,20.0,20.0,24.61082427776305
2020-01-16,,no_bracket,,,,,10.330108230297554,exact,14.0,14.0,202001W4,202001W4,12.317929992596511,interp,14.0,34.0,202001W4,202002,6,2,2,14.0,12064.0,12050.0,0.6349206349206349,28.0,empirical,,,0.0,20.0,24.53517625231911
2020-01-17,,no_bracket,,,,,9.894349880473005,interp,13.0,33.0,202001W4,202002,12.141652566512178,interp,13.0,33.0,202001W4,202002,6,2,2,13.0,12083.5,12050.0,0.6571428571428571,28.0,empirical,,,20.0,20.0,24.53517625231911
2020-01-20,,no_bracket,,,,,11.093955558366094,interp,10.0,30.0,202001W4,202002,12.5908622453729,exact,30.0,30.0,202002,202002,6,2,2,10.0,12121.0,12100.0,0.5146825396825396,28.0,empirical,,,20.0,0.0,24.63604028624437
2020-01-30,20.60985970888809,interp,6.0,20.0,202002W1,202002,20.980859438975617,interp,6.0,20.0,202002W1,202002,19.539850572616142,interp,20.0,48.0,202002,202003,6,3,2,6.0,11390.5,11300.0,0.5448717948717948,26.0,empirical,202001W4(d0):dte=0 < 1,14.0,14.0,28.0,23.23655181553141
2020-01-31,19.25798174809588,interp,5.0,19.0,202002W1,202002,19.28767705719732,interp,5.0,19.0,202002W1,202002,18.31745641412542,interp,19.0,47.0,202002,202003,6,2,2,5.0,11483.5,11450.0,0.5931623931623932,39.0,empirical,,14.0,14.0,28.0,22.68179962894249
2020-02-03,23.500351157911943,interp,2.0,16.0,202002W1,202002,22.002914597343462,interp,2.0,16.0,202002W1,202002,20.06359517721133,interp,16.0,44.0,202002,202003,6,2,2,2.0,11339.5,11300.0,0.5803418803418803,39.0,empirical,,14.0,14.0,28.0,22.454855552610656
2020-02-04,20.11836595561087,interp,1.0,15.0,202002W1,202002,19.64379946601092,interp,1.0,15.0,202002W1,202002,18.585005414562243,interp,15.0,43.0,202002,202003,6,2,2,1.0,11547.5,11500.0,0.5373806998939554,41.0,empirical,,14.0,14.0,28.0,22.84570368407104
2020-02-05,19.601764629282208,exact,7.0,7.0,202002W2,202002W2,19.499964961570768,exact,14.0,14.0,202002,202002,18.63506080476768,interp,14.0,42.0,202002,202003,6,3,2,7.0,11551.5,11550.0,0.7134782608695652,25.0,empirical,202002W1(d0):dte=0 < 1,0.0,0.0,28.0,22.90874370527432
2020-02-06,17.193050644088885,interp,6.0,13.0,202002W2,202002,17.941825320542343,interp,13.0,41.0,202002,202003,17.90873786211517,interp,13.0,41.0,202002,202003,6,2,2,6.0,11753.0,11750.0,0.6791304347826087,25.0,empirical,,7.0,28.0,28.0,23.27437582825338
2020-02-07,18.79227619431708,interp,5.0,12.0,202002W2,202002,19.16840975401704,interp,12.0,40.0,202002,202003,18.98532530521589,interp,12.0,40.0,202002,202003,6,3,3,5.0,11605.5,11600.0,0.6053580352680802,29.0,empirical,,7.0,28.0,28.0,22.996999734958923
2020-02-10,20.36685987192395,interp,2.0,9.0,202002W2,202002,19.70007947933942,interp,9.0,37.0,202002,202003,19.28541081901989,interp,9.0,37.0,202002,202003,6,3,3,2.0,11578.5,11550.0,0.5061308631398587,29.0,empirical,,7.0,28.0,28.0,22.94656771799629
2020-02-11,18.007530271940382,interp,1.0,8.0,202002W2,202002,17.632329003208223,interp,8.0,36.0,202002,202003,17.40996041212227,interp,8.0,36.0,202002,202003,6,3,3,1.0,11675.25,11650.0,0.5674484186478189,29.0,empirical,,7.0,28.0,28.0,23.13568778160615
2020-02-12,17.247755273795836,exact,7.0,7.0,202002,202002,16.75466012785222,interp,7.0,35.0,202002,202003,16.48564654908086,interp,7.0,35.0,202002,202003,5,3,2,7.0,11770.0,11750.0,0.5771563342318059,53.0,empirical,202002W2(d0):dte=0 < 1,0.0,28.0,28.0,23.362631857937984
2020-02-13,16.69540133088311,interp,6.0,34.0,202002,202003,16.59216607802438,interp,6.0,34.0,202002,202003,16.536843761538574,interp,6.0,34.0,202002,202003,5,2,2,6.0,11773.0,11750.0,0.5357142857142857,54.0,empirical,,28.0,28.0,28.0,23.40045587065996
2020-02-14,14.840227815248486,interp,5.0,33.0,202002,202003,15.458987681054603,interp,5.0,33.0,202002,202003,15.779074772117562,interp,5.0,33.0,202002,202003,5,2,2,5.0,11811.0,11800.0,0.4626322751322751,54.0,empirical,,28.0,28.0,28.0,23.438279883381927
2020-02-17,16.214499343302275,interp,2.0,30.0,202002,202003,16.19435001279758,interp,2.0,30.0,202002,202003,16.183593445460605,exact,30.0,30.0,202003,202003,5,2,2,2.0,11770.5,11750.0,0.4224025974025974,55.0,empirical,,28.0,28.0,0.0,23.27437582825338
2020-02-18,17.769752623282585,interp,1.0,29.0,202002,202003,17.401546325796623,interp,1.0,29.0,202002,202003,17.108981338501085,interp,29.0,57.0,202003,202004,5,2,2,1.0,11639.75,11600.0,0.4584415584415584,55.0,empirical,,28.0,28.0,28.0,22.95917572223695
2020-02-19,14.913490777189535,exact,7.0,7.0,202002W4,202002W4,15.636690500344567,interp,7.0,28.0,202002W4,202003,15.874935483939325,interp,28.0,56.0,202003,202004,5,3,2,7.0,11775.5,11750.0,0.7078571428571429,25.0,empirical,202002(d0):dte=0 < 1,0.0,21.0,28.0,23.223943811290752
2020-02-20,14.911182927975664,interp,6.0,27.0,202002W4,202003,15.508635357741309,interp,6.0,27.0,202002W4,202003,15.64749466562439,interp,27.0,55.0,202003,202004,6,2,2,6.0,11727.0,11700.0,0.6011904761904762,27.0,empirical,,21.0,21.0,28.0,23.123079777365493
2020-02-21,16.098710602293544,interp,5.0,26.0,202002W4,202003,16.68176310241392,interp,5.0,26.0,202002W4,202003,16.65544169135225,interp,26.0,54.0,202003,202004,6,2,2,5.0,11676.0,11650.0,0.5929232804232805,27.0,empirical,,21.0,21.0,28.0,23.009607739199577
2020-02-24,20.52072087140641,interp,2.0,23.0,202002W4,202003,19.727729490799938,interp,2.0,23.0,202002W4,202003,18.55760734473532,interp,23.0,51.0,202003,202004,6,2,2,2.0,11521.0,11500.0,0.6101190476190477,27.0,empirical,,21.0,21.0,28.0,22.71962364166446
2020-02-25,19.54813409015064,interp,1.0,22.0,202002W4,202003,19.32516650968285,interp,1.0,22.0,202002W4,202003,18.334163753384107,interp,22.0,50.0,202003,202004,6,2,2,1.0,11551.75,11550.0,0.5181650246305419,29.0,empirical,,21.0,21.0,28.0,22.782663662867744
2020-02-26,20.79700559234616,exact,7.0,7.0,202003W1,202003W1,21.44641142170651,interp,7.0,21.0,202003W1,202003,20.10807222174289,interp,21.0,49.0,202003,202004,6,3,2,7.0,11434.5,11400.0,0.6699999999999999,25.0,empirical,202002W4(d0):dte=0 < 1,0.0,14.0,28.0,22.555719586535915
2020-02-27,24.69744192338332,interp,6.0,20.0,202003W1,202003,25.52820242082477,interp,6.0,20.0,202003W1,202003,23.04785557383915,interp,20.0,48.0,202003,202004,6,2,2,6.0,11289.0,11250.0,0.7020502645502645,27.0,empirical,,14.0,14.0,28.0,22.3539915186854
2020-03-02,29.726058694346523,interp,2.0,16.0,202003W1,202003,29.35090228498024,interp,2.0,16.0,202003W1,202003,25.354239744675205,interp,16.0,44.0,202003,202004,6,2,2,2.0,11192.5,11150.0,0.6339987900786449,29.0,empirical,,14.0,14.0,28.0,22.026183408428302
2020-03-03,25.08063171741155,interp,1.0,15.0,202003W1,202003,25.127937603902613,interp,1.0,15.0,202003W1,202003,22.66676591836769,interp,15.0,43.0,202003,202004,6,2,2,1.0,11333.75,11300.0,0.5318979266347688,33.0,empirical,,14.0,14.0,28.0,22.34138351444474
2020-03-04,20.677158924969685,exact,7.0,7.0,202003W2,202003W2,24.609723668142564,exact,14.0,14.0,202003,202003,22.333385106098604,interp,14.0,42.0,202003,202004,6,3,2,7.0,11382.0,11350.0,0.6831578947368421,25.0,empirical,202003W1(d0):dte=0 < 1,0.0,0.0,28.0,22.49267956533263
2020-03-05,17.947650925430253,interp,6.0,13.0,202003W2,202003,20.014605979848,interp,13.0,41.0,202003,202004,19.3743864692435,interp,13.0,41.0,202003,202004,6,2,2,6.0,11507.5,11500.0,0.6943859649122808,25.0,empirical,,7.0,28.0,28.0,22.74483965014577
2020-03-06,24.7108474733196,interp,5.0,12.0,202003W2,202003,24.98545589706794,interp,12.0,40.0,202003,202004,22.962518972661417,interp,12.0,40.0,202003,202004,6,3,3,5.0,11288.0,11250.0,0.5834695567483149,29.0,empirical,,7.0,28.0,28.0,22.27834349324145
2020-03-09,38.31745176069887,interp,2.0,9.0,202003W2,202003,33.5307991999515,interp,9.0,37.0,202003,202004,28.472853664426328,interp,9.0,37.0,202003,202004,6,3,3,2.0,10969.0,10900.0,0.6151334560416694,29.0,empirical,,7.0,28.0,28.0,21.647943281208587
2020-03-10,30.67188201425201,interp,1.0,8.0,202003W2,202003,28.392962251338844,interp,8.0,36.0,202003,202004,26.65828336153693,interp,8.0,36.0,202003,202004,6,3,3,1.0,11013.0,11000.0,0.5404693486590039,36.0,empirical,,7.0,28.0,28.0,21.761415319374503
2020-03-11,34.969657718028955,exact,7.0,7.0,202003,202003,31.220745953801547,interp,7.0,35.0,202003,202004,29.02400018908828,interp,7.0,35.0,202003,202004,5,3,2,7.0,10823.0,10800.0,0.5729166666666667,48.0,empirical,202003W2(d0):dte=0 < 1,0.0,28.0,28.0,21.50925523456136
2020-03-12,40.29805487779316,interp,6.0,34.0,202003,202004,35.79621426672258,interp,6.0,34.0,202003,202004,33.14616133491233,interp,6.0,34.0,202003,202004,5,2,2,6.0,10366.5,10300.0,0.5728414442700157,49.0,empirical,,28.0,28.0,28.0,20.71495096739995
2020-03-13,49.79262155107155,interp,5.0,33.0,202003,202004,43.3683668395983,interp,5.0,33.0,202003,202004,39.51734580008751,interp,5.0,33.0,202003,202004,5,2,2,5.0,10017.5,10000.0,0.5632861635220126,53.0,empirical,,28.0,28.0,28.0,20.424966869864832
2020-03-16,52.6465917936436,interp,2.0,30.0,202003,202004,47.54573641582435,interp,2.0,30.0,202003,202004,44.58730997383128,exact,30.0,30.0,202004,202004,5,2,2,2.0,9668.5,9600.0,0.5550239234449761,55.0,empirical,,28.0,28.0,0.0,19.49197455605619
2020-03-17,52.01011158792741,interp,1.0,29.0,202003,202004,50.07148279363759,interp,1.0,29.0,202003,202004,48.44286476708265,interp,29.0,64.0,202004,202005,5,2,2,1.0,9361.0,9300.0,0.4914220752377015,59.0,empirical,,28.0,28.0,35.0,18.874182348263982
2020-03-18,53.69821758756612,exact,7.0,7.0,202003W4,202003W4,51.0028976648675,interp,7.0,28.0,202003W4,202004,48.44294847933011,interp,28.0,63.0,202004,202005,5,3,2,7.0,9027.0,9000.0,0.7236533957845432,21.0,empirical,202003(d0):dte=0 < 1,0.0,21.0,35.0,18.35725417439703
2020-03-19,,no_bracket,,,,,,no_bracket,,,,,51.39697487963991,interp,27.0,62.0,202004,202005,5,2,1,27.0,8355.0,8300.0,0.6190476190476191,63.0,empirical,"202003W4(d6):F=8476 低於最低履約價 8500 (階梯 8500~10200),put 翼缺失",,,35.0,17.285573813941163
2020-03-20,55.86052116504573,interp,5.0,26.0,202003W4,202004,53.857690606277664,interp,5.0,26.0,202003W4,202004,51.64049041703508,interp,26.0,61.0,202004,202005,6,2,2,5.0,9100.0,9100.0,0.9191176470588236,38.0,empirical,,21.0,21.0,35.0,18.659846276172807
2020-03-23,62.0013329766509,interp,2.0,23.0,202003W4,202004,58.09432329807274,interp,2.0,23.0,202003W4,202004,53.69107729612767,interp,23.0,58.0,202004,202005,6,2,2,2.0,8780.5,8750.0,0.7503869969040248,38.0,empirical,,21.0,21.0,35.0,17.85293400477074
2020-03-24,47.38469166921557,interp,1.0,22.0,202003W4,202004,46.87465299713178,interp,1.0,22.0,202003W4,202004,44.33529683011,interp,22.0,57.0,202004,202005,6,2,2,1.0,9320.0,9300.0,0.6787925696594428,38.0,empirical,,21.0,21.0,35.0,18.722886297376096
2020-03-25,46.59616378513732,exact,7.0,7.0,202004W1,202004W1,44.56395987430368,interp,7.0,21.0,202004W1,202004,42.11886713216433,interp,21.0,56.0,202004,202005,6,3,2,7.0,9666.5,9600.0,0.8235294117647058,27.0,empirical,202003W4(d0):dte=0 < 1,0.0,14.0,35.0,19.378502517890272
2020-03-26,46.38927917264064,interp,6.0,20.0,202004W1,202004,45.45487754210305,interp,6.0,20.0,202004W1,202004,43.28752550929423,interp,20.0,55.0,202004,202005,6,2,2,6.0,9719.5,9700.0,0.7647058823529411,34.0,empirical,,14.0,14.0,35.0,19.46675854757488
2020-03-27,47.247426107079576,interp,5.0,19.0,202004W1,202004,47.476390616604434,interp,5.0,19.0,202004W1,202004,44.76385297129799,interp,19.0,54.0,202004,202005,6,2,2,5.0,9662.0,9650.0,0.7369281045751634,36.0,empirical,,14.0,14.0,35.0,19.315462496686987
2020-03-30,46.9155570933535,interp,2.0,16.0,202004W1,202004,46.33352513326981,interp,2.0,16.0,202004W1,202004,44.07035734506549,interp,16.0,51.0,202004,202005,6,2,2,2.0,9671.0,9650.0,0.6601307189542484,36.0,empirical,,14.0,14.0,35.0,19.126342433077127
2020-03-31,46.64052669638074,interp,1.0,15.0,202004W1,202004,47.18640957849411,interp,1.0,15.0,202004W1,202004,43.59532533436026,interp,15.0,50.0,202004,202005,6,2,2,1.0,9674.5,9650.0,0.6062091503267973,36.0,empirical,,14.0,14.0,35.0,19.20199045852108
2020-04-01,41.37113099665955,exact,7.0,7.0,202004W2,202004W2,44.512697575049,exact,14.0,14.0,202004,202004,41.99278868419681,interp,14.0,49.0,202004,202005,6,3,2,7.0,9625.5,9600.0,0.7570806100217865,27.0,empirical,202004W1(d0):dte=0 < 1,0.0,0.0,35.0,19.13895043731779
2020-04-06,37.75257025429948,interp,2.0,9.0,202004W2,202004,36.906041431516016,interp,9.0,44.0,202004,202005,35.685508308480465,interp,9.0,44.0,202004,202005,6,2,2,2.0,9865.0,9850.0,0.657563025210084,28.0,empirical,,7.0,35.0,35.0,19.428934534852903
2020-04-07,35.13060611376878,interp,1.0,8.0,202004W2,202004,34.21760978008668,interp,8.0,43.0,202004,202005,33.46773992920379,interp,8.0,43.0,202004,202005,6,2,2,1.0,10012.75,10000.0,0.502134724857685,31.0,empirical,,7.0,35.0,35.0,19.794566657831965
2020-04-08,33.99477495709648,exact,7.0,7.0,202004,202004,33.71976008006652,interp,7.0,42.0,202004,202005,33.572164324677885,interp,7.0,42.0,202004,202005,5,2,1,7.0,10136.0,10100.0,0.4729729729729729,74.0,empirical,202004W2(d0):dte=0 < 1,0.0,35.0,35.0,20.071942751126425
2020-04-09,31.459474470496108,interp,6.0,41.0,202004,202005,32.44542328258993,interp,6.0,41.0,202004,202005,32.95920513201077,interp,6.0,41.0,202004,202005,5,1,1,6.0,10100.0,10100.0,0.4666666666666667,75.0,empirical,,35.0,35.0,35.0,19.983686721441824
2020-04-10,28.10663757950957,interp,5.0,40.0,202004,202005,30.068703010697444,interp,5.0,40.0,202004,202005,31.06450719491071,interp,5.0,40.0,202004,202005,5,2,2,5.0,10132.5,10100.0,0.4679166666666666,64.0,empirical,,35.0,35.0,35.0,19.99629472568248
2020-04-13,33.28641879221031,interp,2.0,37.0,202004,202005,32.7724992658448,interp,2.0,37.0,202004,202005,32.49508565809304,interp,2.0,37.0,202004,202005,5,2,2,2.0,10076.0,10050.0,0.4745065789473684,64.0,empirical,,35.0,35.0,35.0,19.870214683275908
2020-04-14,28.502796954951293,interp,1.0,36.0,202004,202005,28.602006978527207,interp,1.0,36.0,202004,202005,28.65477854221653,interp,1.0,36.0,202004,202005,5,2,2,1.0,10344.75,10300.0,0.467516447368421,64.0,empirical,,35.0,35.0,35.0,20.41235886562417
2020-04-15,26.27896335844996,exact,7.0,7.0,202004W4,202004W4,27.353682778280163,interp,7.0,35.0,202004W4,202005,27.909950189543416,interp,7.0,35.0,202004W4,202005,5,3,2,7.0,10389.5,10350.0,0.8076508620689655,29.0,empirical,202004(d0):dte=0 < 1,0.0,28.0,28.0,20.47539888682746
2020-04-16,26.02592470899048,interp,6.0,34.0,202004W4,202005,27.59660020776949,interp,6.0,34.0,202004W4,202005,28.398795554233548,interp,6.0,34.0,202004W4,202005,6,2,2,6.0,10367.5,10350.0,0.765625,32.0,empirical,,28.0,28.0,28.0,20.3745348529022
2020-04-17,24.33846729513027,interp,5.0,33.0,202004W4,202005,26.367324404225183,interp,5.0,33.0,202004W4,202005,27.387996630223395,interp,5.0,33.0,202004W4,202005,6,2,2,5.0,10601.0,10600.0,0.734375,32.0,empirical,,28.0,28.0,28.0,20.99232706069441
2020-04-20,28.822908034136606,interp,2.0,30.0,202004W4,202005,28.672207630351643,interp,2.0,30.0,202004W4,202005,28.59150929769129,exact,30.0,30.0,202005,202005,6,2,2,2.0,10535.5,10500.0,0.6176339285714285,35.0,empirical,,28.0,28.0,0.0,20.92928703949112
2020-04-21,34.57789351378487,interp,1.0,29.0,202004W4,202005,34.19151033422981,interp,1.0,29.0,202004W4,202005,33.84606174343157,interp,29.0,57.0,202005,202006,6,2,2,1.0,10278.0,10250.0,0.6008928571428571,35.0,empirical,,28.0,28.0,28.0,20.32410283593957
2020-04-22,28.614061808027696,exact,7.0,7.0,202004W5,202004W5,31.951056522869862,interp,7.0,28.0,202004W5,202005,33.32076783629627,interp,28.0,56.0,202005,202006,6,3,2,7.0,10300.5,10300.0,0.7435344827586207,29.0,empirical,202004W4(d0):dte=0 < 1,0.0,21.0,28.0,20.32410283593957
2020-04-23,25.818364065723365,interp,6.0,27.0,202004W5,202005,29.34660691759065,interp,6.0,27.0,202004W5,202005,30.893215824237785,interp,27.0,55.0,202005,202006,6,2,2,6.0,10372.0,10350.0,0.7106681034482758,29.0,empirical,,21.0,21.0,28.0,20.39975086138352
2020-04-24,26.60376217585993,interp,5.0,26.0,202004W5,202005,29.327101557896267,interp,5.0,26.0,202004W5,202005,30.41926877119868,interp,26.0,54.0,202005,202006,6,2,2,5.0,10351.5,10350.0,0.6444052419354839,31.0,empirical,,21.0,21.0,28.0,20.39975086138352
2020-04-27,27.80013796040381,interp,2.0,23.0,202004W5,202005,28.11249447053898,interp,2.0,23.0,202004W5,202005,28.263597614336085,interp,23.0,51.0,202005,202006,6,2,2,2.0,10598.5,10550.0,0.6600302419354839,31.0,empirical,,21.0,21.0,28.0,20.815815001325205
2020-04-28,26.697800378329177,interp,1.0,22.0,202004W5,202005,27.04347185447743,interp,1.0,22.0,202004W5,202005,27.56872255753189,interp,22.0,50.0,202005,202006,6,2,2,1.0,10622.25,10600.0,0.5345982142857143,35.0,empirical,,21.0,21.0,28.0,20.815815001325205
2020-04-29,22.038383829884207,exact,7.0,7.0,202005W1,202005W1,26.007123580231728,interp,7.0,21.0,202005W1,202005,27.26272444384702,interp,21.0,49.0,202005,202006,6,3,2,7.0,10745.0,10700.0,0.6605603448275862,29.0,empirical,202004W5(d0):dte=0 < 1,0.0,14.0,28.0,21.105799098860327
2020-04-30,21.78415526736929,interp,6.0,20.0,202005W1,202005,26.37327242916544,interp,6.0,20.0,202005W1,202005,27.68262439035204,interp,20.0,48.0,202005,202006,6,2,2,6.0,10985.0,10950.0,0.6595643939393939,33.0,empirical,,14.0,14.0,28.0,21.55968725152399
2020-05-04,35.14115978743765,interp,2.0,16.0,202005W1,202005,35.10917677855514,interp,2.0,16.0,202005W1,202005,33.90150005838237,interp,16.0,44.0,202005,202006,6,2,2,2.0,10669.5,10650.0,0.6326013513513513,37.0,empirical,,14.0,14.0,28.0,20.92928703949112
2020-05-05,30.8476994947674,interp,1.0,15.0,202005W1,202005,31.258715481883627,interp,1.0,15.0,202005W1,202005,31.496012280727108,interp,15.0,43.0,202005,202006,6,2,2,1.0,10779.25,10750.0,0.4527027027027027,37.0,empirical,,14.0,14.0,28.0,21.030151073416384
2020-05-06,23.80639635812574,exact,7.0,7.0,202005W2,202005W2,30.126741830904603,exact,14.0,14.0,202005,202005,31.09479589353335,interp,14.0,42.0,202005,202006,6,3,2,7.0,10799.5,10750.0,0.6333333333333333,30.0,empirical,202005W1(d0):dte=0 < 1,0.0,0.0,28.0,21.055367081897696
2020-05-07,22.855752791461224,interp,6.0,13.0,202005W2,202005,27.6933684387304,interp,13.0,41.0,202005,202006,29.24205465307615,interp,13.0,41.0,202005,202006,6,2,2,6.0,10877.0,10850.0,0.5776041666666667,30.0,empirical,,7.0,28.0,28.0,21.143623111582297
2020-05-08,22.75442392213445,interp,5.0,12.0,202005W2,202005,25.97138416842917,interp,12.0,40.0,202005,202006,27.82597558422063,interp,12.0,40.0,202005,202006,6,3,3,5.0,10927.5,10900.0,0.5879103535353535,32.0,empirical,,7.0,28.0,28.0,21.269703153988868
2020-05-11,24.2745005376101,interp,2.0,9.0,202005W2,202005,25.8565210423426,interp,9.0,37.0,202005,202006,27.114799932571625,interp,9.0,37.0,202005,202006,6,3,3,2.0,11006.0,11000.0,0.5452967171717171,32.0,empirical,,7.0,28.0,28.0,21.44621521335808
2020-05-12,24.3017250996947,interp,1.0,8.0,202005W2,202005,26.34890590691833,interp,8.0,36.0,202005,202006,27.6706148682176,interp,8.0,36.0,202005,202006,6,3,3,1.0,10895.5,10850.0,0.5109126984126985,35.0,empirical,,7.0,28.0,28.0,21.194055128544925
2020-05-13,22.39853738602228,exact,7.0,7.0,202005,202005,25.499798940827656,interp,7.0,35.0,202005,202006,27.00858917981008,interp,7.0,35.0,202005,202006,5,3,2,7.0,10915.5,10900.0,0.622077922077922,66.0,empirical,202005W2(d0):dte=0 < 1,0.0,28.0,28.0,21.257095149748213
2020-05-14,25.77560372264369,interp,6.0,34.0,202005,202006,27.863775423823867,interp,6.0,34.0,202005,202006,28.915872898069413,interp,6.0,34.0,202005,202006,5,2,2,6.0,10748.5,10700.0,0.5153649167733675,66.0,empirical,,28.0,28.0,28.0,21.004935064935065
2020-05-15,24.66111617190726,interp,5.0,33.0,202005,202006,27.161795470114587,interp,5.0,33.0,202005,202006,28.40561781987654,interp,5.0,33.0,202005,202006,5,2,2,5.0,10818.0,10800.0,0.4671717171717171,66.0,empirical,,28.0,28.0,28.0,21.143623111582297
2020-05-18,29.260735996548327,interp,2.0,30.0,202005,202006,29.44618085988279,interp,2.0,30.0,202005,202006,29.54460884592398,exact,30.0,30.0,202006,202006,5,2,2,2.0,10762.0,10750.0,0.4621212121212121,66.0,empirical,,28.0,28.0,0.0,20.96711105221309
2020-05-19,26.527942096007955,interp,1.0,29.0,202005,202006,26.74850074924873,interp,1.0,29.0,202005,202006,26.73881859394905,interp,29.0,57.0,202006,202007,5,2,2,1.0,10869.75,10850.0,0.3891656288916563,66.0,empirical,,28.0,28.0,28.0,21.156231115822955
2020-05-20,19.20451152707753,exact,7.0,7.0,202005W4,202005W4,23.268152077388184,interp,7.0,28.0,202005W4,202006,24.88502913876961,interp,28.0,56.0,202006,202007,5,3,2,7.0,10893.5,10850.0,0.7052785923753666,31.0,empirical,202005(d0):dte=0 < 1,0.0,21.0,28.0,21.13101510734164
2020-05-21,18.42270456986758,interp,6.0,27.0,202005W4,202006,21.163691086512664,interp,6.0,27.0,202005W4,202006,22.29495775600815,interp,27.0,55.0,202006,202007,6,2,2,6.0,10981.5,10950.0,0.6370967741935484,31.0,empirical,,21.0,21.0,28.0,21.30752716671084
2020-05-22,23.48679506163964,interp,5.0,26.0,202005W4,202006,25.727097040357627,interp,5.0,26.0,202005W4,202006,26.179274202878062,interp,26.0,54.0,202006,202007,6,2,2,5.0,10789.0,10750.0,0.5432263814616756,34.0,empirical,,21.0,21.0,28.0,20.916679035250468
2020-05-25,24.119590714171483,interp,2.0,23.0,202005W4,202006,24.981236970324773,interp,2.0,23.0,202005W4,202006,24.82256194202701,interp,23.0,51.0,202006,202007,6,2,2,2.0,10859.5,10850.0,0.536541889483066,34.0,empirical,,21.0,21.0,28.0,21.055367081897696
2020-05-26,23.19826231746457,interp,1.0,22.0,202005W4,202006,23.39110008251108,interp,1.0,22.0,202005W4,202006,23.237138568122337,interp,22.0,50.0,202006,202007,6,2,2,1.0,11008.25,11000.0,0.4928698752228164,34.0,empirical,,21.0,21.0,28.0,21.294919162470187
2020-05-27,19.00031667374684,exact,7.0,7.0,202006W1,202006W1,22.575421120192846,interp,7.0,21.0,202006W1,202006,23.382172914069653,interp,21.0,49.0,202006,202007,6,3,2,7.0,11003.0,11000.0,0.65,30.0,empirical,202005W4(d0):dte=0 < 1,0.0,14.0,28.0,21.269703153988868
2020-05-28,21.53926978781673,interp,6.0,20.0,202006W1,202006,24.352535431067896,interp,6.0,20.0,202006W1,202006,24.60298517440837,interp,20.0,48.0,202006,202007,6,2,2,6.0,10941.5,10900.0,0.6209677419354839,31.0,empirical,,14.0,14.0,28.0,21.143623111582297
2020-05-29,21.09976180108496,interp,5.0,19.0,202006W1,202006,23.591023447007924,interp,5.0,19.0,202006W1,202006,24.00726036309568,interp,19.0,47.0,202006,202007,6,2,2,5.0,10946.0,10900.0,0.5629734848484849,32.0,empirical,,14.0,14.0,28.0,21.294919162470187
2020-06-01,22.93510319166974,interp,2.0,16.0,202006W1,202006,23.39628782285793,interp,2.0,16.0,202006W1,202006,23.2101041753831,interp,16.0,44.0,202006,202007,6,2,2,2.0,11079.0,11050.0,0.5160984848484849,32.0,empirical,,14.0,14.0,28.0,21.408391200636103
2020-06-02,22.42605387238666,interp,1.0,15.0,202006W1,202006,22.49659922836372,interp,1.0,15.0,202006W1,202006,22.569919682795017,interp,15.0,43.0,202006,202007,6,2,2,1.0,11129.75,11100.0,0.4545454545454546,33.0,empirical,,14.0,14.0,28.0,21.50925523456136
2020-06-03,19.30229037377175,exact,7.0,7.0,202006W2,202006W2,21.566123289409063,exact,14.0,14.0,202006,202006,22.005803976380825,interp,14.0,42.0,202006,202007,6,3,2,7.0,11301.5,11300.0,0.591642228739003,31.0,empirical,202006W1(d0):dte=0 < 1,0.0,0.0,28.0,21.88749536178108
2020-06-04,19.62548339440744,interp,6.0,13.0,202006W2,202006,21.31096327140167,interp,13.0,41.0,202006,202007,21.328007586465763,interp,13.0,41.0,202006,202007,6,2,2,6.0,11373.5,11350.0,0.5846638655462185,35.0,empirical,,7.0,28.0,28.0,22.089223429631595
2020-06-05,18.4621295115735,interp,5.0,12.0,202006W2,202006,20.11036138193876,interp,12.0,40.0,202006,202007,20.13624548551149,interp,12.0,40.0,202006,202007,6,3,3,5.0,11474.5,11450.0,0.545656910107038,36.0,empirical,,7.0,28.0,28.0,22.27834349324145
2020-06-08,22.00770829958972,interp,2.0,9.0,202006W2,202006,21.21290589228561,interp,9.0,37.0,202006,202007,20.33644331557095,interp,9.0,37.0,202006,202007,6,3,3,2.0,11589.5,11550.0,0.537073102120086,38.0,empirical,,7.0,28.0,28.0,22.568327590776573
2020-06-09,23.15333079157779,interp,1.0,8.0,202006W2,202006,21.74175449801836,interp,8.0,36.0,202006,202007,20.66182875539309,interp,8.0,36.0,202006,202007,6,3,3,1.0,11628.5,11600.0,0.4812065511959467,41.0,empirical,,7.0,28.0,28.0,22.593543599257885
2020-06-10,21.215322020199803,exact,7.0,7.0,202006,202006,20.888708204006164,interp,7.0,35.0,202006,202007,20.71240834632296,interp,7.0,35.0,202006,202007,5,3,2,7.0,11704.0,11700.0,0.5449561403508772,48.0,empirical,202006W2(d0):dte=0 < 1,0.0,28.0,28.0,22.807879671349063
2020-06-11,23.094187153895675,interp,6.0,34.0,202006,202007,22.934849395685173,interp,6.0,34.0,202006,202007,22.849414936448905,interp,6.0,34.0,202006,202007,5,2,2,6.0,11490.0,11450.0,0.5290423861852434,49.0,empirical,,28.0,28.0,28.0,22.454855552610656
2020-06-12,26.02205748943066,interp,5.0,33.0,202006,202007,26.13561600611215,interp,5.0,33.0,202006,202007,26.195979264726702,interp,5.0,33.0,202006,202007,5,2,2,5.0,11395.5,11350.0,0.5864117799018341,49.0,empirical,,28.0,28.0,28.0,22.25312748476014
2020-06-15,30.10344126460509,interp,2.0,30.0,202006,202007,29.36606123493177,interp,2.0,30.0,202006,202007,28.965117294962816,exact,30.0,30.0,202007,202007,5,2,2,2.0,11227.0,11200.0,0.5690051020408163,49.0,empirical,,28.0,28.0,0.0,21.93792737874371
2020-06-16,24.87916612706344,interp,1.0,29.0,202006,202007,24.78933933119664,interp,1.0,29.0,202006,202007,24.633216231671867,interp,29.0,64.0,202007,202008,5,2,2,1.0,11525.25,11500.0,0.4988662131519274,49.0,empirical,,28.0,28.0,35.0,22.417031539888686
2020-06-17,19.668614964495266,exact,7.0,7.0,202006W4,202006W4,22.62252147350898,interp,7.0,28.0,202006W4,202007,23.81924096775446,interp,28.0,63.0,202007,202008,5,3,2,7.0,11501.0,11500.0,0.737563775510204,32.0,empirical,202006(d0):dte=0 < 1,0.0,21.0,35.0,22.44224754837
2020-06-18,19.202176864546423,interp,6.0,27.0,202006W4,202007,21.965071085572006,interp,6.0,27.0,202006W4,202007,23.06310183519673,interp,27.0,62.0,202007,202008,6,2,2,6.0,11539.0,11500.0,0.7464923469387755,32.0,empirical,,21.0,21.0,35.0,22.417031539888686
2020-06-19,18.807595138421096,interp,5.0,26.0,202006W4,202007,21.25528940984988,interp,5.0,26.0,202006W4,202007,22.29789470256545,interp,26.0,61.0,202007,202008,6,2,2,5.0,11555.0,11550.0,0.6802721088435374,33.0,empirical,,21.0,21.0,35.0,22.404423535648025
2020-06-22,22.3698133864516,interp,2.0,23.0,202006W4,202007,22.690713049838912,interp,2.0,23.0,202006W4,202007,22.681266669168146,interp,23.0,58.0,202007,202008,6,2,2,2.0,11566.0,11550.0,0.6298701298701299,33.0,empirical,,21.0,21.0,35.0,22.454855552610656
2020-06-23,22.083142688433384,interp,1.0,22.0,202006W4,202007,22.202599694266244,interp,1.0,22.0,202006W4,202007,22.171027550813243,interp,22.0,57.0,202007,202008,6,2,2,1.0,11600.0,11600.0,0.4829931972789115,33.0,empirical,,21.0,21.0,35.0,22.555719586535915
2020-06-24,17.005018459502686,exact,7.0,7.0,202007W1,202007W1,21.0743148758438,interp,7.0,21.0,202007W1,202007,22.217211039477007,interp,21.0,56.0,202007,202008,6,3,2,7.0,11636.5,11600.0,0.7423469387755102,32.0,empirical,202006W4(d0):dte=0 < 1,0.0,14.0,35.0,22.694407633183147
2020-06-29,25.02412546278752,interp,2.0,16.0,202007W1,202007,25.26500087291469,interp,2.0,16.0,202007W1,202007,24.398832700924704,interp,16.0,51.0,202007,202008,6,2,2,2.0,11481.5,11450.0,0.6042053184910328,33.0,empirical,,14.0,14.0,35.0,22.46746355685132
2020-06-30,21.2355272920513,interp,1.0,15.0,202007W1,202007,21.499374764895947,interp,1.0,15.0,202007W1,202007,22.14005746934518,interp,15.0,50.0,202007,202008,6,2,2,1.0,11591.25,11550.0,0.3714285714285714,35.0,empirical,,14.0,14.0,35.0,22.66919162470183
2020-07-01,16.52773782998535,exact,7.0,7.0,202007W2,202007W2,20.45376748364849,exact,14.0,14.0,202007,202007,21.20638308008389,interp,14.0,49.0,202007,202008,6,3,2,7.0,11606.0,11600.0,0.6613520408163265,32.0,empirical,202007W1(d0):dte=0 < 1,0.0,0.0,35.0,22.82048767558972
2020-07-02,17.4843865251644,interp,6.0,13.0,202007W2,202007,19.592825761120107,interp,13.0,48.0,202007,202008,20.38047500948696,interp,13.0,48.0,202007,202008,6,2,2,6.0,11755.0,11750.0,0.6047418967587035,34.0,empirical,,7.0,35.0,35.0,23.072647760402862
2020-07-03,18.114133065413814,interp,5.0,12.0,202007W2,202007,19.916341854821063,interp,12.0,47.0,202007,202008,20.512348514665245,interp,12.0,47.0,202007,202008,6,2,2,5.0,11891.5,11850.0,0.5216666666666667,36.0,empirical,,7.0,35.0,35.0,23.33741584945667
2020-07-06,22.902516483090874,interp,2.0,9.0,202007W2,202007,22.06329951991432,interp,9.0,44.0,202007,202008,21.34415803050728,interp,9.0,44.0,202007,202008,6,2,2,2.0,12112.0,12100.0,0.6146304675716441,39.0,empirical,,7.0,35.0,35.0,23.740871985157703
2020-07-07,21.96302976286546,interp,1.0,8.0,202007W2,202007,21.79023076994888,interp,8.0,43.0,202007,202008,21.65068866400556,interp,8.0,43.0,202007,202008,6,2,2,1.0,12073.75,12050.0,0.3479758828596038,43.0,empirical,,7.0,35.0,35.0,23.829128014842304
2020-07-08,20.67093560019361,exact,7.0,7.0,202007,202007,21.335495809900674,interp,7.0,42.0,202007,202008,21.681600716967115,interp,7.0,42.0,202007,202008,5,2,1,7.0,12133.0,12100.0,0.5161290322580645,62.0,empirical,202007W2(d0):dte=0 < 1,0.0,35.0,35.0,23.993032069970848
2020-07-09,19.64810996234196,interp,6.0,41.0,202007,202008,20.761912686359203,interp,6.0,41.0,202007,202008,21.33217542019538,interp,6.0,41.0,202007,202008,5,1,1,6.0,12150.0,12150.0,0.4516129032258064,62.0,empirical,,35.0,35.0,35.0,24.06868009541479
2020-07-10,21.08406834572348,interp,5.0,40.0,202007,202008,22.13980868783773,interp,5.0,40.0,202007,202008,22.68278709627804,interp,5.0,40.0,202007,202008,5,2,2,5.0,11998.5,11950.0,0.5442708333333333,51.0,empirical,,35.0,35.0,35.0,23.86695202756428
2020-07-13,21.34866436729113,interp,2.0,37.0,202007,202008,21.516949364670136,interp,2.0,37.0,202007,202008,21.60616542715364,interp,2.0,37.0,202007,202008,5,2,2,2.0,12206.0,12200.0,0.4993872549019608,51.0,empirical,,35.0,35.0,35.0,24.21997614630268
2020-07-14,22.8423957515758,interp,1.0,36.0,202007,202008,22.90476785867663,interp,1.0,36.0,202007,202008,22.9379636349932,interp,1.0,36.0,202007,202008,5,2,2,1.0,12187.75,12150.0,0.4955575980392157,51.0,empirical,,35.0,35.0,35.0,24.371272197190567
2020-07-15,19.696931919522985,exact,7.0,7.0,202007W4,202007W4,21.567607188341817,interp,7.0,35.0,202007W4,202008,22.501800846103443,interp,7.0,35.0,202007W4,202008,5,3,2,7.0,12212.5,12200.0,0.8019607843137255,35.0,empirical,202007(d0):dte=0 < 1,0.0,28.0,28.0,24.472136231115822
2020-07-16,19.159494614108887,interp,6.0,34.0,202007W4,202008,20.996637460354123,interp,6.0,34.0,202007W4,202008,21.91356075707615,interp,6.0,34.0,202007W4,202008,6,2,2,6.0,12162.0,12150.0,0.7056022408963585,35.0,empirical,,28.0,28.0,28.0,24.23258415054333
2020-07-17,18.05562919399568,interp,5.0,33.0,202007W4,202008,19.968451205300145,interp,5.0,33.0,202007W4,202008,20.91722103380508,interp,5.0,33.0,202007W4,202008,6,2,2,5.0,12168.5,12150.0,0.6627450980392157,35.0,empirical,,28.0,28.0,28.0,24.5099602438378
2020-07-20,20.07340720889664,interp,2.0,30.0,202007W4,202008,20.20844909339444,interp,2.0,30.0,202007W4,202008,20.2801037533404,exact,30.0,30.0,202008,202008,6,2,2,2.0,12170.0,12150.0,0.6145658263305322,35.0,empirical,,28.0,28.0,0.0,24.472136231115822
2020-07-21,20.102971897346315,interp,1.0,29.0,202007W4,202008,20.142832523015272,interp,1.0,29.0,202007W4,202008,20.30677674055916,interp,29.0,57.0,202008,202009,6,2,2,1.0,12421.0,12400.0,0.5761904761904761,35.0,empirical,,28.0,28.0,28.0,24.888200371057515
2020-07-22,17.05947872267748,exact,7.0,7.0,202007W5,202007W5,19.04530450445138,interp,7.0,28.0,202007W5,202008,20.21890621736633,interp,28.0,56.0,202008,202009,6,3,2,7.0,12421.0,12400.0,0.7490566037735849,35.0,empirical,202007W4(d0):dte=0 < 1,0.0,21.0,28.0,24.951240392260804
2020-07-23,18.416193659882392,interp,6.0,27.0,202007W5,202008,20.025739395113867,interp,6.0,27.0,202007W5,202008,21.15148934440005,interp,27.0,55.0,202008,202009,6,2,2,6.0,12390.5,12350.0,0.6296296296296295,36.0,empirical,,21.0,21.0,28.0,24.926024383779485
2020-07-24,22.68916921032426,interp,5.0,26.0,202007W5,202008,23.425053949535272,interp,5.0,26.0,202007W5,202008,24.01563830147181,interp,26.0,54.0,202008,202009,6,2,2,5.0,12256.5,12250.0,0.6435185185185186,36.0,empirical,,21.0,21.0,28.0,24.837768354094887
2020-07-27,24.835861573396425,interp,2.0,23.0,202007W5,202008,24.58523314481525,interp,2.0,23.0,202007W5,202008,24.85809367547813,interp,23.0,51.0,202008,202009,6,2,2,2.0,12606.5,12600.0,0.6822612085769981,38.0,empirical,,21.0,21.0,28.0,26.048136761197988
2020-07-28,28.265365244738227,interp,1.0,22.0,202007W5,202008,28.03178728608365,interp,1.0,22.0,202007W5,202008,27.767462622705075,interp,22.0,50.0,202008,202009,6,2,2,1.0,12558.0,12550.0,0.77450110864745,41.0,empirical,,21.0,21.0,28.0,26.12378478664193
2020-07-29,21.80861568193156,exact,7.0,7.0,202008W1,202008W1,24.90348570262193,interp,7.0,21.0,202008W1,202008,26.32849970889709,interp,21.0,49.0,202008,202009,6,3,2,7.0,12520.0,12500.0,0.7272727272727273,35.0,empirical,202007W5(d0):dte=0 < 1,0.0,14.0,28.0,25.859016697588128
2020-07-30,23.37687565720833,interp,6.0,20.0,202008W1,202008,24.54535039053324,interp,6.0,20.0,202008W1,202008,25.508119978609063,interp,20.0,48.0,202008,202009,6,2,2,6.0,12679.0,12650.0,0.6797979797979798,36.0,empirical,,14.0,14.0,28.0,26.237256824807847
2020-07-31,24.265012807737136,interp,5.0,19.0,202008W1,202008,25.154773010054903,interp,5.0,19.0,202008W1,202008,26.282338218170064,interp,19.0,47.0,202008,202009,6,2,2,5.0,12659.0,12650.0,0.631578947368421,38.0,empirical,,14.0,14.0,28.0,26.17421680360456
2020-08-03,25.21424841562926,interp,2.0,16.0,202008W1,202008,24.98511554829543,interp,2.0,16.0,202008W1,202008,26.34470131495578,interp,16.0,44.0,202008,202009,6,2,2,2.0,12526.5,12500.0,0.7105263157894737,38.0,empirical,,14.0,14.0,28.0,25.720328650940896
2020-08-04,22.03767335229978,interp,1.0,15.0,202008W1,202008,22.12509932416189,interp,1.0,15.0,202008W1,202008,24.15424362967993,interp,15.0,43.0,202008,202009,6,2,2,1.0,12713.75,12700.0,0.5242914979757085,39.0,empirical,,14.0,14.0,28.0,26.048136761197988
2020-08-05,18.304021100419032,exact,7.0,7.0,202008W2,202008W2,21.35654379070705,exact,14.0,14.0,202008,202008,23.735324209504466,interp,14.0,42.0,202008,202009,6,3,2,7.0,12793.0,12750.0,0.6774436090225564,35.0,empirical,202008W1(d0):dte=0 < 1,0.0,0.0,28.0,26.300296846011133
2020-08-06,20.364413036512545,interp,6.0,13.0,202008W2,202008,22.320259592394283,interp,13.0,41.0,202008,202009,24.03187366408937,interp,13.0,41.0,202008,202009,6,2,2,6.0,12881.0,12850.0,0.6418918918918919,37.0,empirical,,7.0,28.0,28.0,26.5776729393056
2020-08-07,20.228097554261268,interp,5.0,12.0,202008W2,202008,22.290108265588675,interp,12.0,40.0,202008,202009,24.259619776268536,interp,12.0,40.0,202008,202009,6,3,3,5.0,12808.5,12800.0,0.5907981280040476,40.0,empirical,,7.0,28.0,28.0,26.388552875695737
2020-08-10,22.14416345817233,interp,2.0,9.0,202008W2,202008,23.18720946558863,interp,9.0,37.0,202008,202009,24.16075236053996,interp,9.0,37.0,202008,202009,6,3,3,2.0,12899.0,12850.0,0.5631145121848385,40.0,empirical,,7.0,28.0,28.0,26.62810495626822
2020-08-11,21.86300181279072,interp,1.0,8.0,202008W2,202008,23.096322055425247,interp,8.0,36.0,202008,202009,23.93267594684277,interp,8.0,36.0,202008,202009,6,3,3,1.0,12772.25,12750.0,0.5051732861118138,40.0,empirical,,7.0,28.0,28.0,26.426376888417707
2020-08-12,19.48121981049057,exact,7.0,7.0,202008,202008,22.07746898375068,interp,7.0,35.0,202008,202009,23.34436868899747,interp,7.0,35.0,202008,202009,5,3,2,7.0,12656.5,12650.0,0.5373134328358209,67.0,empirical,202008W2(d0):dte=0 < 1,0.0,28.0,28.0,26.03552875695733
2020-08-13,19.09673242658848,interp,6.0,34.0,202008,202009,21.03392036589388,interp,6.0,34.0,202008,202009,21.99744230900473,interp,6.0,34.0,202008,202009,5,2,2,6.0,12726.5,12700.0,0.4816725197541703,67.0,empirical,,28.0,28.0,28.0,26.287688841770475
2020-08-14,19.201008829336526,interp,5.0,33.0,202008,202009,21.07915827076968,interp,5.0,33.0,202008,202009,22.01542048622822,interp,5.0,33.0,202008,202009,5,2,2,5.0,12790.0,12750.0,0.5409350307287093,67.0,empirical,,28.0,28.0,28.0,26.350728862973764
2020-08-17,21.21795306755564,interp,2.0,30.0,202008,202009,21.38606552186018,interp,2.0,30.0,202008,202009,21.475187397872105,exact,30.0,30.0,202009,202009,5,2,2,2.0,12955.0,12950.0,0.5492756804214223,67.0,empirical,,28.0,28.0,0.0,26.62810495626822
2020-08-18,21.50706868440778,interp,1.0,29.0,202008,202009,21.684081172899493,interp,1.0,29.0,202008,202009,21.70026500045226,interp,29.0,64.0,202009,202010,5,2,2,1.0,12878.25,12850.0,0.436188622106857,67.0,empirical,,28.0,28.0,35.0,26.47680890538033
2020-08-19,17.558575914962233,exact,7.0,7.0,202008W4,202008W4,20.46253752328854,interp,7.0,28.0,202008W4,202009,21.64008359774257,interp,28.0,63.0,202009,202010,5,3,2,7.0,12786.5,12750.0,0.7023217247097844,36.0,empirical,202008(d0):dte=0 < 1,0.0,21.0,35.0,26.287688841770475
2020-08-20,26.53435595460501,interp,6.0,27.0,202008W4,202009,28.05975025170601,interp,6.0,27.0,202008W4,202009,27.99694636397044,interp,27.0,62.0,202009,202010,6,2,2,6.0,12351.5,12300.0,0.7426381605486083,37.0,empirical,,21.0,21.0,35.0,25.367304532202493
2020-08-21,20.84056200121609,interp,5.0,26.0,202008W4,202009,23.672198909562105,interp,5.0,26.0,202008W4,202009,24.19359124909485,interp,26.0,61.0,202009,202010,6,2,2,5.0,12592.5,12550.0,0.6205638474295191,45.0,empirical,,21.0,21.0,35.0,25.922056718791413
2020-08-24,23.697430656644304,interp,2.0,23.0,202008W4,202009,24.03328541456608,interp,2.0,23.0,202008W4,202009,23.29116822904783,interp,23.0,58.0,202009,202010,6,2,2,2.0,12642.0,12600.0,0.591044776119403,45.0,empirical,,21.0,21.0,35.0,25.99770474423536
2020-08-25,23.602257854391432,interp,1.0,22.0,202008W4,202009,23.86210756413333,interp,1.0,22.0,202008W4,202009,22.98214045739856,interp,22.0,57.0,202009,202010,6,2,2,1.0,12772.25,12750.0,0.4985074626865671,45.0,empirical,,21.0,21.0,35.0,26.19943281208588
2020-08-26,18.45720435961009,exact,7.0,7.0,202009W1,202009W1,22.097619828877992,interp,7.0,21.0,202009W1,202009,22.38815296903501,interp,21.0,56.0,202009,202010,6,3,2,7.0,12822.0,12800.0,0.691044776119403,35.0,empirical,202008W4(d0):dte=0 < 1,0.0,14.0,35.0,26.300296846011133
2020-08-27,19.4368782263356,interp,6.0,20.0,202009W1,202009,22.21641866560512,interp,6.0,20.0,202009W1,202009,22.38039431738348,interp,20.0,55.0,202009,202010,6,2,2,6.0,12787.0,12750.0,0.6530859217426381,37.0,empirical,,14.0,14.0,35.0,26.36333686721441
2020-08-28,21.02095217261777,interp,5.0,19.0,202009W1,202009,23.143394375636767,interp,5.0,19.0,202009W1,202009,23.007233852784942,interp,19.0,54.0,202009,202010,6,2,2,5.0,12721.0,12700.0,0.5467930617184349,37.0,empirical,,14.0,14.0,35.0,26.09856877816061
2020-08-31,24.88736908240881,interp,2.0,16.0,202009W1,202009,25.060512736708603,interp,2.0,16.0,202009W1,202009,23.70609462493397,interp,16.0,51.0,202009,202010,6,2,2,2.0,12624.0,12600.0,0.5602906520031422,38.0,empirical,,14.0,14.0,35.0,25.66989663397827
2020-09-01,23.22678419602617,interp,1.0,15.0,202009W1,202009,23.51690084204744,interp,1.0,15.0,202009W1,202009,22.703713816489174,interp,15.0,50.0,202009,202010,6,2,2,1.0,12710.0,12700.0,0.4440298507462686,40.0,empirical,,14.0,14.0,35.0,26.06074476543864
2020-09-02,19.155611200240617,exact,7.0,7.0,202009W2,202009W2,22.97448181034688,exact,14.0,14.0,202009,202009,22.19826928867512,interp,14.0,49.0,202009,202010,6,3,2,7.0,12715.0,12700.0,0.7786780383795309,35.0,empirical,202009W1(d0):dte=0 < 1,0.0,0.0,35.0,25.972488735754045
2020-09-03,19.700994613224644,interp,6.0,13.0,202009W2,202009,22.37247953386054,interp,13.0,48.0,202009,202010,21.845805824545696,interp,13.0,48.0,202009,202010,6,2,2,6.0,12747.5,12700.0,0.5294243070362473,35.0,empirical,,7.0,35.0,35.0,26.048136761197988
2020-09-04,23.138035503832448,interp,5.0,12.0,202009W2,202009,24.769307173093143,interp,12.0,47.0,202009,202010,23.59334755622035,interp,12.0,47.0,202009,202010,6,2,2,5.0,12629.0,12600.0,0.6127694859038143,36.0,empirical,,7.0,35.0,35.0,25.859016697588128
2020-09-07,25.729616638528825,interp,2.0,9.0,202009W2,202009,24.79118505751131,interp,9.0,44.0,202009,202010,23.683363625778583,interp,9.0,44.0,202009,202010,6,2,2,2.0,12599.5,12550.0,0.4703509479628882,37.0,empirical,,7.0,35.0,35.0,25.82119268486616
2020-09-08,23.56055341813333,interp,1.0,8.0,202009W2,202009,22.97132876531609,interp,8.0,43.0,202009,202010,22.484152776856288,interp,8.0,43.0,202009,202010,6,2,2,1.0,12684.25,12650.0,0.4308719560094265,38.0,empirical,,7.0,35.0,35.0,25.972488735754045
2020-09-09,23.213623196995524,exact,7.0,7.0,202009,202009,22.710778092410727,interp,7.0,42.0,202009,202010,22.437986749388365,interp,7.0,42.0,202009,202010,5,2,1,7.0,12599.5,12550.0,0.4324324324324324,74.0,empirical,202009W2(d0):dte=0 < 1,0.0,35.0,35.0,25.79597667638484
2020-09-10,19.954915044879968,interp,6.0,41.0,202009,202010,20.52280185740759,interp,6.0,41.0,202009,202010,20.81934202325084,interp,6.0,41.0,202009,202010,5,1,1,6.0,12698.0,12650.0,0.4266666666666667,75.0,empirical,,35.0,35.0,35.0,26.022920752716672
2020-09-11,19.78238067468871,interp,5.0,40.0,202009,202010,20.50784832144545,interp,5.0,40.0,202009,202010,20.884462649807595,interp,5.0,40.0,202009,202010,5,2,2,5.0,12662.5,12650.0,0.5712486002239642,47.0,empirical,,35.0,35.0,35.0,26.03552875695733
2020-09-14,19.688386273188907,interp,2.0,37.0,202009,202010,19.6112590516315,interp,2.0,37.0,202009,202010,19.57000024567572,interp,2.0,37.0,202009,202010,5,2,2,2.0,12785.0,12750.0,0.5925251959686451,47.0,empirical,,35.0,35.0,35.0,26.36333686721441
2020-09-15,18.947948643821,interp,1.0,36.0,202009,202010,18.88771560965437,interp,1.0,36.0,202009,202010,18.85551264998497,interp,1.0,36.0,202009,202010,5,2,2,1.0,12842.5,12800.0,0.5045592705167173,47.0,empirical,,35.0,35.0,35.0,26.46420090113968
2020-09-16,17.922660315012987,exact,7.0,7.0,202009W4,202009W4,18.336357513655944,interp,7.0,35.0,202009W4,202010,18.55322458197716,interp,7.0,35.0,202009W4,202010,5,3,2,7.0,12932.0,12900.0,0.7474164133738602,35.0,empirical,202009(d0):dte=0 < 1,0.0,28.0,28.0,26.86765703684071
2020-09-17,17.325705318211135,interp,6.0,34.0,202009W4,202010,18.490786520686093,interp,6.0,34.0,202009W4,202010,19.08310031300745,interp,6.0,34.0,202009W4,202010,6,2,2,6.0,12856.5,12850.0,0.6831140350877194,38.0,empirical,,28.0,28.0,28.0,26.5776729393056
2020-09-18,16.87182008052245,interp,5.0,33.0,202009W4,202010,18.17608485739653,interp,5.0,33.0,202009W4,202010,18.83479916618751,interp,5.0,33.0,202009W4,202010,6,2,2,5.0,12873.0,12850.0,0.6644736842105263,38.0,empirical,,28.0,28.0,28.0,26.55245693082428
2020-09-21,21.60210938909997,interp,2.0,30.0,202009W4,202010,21.011200450476387,interp,2.0,30.0,202009W4,202010,20.689149297869733,exact,30.0,30.0,202010,202010,6,2,2,2.0,12722.0,12700.0,0.638157894736842,38.0,empirical,,28.0,28.0,0.0,26.338120858733102
2020-09-22,22.116168289282555,interp,1.0,29.0,202009W4,202010,21.92481238450392,interp,1.0,29.0,202009W4,202010,21.911361297511792,interp,29.0,57.0,202010,202011,6,2,2,1.0,12625.0,12600.0,0.6266025641025641,39.0,empirical,,28.0,28.0,28.0,25.99770474423536
2020-09-23,18.34552948105039,exact,7.0,7.0,202009W5,202009W5,19.727147885338027,interp,7.0,28.0,202009W5,202010,20.65872726805081,interp,28.0,56.0,202010,202011,6,3,2,7.0,12602.0,12600.0,0.781547619047619,35.0,empirical,202009W4(d0):dte=0 < 1,0.0,21.0,28.0,25.959880731513387
2020-09-24,21.61945303133542,interp,6.0,27.0,202009W5,202010,22.328070365574,interp,6.0,27.0,202009W5,202010,22.838791216490826,interp,27.0,55.0,202010,202011,6,2,2,6.0,12250.0,12250.0,0.7152777777777778,36.0,empirical,,21.0,21.0,28.0,25.329480519480523
2020-09-25,20.20814417464883,interp,5.0,26.0,202009W5,202010,21.202255615131328,interp,5.0,26.0,202009W5,202010,22.22298581372263,interp,26.0,54.0,202010,202011,6,2,2,5.0,12247.5,12200.0,0.6220238095238095,42.0,empirical,,21.0,21.0,28.0,25.37991253644315
2020-09-28,19.56780072285841,interp,2.0,23.0,202009W5,202010,19.803153828646654,interp,2.0,23.0,202009W5,202010,21.17615661688052,interp,23.0,51.0,202010,202011,6,2,2,2.0,12459.0,12450.0,0.5476190476190476,42.0,empirical,,21.0,21.0,28.0,25.79597667638484
2020-09-29,19.6072869900786,interp,1.0,22.0,202009W5,202010,19.70551624961247,interp,1.0,22.0,202009W5,202010,21.182851847556663,interp,22.0,50.0,202010,202011,6,2,2,1.0,12453.5,12450.0,0.4538690476190476,42.0,empirical,,21.0,21.0,28.0,25.859016697588128
2020-09-30,17.953452654703472,exact,7.0,7.0,202010W1,202010W1,19.660754405774664,interp,7.0,21.0,202010W1,202010,21.64754365612163,interp,21.0,49.0,202010,202011,6,3,2,7.0,12499.0,12450.0,0.7009803921568627,34.0,empirical,202009W5(d0):dte=0 < 1,0.0,14.0,28.0,25.972488735754045
2020-10-05,20.39398927693912,interp,2.0,16.0,202010W1,202010,20.54905149105928,interp,2.0,16.0,202010W1,202010,22.44664910576334,interp,16.0,44.0,202010,202011,6,2,2,2.0,12561.5,12550.0,0.5982142857142857,35.0,empirical,,14.0,14.0,28.0,25.9850967399947
2020-10-06,18.425481961018715,interp,1.0,15.0,202010W1,202010,18.61134438548753,interp,1.0,15.0,202010W1,202010,21.11100825631056,interp,15.0,43.0,202010,202011,6,2,2,1.0,12703.75,12700.0,0.4548611111111111,36.0,empirical,,14.0,14.0,28.0,26.287688841770475
2020-10-07,14.451958204450566,exact,7.0,7.0,202010W2,202010W2,17.572893225285725,exact,14.0,14.0,202010,202010,20.257387429513,interp,14.0,42.0,202010,202011,6,3,2,7.0,12780.5,12750.0,0.6279761904761905,35.0,empirical,202010W1(d0):dte=0 < 1,0.0,0.0,28.0,26.426376888417707
2020-10-08,16.00373940860312,interp,6.0,13.0,202010W2,202010,18.535996327470887,interp,13.0,41.0,202010,202011,20.48303814702607,interp,13.0,41.0,202010,202011,6,2,2,6.0,12895.5,12850.0,0.6458333333333333,36.0,empirical,,7.0,28.0,28.0,26.77940100715611
2020-10-12,18.60656174642944,interp,2.0,9.0,202010W2,202010,20.088797890505667,interp,9.0,37.0,202010,202011,21.26716450368728,interp,9.0,37.0,202010,202011,6,3,3,2.0,12946.0,12900.0,0.6009615384615384,39.0,empirical,,7.0,28.0,28.0,26.993737079247285
2020-10-13,18.337993248923272,interp,1.0,8.0,202010W2,202010,20.438463396556585,interp,8.0,36.0,202010,202011,21.77957036611969,interp,8.0,36.0,202010,202011,6,3,3,1.0,12956.25,12950.0,0.5111111111111111,40.0,empirical,,7.0,28.0,28.0,27.00634508348794
2020-10-14,17.09195822369777,exact,7.0,7.0,202010,202010,20.19474518862957,interp,7.0,35.0,202010,202011,21.66865259156576,interp,7.0,35.0,202010,202011,5,3,2,7.0,12890.0,12850.0,0.6880681818181817,48.0,empirical,202010W2(d0):dte=0 < 1,0.0,28.0,28.0,26.905481049562685
2020-10-15,18.541034224963354,interp,6.0,34.0,202010,202011,21.004341315061303,interp,6.0,34.0,202010,202011,22.206657474400927,interp,6.0,34.0,202010,202011,5,2,2,6.0,12842.0,12800.0,0.6428571428571428,48.0,empirical,,28.0,28.0,28.0,26.65332096474954
2020-10-16,18.82423459822206,interp,5.0,33.0,202010,202011,21.021327157798872,interp,5.0,33.0,202010,202011,22.1039936516137,interp,5.0,33.0,202010,202011,5,2,2,5.0,12747.5,12700.0,0.5581140350877193,48.0,empirical,,28.0,28.0,28.0,26.539848926583623
2020-10-19,20.34875607324526,interp,2.0,30.0,202010,202011,20.9498563592042,interp,2.0,30.0,202010,202011,21.263496238094927,exact,30.0,30.0,202011,202011,5,2,2,2.0,12896.0,12850.0,0.5279605263157895,48.0,empirical,,28.0,28.0,0.0,26.88026504108137
2020-10-20,21.36637084049321,interp,1.0,29.0,202010,202011,21.60547390515712,interp,1.0,29.0,202010,202011,21.905367350912485,interp,29.0,57.0,202011,202012,5,2,2,1.0,12855.75,12850.0,0.4665570175438596,48.0,empirical,,28.0,28.0,28.0,26.728968990193483
2020-10-21,15.475772143811971,exact,7.0,7.0,202010W4,202010W4,19.694383609637857,interp,7.0,28.0,202010W4,202011,21.86928086498721,interp,28.0,56.0,202011,202012,5,3,2,7.0,12854.5,12850.0,0.7333333333333334,35.0,empirical,202010(d0):dte=0 < 1,0.0,21.0,28.0,26.716360985952825
2020-10-22,15.866833210511691,interp,6.0,27.0,202010W4,202011,19.58152620033468,interp,6.0,27.0,202010W4,202011,21.775489545958653,interp,27.0,55.0,202011,202012,6,2,2,6.0,12891.5,12850.0,0.6493055555555556,36.0,empirical,,21.0,21.0,28.0,26.754184998674795
2020-10-23,15.30591589233971,interp,5.0,26.0,202010W4,202011,19.04932931292067,interp,5.0,26.0,202010W4,202011,21.38844373787453,interp,26.0,54.0,202011,202012,6,2,2,5.0,12895.5,12850.0,0.6109234234234234,37.0,empirical,,21.0,21.0,28.0,26.754184998674795
2020-10-26,19.952049962380165,interp,2.0,23.0,202010W4,202011,20.917178366532823,interp,2.0,23.0,202010W4,202011,22.25367683763188,interp,23.0,51.0,202011,202012,6,2,2,2.0,12911.5,12900.0,0.5974099099099099,37.0,empirical,,21.0,21.0,28.0,26.754184998674795
2020-10-27,21.33047130535762,interp,1.0,22.0,202010W4,202011,21.784120089408887,interp,1.0,22.0,202010W4,202011,23.00596627726901,interp,22.0,50.0,202011,202012,6,2,2,1.0,12867.25,12850.0,0.5869932432432432,37.0,empirical,,21.0,21.0,28.0,26.60288894778691
2020-10-28,18.97271442915094,exact,7.0,7.0,202011W1,202011W1,21.481002851427768,interp,7.0,21.0,202011W1,202011,23.366732473113323,interp,21.0,49.0,202011,202012,6,3,2,7.0,12791.0,12750.0,0.7083333333333333,36.0,empirical,202010W4(d0):dte=0 < 1,0.0,14.0,28.0,26.47680890538033
2020-10-29,21.727795741690496,interp,6.0,20.0,202011W1,202011,23.36154492354434,interp,6.0,20.0,202011W1,202011,24.66189938513393,interp,20.0,48.0,202011,202012,6,2,2,6.0,12660.0,12650.0,0.6784909909909911,37.0,empirical,,14.0,14.0,28.0,26.186824807845216
2020-10-30,25.20988157717911,interp,5.0,19.0,202011W1,202011,26.195068761765324,interp,5.0,19.0,202011W1,202011,26.65666648005431,interp,19.0,47.0,202011,202012,6,2,2,5.0,12480.5,12450.0,0.6708333333333334,40.0,empirical,,14.0,14.0,28.0,25.972488735754045
2020-11-02,26.511799404017207,interp,2.0,16.0,202011W1,202011,26.45187767167132,interp,2.0,16.0,202011W1,202011,26.7266967190658,interp,16.0,44.0,202011,202012,6,2,2,2.0,12586.0,12550.0,0.6294642857142857,42.0,empirical,,14.0,14.0,28.0,26.073352769679303
2020-11-03,25.46536349472027,interp,1.0,15.0,202011W1,202011,25.18597578828732,interp,1.0,15.0,202011W1,202011,25.344111472792047,interp,15.0,43.0,202011,202012,6,2,2,1.0,12732.5,12700.0,0.6056547619047619,42.0,empirical,,14.0,14.0,28.0,26.37594487145508
2020-11-04,20.665581670292948,exact,7.0,7.0,202011W2,202011W2,21.81244352370117,exact,14.0,14.0,202011,202011,23.26835000327014,interp,14.0,42.0,202011,202012,6,3,2,7.0,12895.0,12850.0,0.7229166666666667,35.0,empirical,202011W1(d0):dte=0 < 1,0.0,0.0,28.0,26.766793002915456
2020-11-05,17.44659045778257,interp,6.0,13.0,202011W2,202011,19.57084383566623,interp,13.0,41.0,202011,202012,21.650023687431425,interp,13.0,41.0,202011,202012,6,2,2,6.0,12914.5,12900.0,0.6288377192982456,38.0,empirical,,7.0,28.0,28.0,26.741576994434137
2020-11-06,17.34306785837266,interp,5.0,12.0,202011W2,202011,19.30239388947551,interp,12.0,40.0,202011,202012,21.08601880013056,interp,12.0,40.0,202011,202012,6,3,3,5.0,12954.0,12950.0,0.6465874811463047,39.0,empirical,,7.0,28.0,28.0,26.905481049562685
2020-11-09,19.2794752019036,interp,2.0,9.0,202011W2,202011,19.87762349179708,interp,9.0,37.0,202011,202012,20.391425063278508,interp,9.0,37.0,202011,202012,6,3,3,2.0,13138.0,13100.0,0.6321078431372549,40.0,empirical,,7.0,28.0,28.0,27.258505168301088
2020-11-10,19.457563855463142,interp,1.0,8.0,202011W2,202011,20.13476016793467,interp,8.0,36.0,202011,202012,20.56947890946567,interp,8.0,36.0,202011,202012,6,3,3,1.0,13085.25,13050.0,0.4116299704917356,43.0,empirical,,7.0,28.0,28.0,27.00634508348794
2020-11-11,19.0597925826648,exact,7.0,7.0,202011,202011,19.82223197562525,interp,7.0,35.0,202011,202012,20.2171127266694,interp,7.0,35.0,202011,202012,5,3,2,7.0,13261.5,13250.0,0.6418764302059496,57.0,empirical,202011W2(d0):dte=0 < 1,0.0,28.0,28.0,27.422409223429632
2020-11-12,17.324825281114492,interp,6.0,34.0,202011,202012,18.74759509250321,interp,6.0,34.0,202011,202012,19.46392703119836,interp,6.0,34.0,202011,202012,5,2,2,6.0,13229.0,13200.0,0.613768115942029,60.0,empirical,,28.0,28.0,28.0,27.43501722767029
2020-11-13,16.911517545456014,interp,5.0,33.0,202011,202012,18.38490481339192,interp,5.0,33.0,202011,202012,19.124353181950905,interp,5.0,33.0,202011,202012,5,2,2,5.0,13283.5,13250.0,0.4713768115942029,60.0,empirical,,28.0,28.0,28.0,27.548489265836206
2020-11-16,19.493310899987687,interp,2.0,30.0,202011,202012,19.53570543988021,interp,2.0,30.0,202011,202012,19.558278286577227,exact,30.0,30.0,202012,202012,5,2,2,2.0,13580.0,13550.0,0.4514492753623188,60.0,empirical,,28.0,28.0,0.0,28.44365756692288
2020-11-17,20.007584885307946,interp,1.0,29.0,202011,202012,20.08840449010892,interp,1.0,29.0,202011,202012,20.00252367585483,interp,29.0,64.0,202012,202101,5,2,2,1.0,13623.75,13600.0,0.421875,64.0,empirical,,28.0,28.0,35.0,28.64538563477339
2020-11-18,16.179748712765296,exact,7.0,7.0,202011W4,202011W4,19.072172121002264,interp,7.0,28.0,202011W4,202012,20.093365525305725,interp,28.0,63.0,202012,202101,5,3,2,7.0,13732.5,13700.0,0.7117760617760618,37.0,empirical,202011(d0):dte=0 < 1,0.0,21.0,35.0,28.83450569838325
2020-11-19,16.28678708629514,interp,6.0,27.0,202011W4,202012,18.670462773622067,interp,6.0,27.0,202011W4,202012,19.456774923695868,interp,27.0,62.0,202012,202101,6,2,2,6.0,13767.0,13750.0,0.6786971830985915,40.0,empirical,,21.0,21.0,35.0,28.784073681420622
2020-11-20,16.60101909695483,interp,5.0,26.0,202011W4,202012,18.62605404671845,interp,5.0,26.0,202011W4,202012,19.195411802637583,interp,26.0,61.0,202012,202101,6,2,2,5.0,13759.0,13750.0,0.6191901408450704,40.0,empirical,,21.0,21.0,35.0,28.74624966869865
2020-11-23,19.339300478800435,interp,2.0,23.0,202011W4,202012,19.699024236228937,interp,2.0,23.0,202011W4,202012,19.369241638031934,interp,23.0,58.0,202012,202101,6,2,2,2.0,13901.0,13900.0,0.6450704225352113,40.0,empirical,,21.0,21.0,35.0,29.11188179167772
2020-11-24,19.566782588306666,interp,1.0,22.0,202011W4,202012,19.69903102205288,interp,1.0,22.0,202011W4,202012,19.22593132176918,interp,22.0,57.0,202012,202101,6,2,2,1.0,13824.0,13800.0,0.4396378269617706,42.0,empirical,,21.0,21.0,35.0,28.97319374503048
2020-11-25,15.751900776075589,exact,7.0,7.0,202012W1,202012W1,18.5653455493884,interp,7.0,21.0,202012W1,202012,18.903962512746205,interp,21.0,56.0,202012,202101,6,3,2,7.0,13726.0,13700.0,0.5866588419405321,36.0,empirical,202011W4(d0):dte=0 < 1,0.0,14.0,35.0,28.733641664457995
2020-11-26,13.867416887385092,interp,6.0,20.0,202012W1,202012,16.48922566157827,interp,6.0,20.0,202012W1,202012,17.3502408152496,interp,20.0,55.0,202012,202101,6,2,2,6.0,13859.0,13850.0,0.5604151223128243,38.0,empirical,,14.0,14.0,35.0,28.960585740789824
2020-11-27,14.3172678986684,interp,5.0,19.0,202012W1,202012,16.219262777180827,interp,5.0,19.0,202012W1,202012,16.93227191238623,interp,19.0,54.0,202012,202101,6,2,2,5.0,13898.5,13850.0,0.5151408450704226,40.0,empirical,,14.0,14.0,35.0,28.9101537238272
2020-11-30,18.96714384742138,interp,2.0,16.0,202012W1,202012,19.166613098290696,interp,2.0,16.0,202012W1,202012,18.44279787855324,interp,16.0,51.0,202012,202101,6,2,2,2.0,13753.0,13750.0,0.4573943661971831,40.0,empirical,,14.0,14.0,35.0,28.569737609329447
2020-12-01,17.851392180339694,interp,1.0,15.0,202012W1,202012,17.97339001223569,interp,1.0,15.0,202012W1,202012,17.820518962178795,interp,15.0,50.0,202012,202101,6,2,2,1.0,13891.75,13850.0,0.4230633802816901,40.0,empirical,,14.0,14.0,35.0,28.821897694142592
2020-12-02,15.779476116169638,exact,7.0,7.0,202012W2,202012W2,18.498694093443643,exact,14.0,14.0,202012,202012,18.19328813978392,interp,14.0,49.0,202012,202101,6,3,2,7.0,13975.5,13950.0,0.6096307575180815,37.0,empirical,202012W1(d0):dte=0 < 1,0.0,0.0,35.0,29.099273787437056
2020-12-03,15.04713001778439,interp,6.0,13.0,202012W2,202012,17.1910005814059,interp,13.0,48.0,202012,202101,17.57212099035442,interp,13.0,48.0,202012,202101,6,2,2,6.0,14003.5,14000.0,0.5573830409356726,38.0,empirical,,7.0,35.0,35.0,29.099273787437056
2020-12-04,16.719132016938634,interp,5.0,12.0,202012W2,202012,17.987516243886645,interp,12.0,47.0,202012,202101,17.9251968165373,interp,12.0,47.0,202012,202101,6,2,2,5.0,14156.5,14150.0,0.7057748538011696,38.0,empirical,,7.0,35.0,35.0,29.57837794858203
2020-12-07,19.521629741240787,interp,2.0,9.0,202012W2,202012,19.15113961186819,interp,9.0,44.0,202012,202101,18.635181568537227,interp,9.0,44.0,202012,202101,6,2,2,2.0,14255.5,14250.0,0.4425325760106916,41.0,empirical,,7.0,35.0,35.0,29.85575404187649
2020-12-08,18.522560332397163,interp,1.0,8.0,202012W2,202012,18.427755849461423,interp,8.0,43.0,202012,202101,18.330285688752284,interp,8.0,43.0,202012,202101,6,2,2,1.0,14361.75,14350.0,0.3894552405224594,43.0,empirical,,7.0,35.0,35.0,30.271818181818183
2020-12-09,17.507175236353795,exact,7.0,7.0,202012,202012,17.887577974870748,interp,7.0,42.0,202012,202101,18.087188422585506,interp,7.0,42.0,202012,202101,5,2,1,7.0,14399.5,14350.0,0.3975903614457831,83.0,empirical,202012W2(d0):dte=0 < 1,0.0,35.0,35.0,30.271818181818183
2020-12-10,16.556390362768987,interp,6.0,41.0,202012,202101,17.674508899366252,interp,6.0,41.0,202012,202101,18.24283895381372,interp,6.0,41.0,202012,202101,5,1,1,6.0,14240.0,14200.0,0.3493975903614458,83.0,empirical,,35.0,35.0,35.0,29.90618605883912
2020-12-11,16.09542956631135,interp,5.0,40.0,202012,202101,17.232258605169108,interp,5.0,40.0,202012,202101,17.808919336897926,interp,5.0,40.0,202012,202101,5,2,2,5.0,14237.0,14200.0,0.5157232704402516,53.0,empirical,,35.0,35.0,35.0,29.94401007156109
2020-12-14,17.749728610544697,interp,2.0,37.0,202012,202101,17.763030800511853,interp,2.0,37.0,202012,202101,17.77012123026466,interp,2.0,37.0,202012,202101,5,2,2,2.0,14202.5,14200.0,0.62151841868823,53.0,empirical,,35.0,35.0,35.0,29.81793002915452
2020-12-15,18.09281673408448,interp,1.0,36.0,202012,202101,17.921206816830857,interp,1.0,36.0,202012,202101,17.829006137494098,interp,1.0,36.0,202012,202101,5,2,2,1.0,14081.75,14050.0,0.6096136567834681,53.0,empirical,,35.0,35.0,35.0,29.515337927378745
2020-12-16,14.948752049719335,exact,7.0,7.0,202012W4,202012W4,16.3623490017786,interp,7.0,35.0,202012W4,202101,17.068464467034353,interp,7.0,35.0,202012W4,202101,5,3,2,7.0,14267.5,14250.0,0.972972972972973,37.0,empirical,202012(d0):dte=0 < 1,0.0,28.0,28.0,30.070090113967662
2020-12-17,14.117021021592452,interp,6.0,34.0,202012W4,202101,15.929984910321462,interp,6.0,34.0,202012W4,202101,16.817172537613516,interp,6.0,34.0,202012W4,202101,6,2,2,6.0,14291.0,14250.0,0.8875,40.0,empirical,,28.0,28.0,28.0,29.90618605883912
2020-12-18,14.892559799955594,interp,5.0,33.0,202012W4,202101,16.400418522553068,interp,5.0,33.0,202012W4,202101,17.15048889153642,interp,5.0,33.0,202012W4,202101,6,2,2,5.0,14231.5,14200.0,0.6740566037735849,40.0,empirical,,28.0,28.0,28.0,29.805322024913863
2020-12-21,17.39844165241024,interp,2.0,30.0,202012W4,202101,17.681180319500534,interp,2.0,30.0,202012W4,202101,17.830141122693245,exact,30.0,30.0,202101,202101,6,2,2,2.0,14398.5,14350.0,0.790566037735849,40.0,empirical,,28.0,28.0,0.0,30.09530612244898
2020-12-22,21.1583962371096,interp,1.0,29.0,202012W4,202101,20.78126292477669,interp,1.0,29.0,202012W4,202101,20.45631036993214,interp,29.0,57.0,202101,202102,6,2,2,1.0,14130.5,14100.0,0.5965858041329739,42.0,empirical,,28.0,28.0,28.0,29.75489000795124
2020-12-23,15.55838210270483,exact,7.0,7.0,202012W5,202012W5,17.747399794045236,interp,7.0,28.0,202012W5,202101,18.61965140354593,interp,28.0,56.0,202101,202102,6,3,2,7.0,14175.5,14150.0,0.7442048517520216,35.0,empirical,202012W4(d0):dte=0 < 1,0.0,21.0,28.0,29.79271402067321
2020-12-24,13.990096721109603,interp,6.0,27.0,202012W5,202101,16.572399922169033,interp,6.0,27.0,202012W5,202101,17.64944586234676,interp,27.0,55.0,202101,202102,6,2,2,6.0,14293.5,14250.0,0.7429245283018868,36.0,empirical,,21.0,21.0,28.0,29.95661807580175
2020-12-25,13.86228356514031,interp,5.0,26.0,202012W5,202101,16.01903480422846,interp,5.0,26.0,202012W5,202101,16.964362429341513,interp,26.0,54.0,202101,202102,6,2,2,5.0,14348.0,14300.0,0.6356450790413055,37.0,empirical,,21.0,21.0,28.0,29.994442088523723
2020-12-28,17.62201747456075,interp,2.0,23.0,202012W5,202101,17.91549746739189,interp,2.0,23.0,202012W5,202101,17.90690990386429,interp,23.0,51.0,202101,202102,6,2,2,2.0,14482.0,14450.0,0.6611221449851042,38.0,empirical,,21.0,21.0,28.0,30.25921017757753
2020-12-29,17.711651376972398,interp,1.0,22.0,202012W5,202101,17.877597090009083,interp,1.0,22.0,202012W5,202101,17.81572730628372,interp,22.0,50.0,202101,202102,6,2,2,1.0,14505.25,14500.0,0.4837962962962963,40.0,empirical,,21.0,21.0,28.0,30.233994169096214
2020-12-30,14.151744255812964,exact,7.0,7.0,202101W1,202101W1,17.107323010100863,interp,7.0,21.0,202101W1,202101,17.737975990771744,interp,21.0,49.0,202101,202102,6,3,2,7.0,14667.5,14650.0,0.8182539682539682,35.0,empirical,202012W5(d0):dte=0 < 1,0.0,14.0,28.0,30.66266631327856
2020-12-31,14.822305457648724,interp,6.0,20.0,202101W1,202101,17.19600290321522,interp,6.0,20.0,202101W1,202101,17.804285885707046,interp,20.0,48.0,202101,202102,6,2,2,6.0,14720.5,14700.0,0.5925837320574163,38.0,empirical,,14.0,14.0,28.0,30.826570368407104
2021-01-04,18.93285554226542,interp,2.0,16.0,202101W1,202101,19.12683865556159,interp,2.0,16.0,202101W1,202101,18.63927397655795,interp,16.0,44.0,202101,202102,6,2,2,2.0,14901.0,14900.0,0.5932400932400932,39.0,empirical,,14.0,14.0,28.0,31.35610654651471
2021-01-05,19.51156294227892,interp,1.0,15.0,202101W1,202101,19.610504574705352,interp,1.0,15.0,202101W1,202101,18.846737396672022,interp,15.0,43.0,202101,202102,6,2,2,1.0,15008.5,15000.0,0.7410714285714286,40.0,empirical,,14.0,14.0,28.0,31.419146567718
2021-01-06,20.831428288050823,exact,7.0,7.0,202101W2,202101W2,22.739799684405725,exact,14.0,14.0,202101,202101,20.669077045451257,interp,14.0,42.0,202101,202102,6,3,2,7.0,14938.0,14900.0,0.8640350877192983,30.0,empirical,202101W1(d0):dte=0 < 1,0.0,0.0,28.0,31.759562682215748
2021-01-07,20.28393377140137,interp,6.0,13.0,202101W2,202101,22.23327807397518,interp,13.0,41.0,202101,202102,20.95064375604097,interp,13.0,41.0,202101,202102,6,2,2,6.0,15255.0,15200.0,0.9912280701754386,32.0,empirical,,7.0,28.0,28.0,32.50343493241453
2021-01-08,22.466630780592823,interp,5.0,12.0,202101W2,202101,23.90672037159909,interp,12.0,40.0,202101,202102,22.516691053521164,interp,12.0,40.0,202101,202102,6,3,3,5.0,15464.5,15400.0,0.8999323867478025,34.0,empirical,,7.0,28.0,28.0,33.08340312748476
2021-01-11,23.56226066890813,interp,2.0,9.0,202101W2,202101,23.46833360027169,interp,9.0,37.0,202101,202102,23.32774526875008,interp,9.0,37.0,202101,202102,6,3,3,2.0,15552.5,15500.0,0.689405110840054,38.0,empirical,,7.0,28.0,28.0,33.36077922077923
2021-01-12,24.7788677482011,interp,1.0,8.0,202101W2,202101,24.2311289219783,interp,8.0,36.0,202101,202102,23.83717506824966,interp,8.0,36.0,202101,202102,6,3,3,1.0,15515.5,15500.0,0.504561403508772,38.0,empirical,,7.0,28.0,28.0,33.31034720381659
2021-01-13,23.387372343599136,exact,7.0,7.0,202101,202101,23.18142152329392,interp,7.0,35.0,202101,202102,23.070829355457263,interp,7.0,35.0,202101,202102,5,3,2,7.0,15763.5,15750.0,0.5728506787330316,65.0,empirical,202101W2(d0):dte=0 < 1,0.0,28.0,28.0,34.11725947521867
2021-01-14,21.59906912236568,interp,6.0,34.0,202101,202102,22.16634456258473,interp,6.0,34.0,202101,202102,22.46303455832038,interp,6.0,34.0,202101,202102,5,2,2,6.0,15729.5,15700.0,0.5568505785678349,67.0,empirical,,28.0,28.0,28.0,33.80205936920223
2021-01-15,22.01818016244938,interp,5.0,33.0,202101,202102,22.834928581116777,interp,5.0,33.0,202101,202102,23.25880348696604,interp,5.0,33.0,202101,202102,5,2,2,5.0,15635.0,15600.0,0.4989099446587288,67.0,empirical,,28.0,28.0,28.0,33.91553140736814
2021-01-18,23.21324551831653,interp,2.0,30.0,202101,202102,23.105258458088944,interp,2.0,30.0,202101,202102,23.04745847680093,exact,30.0,30.0,202102,202102,5,2,2,2.0,15608.5,15600.0,0.5379842361227569,67.0,empirical,,28.0,28.0,0.0,33.890315398886834
2021-01-19,23.24132320120261,interp,1.0,29.0,202101,202102,23.10721596303232,interp,1.0,29.0,202101,202102,23.07103966506472,interp,29.0,57.0,202102,202103,5,2,2,1.0,15889.5,15850.0,0.5770585275867852,67.0,empirical,,28.0,28.0,28.0,34.7854836999735
2021-01-20,21.58029572418866,exact,7.0,7.0,202101W4,202101W4,22.34800035268578,interp,7.0,28.0,202101W4,202102,22.867509002893687,interp,28.0,56.0,202102,202103,5,3,2,7.0,15777.5,15750.0,0.7580213903743316,44.0,empirical,202101(d0):dte=0 < 1,0.0,21.0,28.0,34.84852372117678
2021-01-21,23.71264837384921,interp,6.0,27.0,202101W4,202102,23.90354193992596,interp,6.0,27.0,202101W4,202102,24.049971792127625,interp,27.0,55.0,202102,202103,6,2,2,6.0,16158.0,16150.0,0.7787581699346405,45.0,empirical,,21.0,21.0,28.0,36.058892128279886
2021-01-22,21.277930123262603,interp,5.0,26.0,202101W4,202102,22.726078268571587,interp,5.0,26.0,202101W4,202102,23.473419239240503,interp,26.0,54.0,202102,202103,6,2,2,5.0,16018.5,16000.0,0.7109859154929578,50.0,empirical,,21.0,21.0,28.0,34.65940365756692
2021-01-25,24.693034134587027,interp,2.0,23.0,202101W4,202102,24.577596687107203,interp,2.0,23.0,202101W4,202102,24.69279575750165,interp,23.0,51.0,202102,202103,6,2,2,2.0,15954.0,15950.0,0.6328169014084507,50.0,empirical,,21.0,21.0,28.0,34.192907500662606
2021-01-26,25.343665630194945,interp,1.0,22.0,202101W4,202102,25.19800311549449,interp,1.0,22.0,202101W4,202102,25.29257572462384,interp,22.0,50.0,202102,202103,6,2,2,1.0,15681.5,15650.0,0.575774647887324,50.0,empirical,,21.0,21.0,28.0,33.49946726742645
2021-01-27,20.692314587582704,exact,7.0,7.0,202102W1,202102W1,23.137091158818524,interp,7.0,21.0,202102W1,202102,24.439739081342456,interp,21.0,49.0,202102,202103,6,3,2,7.0,15692.0,15650.0,0.6329839502129053,43.0,empirical,202101W4(d0):dte=0 < 1,0.0,14.0,28.0,33.549899284389085
2021-01-28,23.40620303007509,interp,6.0,20.0,202102W1,202102,24.92067966614793,interp,6.0,20.0,202102W1,202102,25.881439460393203,interp,20.0,48.0,202102,202103,6,2,2,6.0,15409.0,15400.0,0.7287131882202305,44.0,empirical,,14.0,14.0,28.0,32.869067055393586
2021-01-29,25.23917293582444,interp,5.0,19.0,202102W1,202102,25.71273893596572,interp,5.0,19.0,202102W1,202102,26.59162394002555,interp,19.0,47.0,202102,202103,6,2,2,5.0,15111.0,15100.0,0.698943661971831,48.0,empirical,,14.0,14.0,28.0,32.32692287304532
2021-02-01,23.592692288409488,interp,2.0,16.0,202102W1,202102,23.24180526419916,interp,2.0,16.0,202102W1,202102,25.818443783620538,interp,16.0,44.0,202102,202103,6,2,2,2.0,15389.5,15350.0,0.5671007175126229,53.0,empirical,,14.0,14.0,28.0,32.96993108931885
2021-02-02,21.778133565010684,interp,1.0,15.0,202102W1,202102,21.539088533352484,interp,1.0,15.0,202102W1,202102,25.17539519043107,interp,15.0,43.0,202102,202103,6,2,2,1.0,15763.0,15750.0,0.5317565771990433,53.0,empirical,,14.0,14.0,28.0,33.90292340312748
2021-02-03,,no_bracket,,,,,18.93314035256368,exact,14.0,14.0,202102,202102,24.643030415948186,interp,14.0,42.0,202102,202103,5,2,1,14.0,15774.0,15750.0,0.4875,80.0,empirical,202102W1(d0):dte=0 < 1,,0.0,28.0,33.87770739464617
2021-02-04,,no_bracket,,,,,17.211155456076956,interp,13.0,41.0,202102,202103,23.751605442322603,interp,13.0,41.0,202102,202103,5,1,1,13.0,15701.5,15700.0,0.425,80.0,empirical,,,28.0,28.0,33.675979326795655
2021-02-05,,no_bracket,,,,,16.776742025522744,interp,12.0,40.0,202102,202103,22.598254356582,interp,12.0,40.0,202102,202103,5,2,2,12.0,15805.5,15800.0,0.5925925925925926,81.0,empirical,,,28.0,28.0,33.99117943281209
2021-02-17,20.0408036511622,exact,7.0,7.0,202102W4,202102W4,22.022370193092293,interp,7.0,28.0,202102W4,202103,22.808360920649022,interp,28.0,63.0,202103,202104,5,3,2,7.0,16388.0,16300.0,0.7450473729543496,43.0,empirical,202102(d0):dte=0 < 1,0.0,21.0,35.0,35.44109992048768
2021-02-18,19.460036249031965,interp,6.0,27.0,202102W4,202103,21.519594573262,interp,6.0,27.0,202102W4,202103,22.30589387461149,interp,27.0,62.0,202103,202104,6,2,2,6.0,16422.5,16400.0,0.570995670995671,55.0,empirical,,21.0,21.0,35.0,35.39066790352505
2021-02-19,19.878737855773096,interp,5.0,26.0,202102W4,202103,21.97708727204273,interp,5.0,26.0,202102W4,202103,22.727994630564066,interp,26.0,61.0,202103,202104,6,2,2,5.0,16358.0,16350.0,0.5773809523809523,56.0,empirical,,21.0,21.0,35.0,35.01242777630533
2021-02-22,23.53873966080401,interp,2.0,23.0,202102W4,202103,23.58441545907916,interp,2.0,23.0,202102W4,202103,23.232318120169097,interp,23.0,58.0,202103,202104,6,2,2,2.0,16430.5,16400.0,0.5119047619047619,56.0,empirical,,21.0,21.0,35.0,34.99981977206468
2021-02-23,23.75292140568682,interp,1.0,22.0,202102W4,202103,23.76599476294787,interp,1.0,22.0,202102W4,202103,23.31766014164827,interp,22.0,57.0,202103,202104,6,2,2,1.0,16493.0,16450.0,0.494047619047619,56.0,empirical,,21.0,21.0,35.0,34.92417174662073
2021-02-24,20.822918208491583,exact,7.0,7.0,202103W1,202103W1,24.002094485723017,interp,7.0,21.0,202103W1,202103,24.24204622791342,interp,21.0,56.0,202103,202104,6,3,2,7.0,16223.5,16200.0,0.6334224598930481,44.0,empirical,202102W4(d0):dte=0 < 1,0.0,14.0,35.0,34.40724357275378
2021-02-25,18.88574155468953,interp,6.0,20.0,202103W1,202103,22.04535110662812,interp,6.0,20.0,202103W1,202103,22.72763196059763,interp,20.0,55.0,202103,202104,6,2,2,6.0,16434.0,16400.0,0.5735894357743097,49.0,empirical,,14.0,14.0,35.0,34.68461966604824
2021-02-26,24.095633547188093,interp,5.0,19.0,202103W1,202103,26.245811941702847,interp,5.0,19.0,202103W1,202103,25.51743525349885,interp,19.0,54.0,202103,202104,6,2,2,5.0,15999.5,15950.0,0.5908763505402161,49.0,empirical,,14.0,14.0,35.0,33.638155314073686
2021-03-02,27.891450687384967,interp,1.0,15.0,202103W1,202103,27.915061067974868,interp,1.0,15.0,202103W1,202103,25.43131773426018,interp,15.0,50.0,202103,202104,6,2,2,1.0,15945.5,15900.0,0.4605993340732519,53.0,empirical,,14.0,14.0,35.0,33.65076331831434
2021-03-03,21.38569304733053,exact,7.0,7.0,202103W2,202103W2,23.47094263368157,exact,14.0,14.0,202103,202103,23.18586668921677,interp,14.0,49.0,202103,202104,6,3,2,7.0,16215.0,16200.0,0.6593707250341997,43.0,empirical,202103W1(d0):dte=0 < 1,0.0,0.0,35.0,34.142475483699975
2021-03-04,23.02246032141914,interp,6.0,13.0,202103W2,202103,25.18853009879971,interp,13.0,48.0,202103,202104,24.23264903648184,interp,13.0,48.0,202103,202104,6,2,2,6.0,15956.5,15950.0,0.5732292917166867,49.0,empirical,,7.0,35.0,35.0,33.47425125894514
2021-03-05,23.3667390141499,interp,5.0,12.0,202103W2,202103,25.311434370688147,interp,12.0,47.0,202103,202104,24.679009706943177,interp,12.0,47.0,202103,202104,6,2,2,5.0,15890.0,15850.0,0.5617647058823529,50.0,empirical,,7.0,35.0,35.0,33.27252319109462
2021-03-08,26.21822986192092,interp,2.0,9.0,202103W2,202103,25.56245563613283,interp,9.0,44.0,202103,202104,24.911292430303124,interp,9.0,44.0,202103,202104,6,2,2,2.0,15843.0,15800.0,0.4803921568627451,51.0,empirical,,7.0,35.0,35.0,33.247307182613305
2021-03-09,25.30640001434846,interp,1.0,8.0,202103W2,202103,24.935328444486974,interp,8.0,43.0,202103,202104,24.678126803620888,interp,8.0,43.0,202103,202104,6,2,2,1.0,15857.0,15850.0,0.45,52.0,empirical,,7.0,35.0,35.0,33.121227140206734
2021-03-10,22.40002865913464,exact,7.0,7.0,202103,202103,22.80231914654919,interp,7.0,42.0,202103,202104,23.013998889320245,interp,7.0,42.0,202103,202104,5,2,1,7.0,15878.5,15850.0,0.425531914893617,94.0,empirical,202103W2(d0):dte=0 < 1,0.0,35.0,35.0,33.259915186853966
2021-03-11,20.690824561127865,interp,6.0,41.0,202103,202104,21.285435256004423,interp,6.0,41.0,202103,202104,21.59586777558585,interp,6.0,41.0,202103,202104,5,1,1,6.0,16172.5,16150.0,0.4421052631578947,95.0,empirical,,35.0,35.0,35.0,33.96596342433077
2021-03-12,18.376537397244253,interp,5.0,40.0,202103,202104,19.70449954130554,interp,5.0,40.0,202103,202104,20.37739096202391,interp,5.0,40.0,202103,202104,5,2,2,5.0,16223.0,16200.0,0.6014739229024944,63.0,empirical,,35.0,35.0,35.0,34.104651470978006
2021-03-15,21.054310661956567,interp,2.0,37.0,202103,202104,20.91053017162104,interp,2.0,37.0,202103,202104,20.833441510768004,interp,2.0,37.0,202103,202104,5,2,2,2.0,16198.0,16150.0,0.5895691609977325,63.0,empirical,,35.0,35.0,35.0,34.016395441293405
2021-03-16,19.571797348170747,interp,1.0,36.0,202103,202104,19.529744052227866,interp,1.0,36.0,202103,202104,19.50727855894524,interp,1.0,36.0,202103,202104,5,2,2,1.0,16305.5,16300.0,0.4807256235827664,63.0,empirical,,35.0,35.0,35.0,34.129867479459314
2021-03-17,15.744408679997411,exact,7.0,7.0,202103W4,202103W4,17.646214127108017,interp,7.0,35.0,202103W4,202104,18.58108866920333,interp,7.0,35.0,202103W4,202104,5,3,2,7.0,16214.5,16200.0,0.626984126984127,45.0,empirical,202103(d0):dte=0 < 1,0.0,28.0,28.0,33.8398833819242
2021-03-18,15.005557619347048,interp,6.0,34.0,202103W4,202104,16.438437719807986,interp,6.0,34.0,202103W4,202104,17.153769890073303,interp,6.0,34.0,202103W4,202104,6,2,2,6.0,16279.0,16250.0,0.5781830462681526,47.0,empirical,,28.0,28.0,28.0,34.016395441293405
2021-03-19,16.588507292795157,interp,5.0,33.0,202103W4,202104,17.65606232804513,interp,5.0,33.0,202103W4,202104,18.1998383798809,interp,5.0,33.0,202103W4,202104,6,2,2,5.0,16059.5,16050.0,0.6153326578858493,47.0,empirical,,28.0,28.0,28.0,33.4868592631858
2021-03-22,18.09775195108247,interp,2.0,30.0,202103W4,202104,17.86870225699128,interp,2.0,30.0,202103W4,202104,17.745333588606414,exact,30.0,30.0,202104,202104,6,2,2,2.0,16172.0,16150.0,0.5340136054421769,49.0,empirical,,28.0,28.0,0.0,33.638155314073686
2021-03-23,17.903133443501932,interp,1.0,29.0,202103W4,202104,17.732090731349036,interp,1.0,29.0,202103W4,202104,17.719148180818966,interp,29.0,57.0,202104,202105,6,2,2,1.0,16166.0,16150.0,0.5691609977324263,49.0,empirical,,28.0,28.0,28.0,33.68858733103631
2021-03-24,16.649971871286233,exact,7.0,7.0,202103W5,202103W5,17.91886090698531,interp,7.0,28.0,202103W5,202104,18.59800221163864,interp,28.0,56.0,202104,202105,6,3,2,7.0,16015.0,16000.0,0.6424963924963925,44.0,empirical,202103W4(d0):dte=0 < 1,0.0,21.0,28.0,33.159051152928704
2021-03-25,15.963302927386833,interp,6.0,27.0,202103W5,202104,17.25015173782365,interp,6.0,27.0,202103W5,202104,18.06167688598729,interp,27.0,55.0,202104,202105,6,2,2,6.0,16064.5,16050.0,0.6238785369220152,46.0,empirical,,21.0,21.0,28.0,33.27252319109462
2021-03-26,15.19450661402561,interp,5.0,26.0,202103W5,202104,16.48013986725919,interp,5.0,26.0,202103W5,202104,17.371693971719857,interp,26.0,54.0,202104,202105,6,2,2,5.0,16318.5,16300.0,0.6802967563837129,46.0,empirical,,21.0,21.0,28.0,33.87770739464617
2021-03-29,18.42707434158458,interp,2.0,23.0,202103W5,202104,18.331217775295823,interp,2.0,23.0,202103W5,202104,18.535182252551323,interp,23.0,51.0,202104,202105,6,2,2,2.0,16441.5,16400.0,0.6020408163265306,49.0,empirical,,21.0,21.0,28.0,34.15508348794063
2021-03-30,17.545550654792763,interp,1.0,22.0,202103W5,202104,17.667570659094732,interp,1.0,22.0,202103W5,202104,17.91777250916443,interp,22.0,50.0,202104,202105,6,2,2,1.0,16541.25,16500.0,0.5190176699610661,53.0,empirical,,21.0,21.0,28.0,34.26855552610655
2021-03-31,13.465672914818544,exact,7.0,7.0,202104W1,202104W1,16.672663208020616,interp,7.0,21.0,202104W1,202104,17.75253674781817,interp,21.0,49.0,202104,202105,6,3,2,7.0,16455.5,16450.0,0.6151494565217391,46.0,empirical,202103W5(d0):dte=0 < 1,0.0,14.0,28.0,33.97857142857143
2021-04-01,13.371021274314712,interp,6.0,20.0,202104W1,202104,16.09292242494934,interp,6.0,20.0,202104W1,202104,17.080521804779387,interp,20.0,48.0,202104,202105,6,2,2,6.0,16573.5,16550.0,0.5801977040816326,49.0,empirical,,14.0,14.0,28.0,34.230731513384576
2021-04-06,16.582341526307488,interp,1.0,15.0,202104W1,202104,16.770186011488494,interp,1.0,15.0,202104W1,202104,17.18675784760996,interp,15.0,43.0,202104,202105,6,2,2,1.0,16743.0,16700.0,0.4186862244897959,49.0,empirical,,14.0,14.0,28.0,34.70983567452956
2021-04-07,13.56791245230134,exact,7.0,7.0,202104W2,202104W2,15.585691345898216,exact,14.0,14.0,202104,202104,16.803298690259204,interp,14.0,42.0,202104,202105,6,3,2,7.0,16790.0,16750.0,0.5543478260869565,46.0,empirical,202104W1(d0):dte=0 < 1,0.0,0.0,28.0,34.74765968725153
2021-04-08,12.775927840617982,interp,6.0,13.0,202104W2,202104,14.94170995916922,interp,13.0,41.0,202104,202105,16.210001475900413,interp,13.0,41.0,202104,202105,6,2,2,6.0,16943.0,16900.0,0.5527151476659258,47.0,empirical,,7.0,28.0,28.0,34.861131725417444
2021-04-09,14.127926579136524,interp,5.0,12.0,202104W2,202104,15.849290080913086,interp,12.0,40.0,202104,202105,16.895997342418433,interp,12.0,40.0,202104,202105,6,3,3,5.0,16856.5,16850.0,0.5431941808981657,50.0,empirical,,7.0,28.0,28.0,34.7854836999735
2021-04-12,16.144774704231406,interp,2.0,9.0,202104W2,202104,16.7831946478133,interp,9.0,37.0,202104,202105,17.282713024428354,interp,9.0,37.0,202104,202105,6,3,3,2.0,16850.5,16850.0,0.490202403542062,50.0,empirical,,7.0,28.0,28.0,34.58375563212298
2021-04-13,16.501305309195065,interp,1.0,8.0,202104W2,202104,17.25460833762008,interp,8.0,36.0,202104,202105,17.752827014475056,interp,8.0,36.0,202104,202105,6,3,3,1.0,16816.25,16800.0,0.4103795066413662,50.0,empirical,,7.0,28.0,28.0,34.58375563212298
2021-04-14,16.125227313639172,exact,7.0,7.0,202104,202104,17.29409204535075,interp,7.0,35.0,202104,202105,17.886280785652815,interp,7.0,35.0,202104,202105,5,3,2,7.0,16859.0,16850.0,0.5533498759305211,62.0,empirical,202104W2(d0):dte=0 < 1,0.0,28.0,28.0,34.77287569573284
2021-04-15,16.954232270378036,interp,6.0,34.0,202104,202105,17.81622440774697,interp,6.0,34.0,202104,202105,18.2593221202434,interp,6.0,34.0,202104,202105,5,2,2,6.0,17071.0,17050.0,0.5475704369130256,62.0,empirical,,28.0,28.0,28.0,35.06285979326796
2021-04-16,15.80602424058285,interp,5.0,33.0,202104,202105,17.40869766575582,interp,5.0,33.0,202104,202105,18.205860106489112,interp,5.0,33.0,202104,202105,5,2,2,5.0,17158.0,17150.0,0.5202371987951807,64.0,empirical,,28.0,28.0,28.0,35.113291810230585
2021-04-19,18.2831738360262,interp,2.0,30.0,202104,202105,18.47136783946465,interp,2.0,30.0,202104,202105,18.570958192209297,exact,30.0,30.0,202105,202105,5,2,2,2.0,17269.5,17250.0,0.4846153846153846,65.0,empirical,,28.0,28.0,0.0,35.17633183143388
2021-04-20,18.475210311045007,interp,1.0,29.0,202104,202105,18.55736869425695,interp,1.0,29.0,202104,202105,18.672538055784145,interp,29.0,57.0,202105,202106,5,2,2,1.0,17320.75,17300.0,0.4804075235109718,66.0,empirical,,28.0,28.0,28.0,35.113291810230585
2021-04-21,16.439613892736332,exact,7.0,7.0,202104W4,202104W4,17.904426736562666,interp,7.0,28.0,202104W4,202105,18.751655870615565,interp,28.0,56.0,202105,202106,5,3,2,7.0,17177.0,17150.0,0.6879961892664337,47.0,empirical,202104(d0):dte=0 < 1,0.0,21.0,28.0,34.79809170421416
2021-04-22,17.561183094539608,interp,6.0,27.0,202104W4,202105,18.606394295402303,interp,6.0,27.0,202104W4,202105,19.29825117379072,interp,27.0,55.0,202105,202106,6,2,2,6.0,17141.5,17100.0,0.6128540968626257,49.0,empirical,,21.0,21.0,28.0,34.77287569573284
2021-04-23,15.681121026355257,interp,5.0,26.0,202104W4,202105,17.184287317233384,interp,5.0,26.0,202104W4,202105,18.32400905843999,interp,26.0,54.0,202105,202106,6,2,2,5.0,17286.0,17250.0,0.5655545800409716,51.0,empirical,,21.0,21.0,28.0,35.08807580174928
2021-04-26,18.380931885327808,interp,2.0,23.0,202104W4,202105,18.47871019487692,interp,2.0,23.0,202104W4,202105,19.404753257268624,interp,23.0,51.0,202105,202106,6,2,2,2.0,17558.0,17550.0,0.5954053263096284,51.0,empirical,,21.0,21.0,28.0,35.60500397561622
2021-04-27,18.82492219180073,interp,1.0,22.0,202104W4,202105,18.997336663885623,interp,1.0,22.0,202104W4,202105,19.8160684242502,interp,22.0,50.0,202105,202106,6,2,2,1.0,17605.0,17600.0,0.4848370927318295,57.0,empirical,,21.0,21.0,28.0,35.61761197985688
2021-04-28,15.64640744503489,exact,7.0,7.0,202105W1,202105W1,18.260026946881684,interp,7.0,21.0,202105W1,202105,19.953111289895684,interp,21.0,49.0,202105,202106,6,3,2,7.0,17563.0,17550.0,0.6050151975683891,47.0,empirical,202104W4(d0):dte=0 < 1,0.0,14.0,28.0,35.40327590776571
2021-04-29,14.645600098775637,interp,6.0,20.0,202105W1,202105,17.07754565784072,interp,6.0,20.0,202105W1,202105,18.73014234982305,interp,20.0,48.0,202105,202106,6,2,2,6.0,17597.0,17550.0,0.6053571428571429,48.0,empirical,,14.0,14.0,28.0,35.453707924728334
2021-05-03,21.201231513662176,interp,2.0,16.0,202105W1,202105,21.22921563997437,interp,2.0,16.0,202105W1,202105,21.20890630759634,interp,16.0,44.0,202105,202106,6,2,2,2.0,17287.5,17250.0,0.4928571428571429,48.0,empirical,,14.0,14.0,28.0,34.861131725417444
2021-05-04,23.57589118701416,interp,1.0,15.0,202105W1,202105,23.552351767063566,interp,1.0,15.0,202105W1,202105,23.158183578437946,interp,15.0,43.0,202105,202106,6,2,2,1.0,16962.0,16950.0,0.5193121693121693,54.0,empirical,,14.0,14.0,28.0,34.55853962364167
2021-05-05,22.668784943169463,exact,7.0,7.0,202105W2,202105W2,24.140974067810813,exact,14.0,14.0,202105,202105,23.973602782883685,interp,14.0,42.0,202105,202106,6,3,2,7.0,16790.0,16750.0,0.734472049689441,46.0,empirical,202105W1(d0):dte=0 < 1,0.0,0.0,28.0,34.230731513384576
2021-05-06,19.97905088905232,interp,6.0,13.0,202105W2,202105,21.33127151276842,interp,13.0,41.0,202105,202106,22.040009975269,interp,13.0,41.0,202105,202106,6,2,2,6.0,16967.5,16950.0,0.569047619047619,48.0,empirical,,7.0,28.0,28.0,34.53332361516035
2021-05-07,17.394349901418895,interp,5.0,12.0,202105W2,202105,18.81060006411647,interp,12.0,40.0,202105,202106,20.13357645199937,interp,12.0,40.0,202105,202106,6,3,3,5.0,17300.5,17300.0,0.5456709956709956,49.0,empirical,,7.0,28.0,28.0,35.15111582295256
2021-05-10,19.36960820842092,interp,2.0,9.0,202105W2,202105,19.424765074911,interp,9.0,37.0,202105,202106,19.45385817579441,interp,9.0,37.0,202105,202106,6,3,3,2.0,17251.0,17250.0,0.498051948051948,56.0,empirical,,7.0,28.0,28.0,34.91156374238007
2021-05-11,30.89880653914926,interp,1.0,8.0,202105W2,202105,28.307244621310584,interp,8.0,36.0,202105,202106,26.44451874829732,interp,8.0,36.0,202105,202106,6,3,3,1.0,16600.0,16600.0,0.4663419913419913,56.0,empirical,,7.0,28.0,28.0,33.60033130135171
2021-05-12,45.51884273293148,exact,7.0,7.0,202105,202105,40.48926436833335,interp,7.0,35.0,202105,202106,37.53223664982707,interp,7.0,35.0,202105,202106,5,3,2,7.0,15683.5,15600.0,0.477840909090909,80.0,empirical,202105W2(d0):dte=0 < 1,0.0,28.0,28.0,32.6295149748211
2021-05-13,37.26830174603308,interp,6.0,34.0,202105,202106,34.67446636109733,interp,6.0,34.0,202105,202106,33.208350034844194,interp,6.0,34.0,202105,202106,5,2,2,6.0,15565.0,15550.0,0.575164664858582,87.0,empirical,,28.0,28.0,28.0,32.150410813676125
2021-05-14,34.213375830131454,interp,5.0,33.0,202105,202106,32.32527581019841,interp,5.0,33.0,202105,202106,31.271711185642506,interp,5.0,33.0,202105,202106,5,2,2,5.0,15768.0,15750.0,0.5444444444444445,90.0,empirical,,28.0,28.0,28.0,32.51604293665518
2021-05-17,44.73453747920061,interp,2.0,30.0,202105,202106,40.72836584565865,interp,2.0,30.0,202105,202106,38.42131725549044,exact,30.0,30.0,202106,202106,5,2,2,2.0,15260.0,15250.0,0.6555555555555556,90.0,empirical,,28.0,28.0,0.0,31.898250728862976
2021-05-18,34.02652503815398,interp,1.0,29.0,202105,202106,32.96482127464064,interp,1.0,29.0,202105,202106,32.085377710579834,interp,29.0,64.0,202106,202107,5,2,2,1.0,16146.5,16100.0,0.5703983516483517,91.0,empirical,,28.0,28.0,35.0,33.36077922077923
2021-05-19,33.44762468406529,exact,7.0,7.0,202105W4,202105W4,32.19687613080773,interp,7.0,28.0,202105W4,202106,31.006677666732184,interp,28.0,63.0,202106,202107,5,3,2,7.0,16057.0,16050.0,0.8112701252236136,43.0,empirical,202105(d0):dte=0 < 1,0.0,21.0,35.0,33.1338351444474
2021-05-20,32.455548471333344,interp,6.0,27.0,202105W4,202106,31.00675639026172,interp,6.0,27.0,202105W4,202106,29.59404865675057,interp,27.0,62.0,202106,202107,6,2,2,6.0,16016.5,16000.0,0.8175574425574426,44.0,empirical,,21.0,21.0,35.0,32.90689106811556
2021-05-21,28.88421531519127,interp,5.0,26.0,202105W4,202106,28.622087482124904,interp,5.0,26.0,202105W4,202106,27.74240217026805,interp,26.0,61.0,202106,202107,6,2,2,5.0,16289.5,16250.0,0.7908424908424909,45.0,empirical,,21.0,21.0,35.0,33.37338722501988
2021-05-24,30.808191790148506,interp,2.0,23.0,202105W4,202106,29.851726380472783,interp,2.0,23.0,202105W4,202106,27.98174798074681,interp,23.0,58.0,202106,202107,6,2,2,2.0,16323.0,16300.0,0.7645211930926217,49.0,empirical,,21.0,21.0,35.0,33.32295520805725
2021-05-25,26.869351165600914,interp,1.0,22.0,202105W4,202106,26.78699803842108,interp,1.0,22.0,202105W4,202106,25.667609756429925,interp,22.0,57.0,202106,202107,6,2,2,1.0,16605.0,16600.0,0.6114599686028257,49.0,empirical,,21.0,21.0,35.0,33.890315398886834
2021-05-26,22.00248516362188,exact,7.0,7.0,202106W1,202106W1,23.87110415282461,interp,7.0,21.0,202106W1,202106,23.865753244413675,interp,21.0,56.0,202106,202107,6,3,2,7.0,16643.5,16600.0,0.7412698412698413,45.0,empirical,202105W4(d0):dte=0 < 1,0.0,14.0,35.0,33.91553140736814
2021-05-27,24.08451187786688,interp,6.0,20.0,202106W1,202106,24.90949826615476,interp,6.0,20.0,202106W1,202106,24.29399346275692,interp,20.0,55.0,202106,202107,6,2,2,6.0,16561.5,16550.0,0.6661490683229814,46.0,empirical,,14.0,14.0,35.0,33.675979326795655
2021-05-28,21.95163359148092,interp,5.0,19.0,202106W1,202106,23.16406947687091,interp,5.0,19.0,202106W1,202106,22.854471871033745,interp,19.0,54.0,202106,202107,6,2,2,5.0,16883.0,16850.0,0.677257525083612,46.0,empirical,,14.0,14.0,35.0,34.24333951762524
2021-05-31,24.29382080602665,interp,2.0,16.0,202106W1,202106,24.26408700564868,interp,2.0,16.0,202106W1,202106,23.20043489410271,interp,16.0,51.0,202106,202107,6,2,2,2.0,17033.5,17000.0,0.6437190260719673,51.0,empirical,,14.0,14.0,35.0,34.571147627882326
2021-06-01,22.53510363221814,interp,1.0,15.0,202106W1,202106,22.69597539441669,interp,1.0,15.0,202106W1,202106,22.01942611278763,interp,15.0,50.0,202106,202107,6,2,2,1.0,17157.5,17150.0,0.4379620379620379,55.0,empirical,,14.0,14.0,35.0,34.72244367877021
2021-06-02,21.01101544510265,exact,7.0,7.0,202106W2,202106W2,23.20933478855185,exact,14.0,14.0,202106,202106,21.98614739969856,interp,14.0,49.0,202106,202107,6,3,2,7.0,17126.0,17100.0,0.6727846621463642,47.0,empirical,202106W1(d0):dte=0 < 1,0.0,0.0,35.0,34.72244367877021
2021-06-03,20.233180000751453,interp,6.0,13.0,202106W2,202106,21.883635006148342,interp,13.0,48.0,202106,202107,21.01809115376448,interp,13.0,48.0,202106,202107,6,2,2,6.0,17254.0,17250.0,0.6031096563011457,47.0,empirical,,7.0,35.0,35.0,34.697227670288896
2021-06-04,22.4195523164432,interp,5.0,12.0,202106W2,202106,23.1237833440547,interp,12.0,47.0,202106,202107,21.95850589160459,interp,12.0,47.0,202106,202107,6,2,2,5.0,17124.0,17100.0,0.5784929356357927,49.0,empirical,,7.0,35.0,35.0,34.53332361516035
2021-06-07,25.315696945437693,interp,2.0,9.0,202106W2,202106,24.017830616058607,interp,9.0,44.0,202106,202107,22.86873091682301,interp,9.0,44.0,202106,202107,6,2,2,2.0,17114.5,17100.0,0.4827315541601256,49.0,empirical,,7.0,35.0,35.0,34.62157964484496
2021-06-08,22.93093042918092,interp,1.0,8.0,202106W2,202106,22.68423379841473,interp,8.0,43.0,202106,202107,22.51039239834001,interp,8.0,43.0,202106,202107,6,2,2,1.0,17111.5,17100.0,0.4232967032967033,50.0,empirical,,7.0,35.0,35.0,34.41985157699444
2021-06-09,21.452160878898663,exact,7.0,7.0,202106,202106,21.560052905891204,interp,7.0,42.0,202106,202107,21.61737513979258,interp,7.0,42.0,202106,202107,5,2,1,7.0,16959.0,16950.0,0.504950495049505,101.0,empirical,202106W2(d0):dte=0 < 1,0.0,35.0,35.0,34.16769149218129
2021-06-10,17.95411455786787,interp,6.0,41.0,202106,202107,18.885775394518014,interp,6.0,41.0,202106,202107,19.3643417055574,interp,6.0,41.0,202106,202107,5,1,1,6.0,17157.5,17150.0,0.3627450980392157,102.0,empirical,,35.0,35.0,35.0,34.697227670288896
2021-06-11,16.50037253963228,interp,5.0,40.0,202106,202107,17.952037708285008,interp,5.0,40.0,202106,202107,18.680188756468866,interp,5.0,40.0,202106,202107,5,2,2,5.0,17219.0,17200.0,0.4834689057990028,74.0,empirical,,35.0,35.0,35.0,34.82330771269547
2021-06-15,17.719532708320507,interp,1.0,36.0,202106,202107,17.613143391683767,interp,1.0,36.0,202106,202107,17.556138808440366,interp,1.0,36.0,202106,202107,5,2,2,1.0,17398.5,17350.0,0.4513907110994489,74.0,empirical,,35.0,35.0,35.0,35.01242777630533
2021-06-16,16.690761082990196,exact,7.0,7.0,202106W4,202106W4,17.391721917981027,interp,7.0,35.0,202106W4,202107,17.75425536790001,interp,7.0,35.0,202106W4,202107,5,3,2,7.0,17321.0,17300.0,0.7169350201265094,47.0,empirical,202106(d0):dte=0 < 1,0.0,28.0,28.0,34.97460376358335
2021-06-17,16.14285237677857,interp,6.0,34.0,202106W4,202107,17.070328599650914,interp,6.0,34.0,202106W4,202107,17.5449465898943,interp,6.0,34.0,202106W4,202107,6,2,2,6.0,17391.0,17350.0,0.6712630998345284,49.0,empirical,,28.0,28.0,28.0,34.873739729658105
2021-06-18,16.342384759198744,interp,5.0,33.0,202106W4,202107,17.221203418842794,interp,5.0,33.0,202106W4,202107,17.672046039817065,interp,5.0,33.0,202106W4,202107,6,2,2,5.0,17336.0,17300.0,0.6474076116933261,49.0,empirical,,28.0,28.0,28.0,34.79809170421416
2021-06-21,22.01447338739261,interp,2.0,30.0,202106W4,202107,21.317408942998046,interp,2.0,30.0,202106W4,202107,20.936153649919497,exact,30.0,30.0,202107,202107,6,2,2,2.0,17068.5,17050.0,0.5897683397683398,49.0,empirical,,28.0,28.0,0.0,33.96596342433077
2021-06-22,20.10919767943077,interp,1.0,29.0,202106W4,202107,19.93952542541308,interp,1.0,29.0,202106W4,202107,19.861260547068568,interp,29.0,57.0,202107,202108,6,2,2,1.0,17134.0,17100.0,0.510326364099949,53.0,empirical,,28.0,28.0,28.0,34.00378743705274
2021-06-23,17.34357243867691,exact,7.0,7.0,202106W5,202106W5,18.27687048608289,interp,7.0,28.0,202106W5,202107,18.80503431140854,interp,28.0,56.0,202107,202108,6,3,2,7.0,17342.5,17300.0,0.6994712103407756,46.0,empirical,202106W4(d0):dte=0 < 1,0.0,21.0,28.0,34.55853962364167
2021-06-24,15.825952894281054,interp,6.0,27.0,202106W5,202107,17.3435657588435,interp,6.0,27.0,202106W5,202107,18.13280122174529,interp,27.0,55.0,202107,202108,6,2,2,6.0,17406.5,17400.0,0.656964656964657,52.0,empirical,,21.0,21.0,28.0,34.47028359395706
2021-06-25,16.384971321590243,interp,5.0,26.0,202106W5,202107,17.94744825201405,interp,5.0,26.0,202106W5,202107,18.66439112096392,interp,26.0,54.0,202107,202108,6,2,2,5.0,17489.0,17450.0,0.5721570627231005,53.0,empirical,,21.0,21.0,28.0,34.53332361516035
2021-06-28,18.49802687434259,interp,2.0,23.0,202106W5,202107,18.641341300377555,interp,2.0,23.0,202106W5,202107,18.727038371563427,interp,23.0,51.0,202107,202108,6,2,2,2.0,17594.5,17550.0,0.5606879606879607,55.0,empirical,,21.0,21.0,28.0,34.596363636363634
2021-06-29,19.31011879144568,interp,1.0,22.0,202106W5,202107,19.39436623455244,interp,1.0,22.0,202106W5,202107,19.20066120044812,interp,22.0,50.0,202107,202108,6,2,2,1.0,17606.0,17600.0,0.4166666666666666,57.0,empirical,,21.0,21.0,28.0,34.697227670288896
2021-06-30,15.35647445115614,exact,7.0,7.0,202107W1,202107W1,18.02979615743923,interp,7.0,21.0,202107W1,202107,18.786072841206423,interp,21.0,49.0,202107,202108,6,3,2,7.0,17762.5,17750.0,0.705434157561817,47.0,empirical,202106W5(d0):dte=0 < 1,0.0,14.0,28.0,35.03764378478664
2021-07-01,16.923762244204333,interp,6.0,20.0,202107W1,202107,18.97747649454152,interp,6.0,20.0,202107W1,202107,19.294763757080624,interp,20.0,48.0,202107,202108,6,2,2,6.0,17709.5,17700.0,0.5704334365325078,51.0,empirical,,14.0,14.0,28.0,34.873739729658105
2021-07-02,17.01435095218679,interp,5.0,19.0,202107W1,202107,18.832786008461348,interp,5.0,19.0,202107W1,202107,19.168791928996463,interp,19.0,47.0,202107,202108,6,2,2,5.0,17703.5,17700.0,0.5245098039215687,51.0,empirical,,14.0,14.0,28.0,34.873739729658105
2021-07-05,19.026531299600567,interp,2.0,16.0,202107W1,202107,19.41855887055821,interp,2.0,16.0,202107W1,202107,19.16085274734797,interp,16.0,44.0,202107,202108,6,2,2,2.0,17926.5,17900.0,0.5773993808049536,51.0,empirical,,14.0,14.0,28.0,35.201547839915186
2021-07-06,18.8232308629024,interp,1.0,15.0,202107W1,202107,19.007525273894856,interp,1.0,15.0,202107W1,202107,18.880944670578643,interp,15.0,43.0,202107,202108,6,2,2,1.0,17916.25,17900.0,0.4547785547785548,55.0,empirical,,14.0,14.0,28.0,35.23937185263716
2021-07-07,15.862653728857412,exact,7.0,7.0,202107W2,202107W2,19.1112638197658,exact,14.0,14.0,202107,202107,19.30638475662381,interp,14.0,42.0,202107,202108,6,3,2,7.0,17854.0,17850.0,0.6109366823652538,49.0,empirical,202107W1(d0):dte=0 < 1,0.0,0.0,28.0,35.0502517890273
2021-07-08,16.4142882995707,interp,6.0,13.0,202107W2,202107,18.954047272066816,interp,13.0,41.0,202107,202108,19.064914091182253,interp,13.0,41.0,202107,202108,6,2,2,6.0,17849.5,17800.0,0.5833333333333333,51.0,empirical,,7.0,28.0,28.0,35.01242777630533
2021-07-09,18.787672963639768,interp,5.0,12.0,202107W2,202107,20.35337892965816,interp,12.0,40.0,202107,202108,20.357719227547147,interp,12.0,40.0,202107,202108,6,3,3,5.0,17690.0,17650.0,0.5397394000335177,51.0,empirical,,7.0,28.0,28.0,34.735051683010866
2021-07-12,19.573152928741617,interp,2.0,9.0,202107W2,202107,19.717726677664032,interp,9.0,37.0,202107,202108,19.720405391077968,interp,9.0,37.0,202107,202108,6,3,3,2.0,17836.5,17800.0,0.5518324268324268,55.0,empirical,,7.0,28.0,28.0,35.0502517890273
2021-07-13,19.32162966974072,interp,1.0,8.0,202107W2,202107,19.518091265715032,interp,8.0,36.0,202107,202108,19.63870296455968,interp,8.0,36.0,202107,202108,6,3,3,1.0,17868.5,17850.0,0.4057498057498057,55.0,empirical,,7.0,28.0,28.0,35.34023588656242
2021-07-14,17.479346307749466,exact,7.0,7.0,202107,202107,18.722223920748416,interp,7.0,35.0,202107,202108,19.352481318285665,interp,7.0,35.0,202107,202108,5,3,2,7.0,17872.0,17850.0,0.563358302122347,72.0,empirical,202107W2(d0):dte=0 < 1,0.0,28.0,28.0,35.42849191624702
2021-07-15,16.671547321363906,interp,6.0,34.0,202107,202108,18.08017922716744,interp,6.0,34.0,202107,202108,18.788316120542618,interp,6.0,34.0,202107,202108,5,2,2,6.0,18020.5,18000.0,0.4826779026217228,72.0,empirical,,28.0,28.0,28.0,35.756300026504114
2021-07-16,15.522077077687925,interp,5.0,33.0,202107,202108,17.519358593447638,interp,5.0,33.0,202107,202108,18.496600178858262,interp,5.0,33.0,202107,202108,5,2,2,5.0,17925.5,17900.0,0.4521292435973794,73.0,empirical,,28.0,28.0,28.0,35.27719586535913
2021-07-19,20.726640063950573,interp,2.0,30.0,202107,202108,20.664857225958723,interp,2.0,30.0,202107,202108,20.631830730158125,exact,30.0,30.0,202108,202108,5,2,2,2.0,17793.5,17750.0,0.4507147111375819,73.0,empirical,,28.0,28.0,0.0,34.873739729658105
2021-07-20,23.363044979099108,interp,1.0,29.0,202107,202108,23.07833422782296,interp,1.0,29.0,202107,202108,22.945274882956323,interp,29.0,57.0,202108,202109,5,2,2,1.0,17558.0,17550.0,0.4303901131625968,73.0,empirical,,28.0,28.0,28.0,34.596363636363634
2021-07-21,19.81532345952533,exact,7.0,7.0,202107W4,202107W4,21.23462606530124,interp,7.0,28.0,202107W4,202108,22.056165952445543,interp,28.0,56.0,202108,202109,5,3,2,7.0,17424.5,17400.0,0.7004851598173516,48.0,empirical,202107(d0):dte=0 < 1,0.0,21.0,28.0,34.47028359395706
2021-07-22,16.64263649423279,interp,6.0,27.0,202107W4,202108,18.991794876644946,interp,6.0,27.0,202107W4,202108,20.29242505828733,interp,27.0,55.0,202108,202109,6,2,2,6.0,17529.5,17500.0,0.7063181436958345,49.0,empirical,,21.0,21.0,28.0,34.70983567452956
2021-07-23,16.851424572271487,interp,5.0,26.0,202107W4,202108,18.618853704766707,interp,5.0,26.0,202107W4,202108,19.72853819982976,interp,26.0,54.0,202108,202109,6,2,2,5.0,17525.5,17500.0,0.5808219178082192,50.0,empirical,,21.0,21.0,28.0,34.70983567452956
2021-07-26,21.01352696960155,interp,2.0,23.0,202107W4,202108,21.14579868641753,interp,2.0,23.0,202107W4,202108,21.45347485999165,interp,23.0,51.0,202108,202109,6,2,2,2.0,17348.5,17300.0,0.5882191780821918,50.0,empirical,,21.0,21.0,28.0,34.40724357275378
2021-07-27,21.21689713283053,interp,1.0,22.0,202107W4,202108,21.119212440050354,interp,1.0,22.0,202107W4,202108,21.50826192210755,interp,22.0,50.0,202108,202109,6,2,2,1.0,17281.5,17250.0,0.5209508460918614,51.0,empirical,,21.0,21.0,28.0,34.394635568513124
2021-07-28,22.18338329288973,exact,7.0,7.0,202108W1,202108W1,23.406854321747847,interp,7.0,21.0,202108W1,202108,23.692593904385472,interp,21.0,49.0,202108,202109,6,3,2,7.0,17067.5,17050.0,0.6588743299583085,46.0,empirical,202107W4(d0):dte=0 < 1,0.0,14.0,28.0,33.85249138616486
2021-07-29,17.251619939415658,interp,6.0,20.0,202108W1,202108,19.15087257866464,interp,6.0,20.0,202108W1,202108,20.533360209956097,interp,20.0,48.0,202108,202109,6,2,2,6.0,17409.0,17400.0,0.6448140900195695,49.0,empirical,,14.0,14.0,28.0,34.41985157699444
2021-07-30,19.89919373706453,interp,5.0,19.0,202108W1,202108,21.000371205229644,interp,5.0,19.0,202108W1,202108,21.797984512307146,interp,19.0,47.0,202108,202109,6,2,2,5.0,17251.5,17250.0,0.6105110642781876,52.0,empirical,,14.0,14.0,28.0,34.30637953882852
2021-08-02,19.38888644739936,interp,2.0,16.0,202108W1,202108,19.47510703087961,interp,2.0,16.0,202108W1,202108,20.58755725834797,interp,16.0,44.0,202108,202109,6,2,2,2.0,17522.0,17500.0,0.5335879873551106,52.0,empirical,,14.0,14.0,28.0,34.77287569573284
2021-08-03,19.637255014470377,interp,1.0,15.0,202108W1,202108,19.722567857846137,interp,1.0,15.0,202108W1,202108,20.74707519282008,interp,15.0,43.0,202108,202109,6,2,2,1.0,17548.5,17500.0,0.447869101978691,54.0,empirical,,14.0,14.0,28.0,34.91156374238007
2021-08-04,15.10608933852525,exact,7.0,7.0,202108W2,202108W2,17.91848062174375,exact,14.0,14.0,202108,202108,19.76824642833578,interp,14.0,42.0,202108,202109,6,3,2,7.0,17617.0,17600.0,0.6550181716522225,49.0,empirical,202108W1(d0):dte=0 < 1,0.0,0.0,28.0,35.113291810230585
2021-08-05,15.337028210509922,interp,6.0,13.0,202108W2,202108,17.46791224907529,interp,13.0,41.0,202108,202109,19.26154005062364,interp,13.0,41.0,202108,202109,6,2,2,6.0,17590.5,17550.0,0.5123287671232877,50.0,empirical,,7.0,28.0,28.0,35.0502517890273
2021-08-06,16.871092518776717,interp,5.0,12.0,202108W2,202108,18.34505403481738,interp,12.0,40.0,202108,202109,19.58180429279761,interp,12.0,40.0,202108,202109,6,3,3,5.0,17489.5,17450.0,0.4770787258623535,50.0,empirical,,7.0,28.0,28.0,34.99981977206468
2021-08-09,19.436181888213653,interp,2.0,9.0,202108W2,202108,19.99570837063543,interp,9.0,37.0,202108,202109,20.49559375015157,interp,9.0,37.0,202108,202109,6,3,3,2.0,17450.5,17450.0,0.5083919238598229,50.0,empirical,,7.0,28.0,28.0,34.89895573813941
2021-08-10,19.28144780616908,interp,1.0,8.0,202108W2,202108,20.194782286572902,interp,8.0,36.0,202108,202109,20.80359437024625,interp,8.0,36.0,202108,202109,6,3,3,1.0,17336.75,17300.0,0.4493920889035595,50.0,empirical,,7.0,28.0,28.0,34.70983567452956
2021-08-11,18.32233700848393,exact,7.0,7.0,202108,202108,19.98058219945829,interp,7.0,35.0,202108,202109,20.81102276527904,interp,7.0,35.0,202108,202109,5,3,2,7.0,17170.0,17150.0,0.4879518072289156,83.0,empirical,202108W2(d0):dte=0 < 1,0.0,28.0,28.0,34.596363636363634
2021-08-12,17.72460466325263,interp,6.0,34.0,202108,202109,18.707030267917148,interp,6.0,34.0,202108,202109,19.21045841806124,interp,6.0,34.0,202108,202109,5,2,2,6.0,17159.0,17150.0,0.4613453815261044,83.0,empirical,,28.0,28.0,28.0,34.53332361516035
2021-08-13,19.15323204245485,interp,5.0,33.0,202108,202109,19.88871965250175,interp,5.0,33.0,202108,202109,20.270070736904465,interp,5.0,33.0,202108,202109,5,2,2,5.0,16937.0,16900.0,0.4555364314400459,83.0,empirical,,28.0,28.0,28.0,34.20551550490326
2021-08-16,22.259037729501934,interp,2.0,30.0,202108,202109,21.522628872274552,interp,2.0,30.0,202108,202109,21.119380746993503,exact,30.0,30.0,202109,202109,5,2,2,2.0,16774.0,16750.0,0.4693891846455589,83.0,empirical,,28.0,28.0,0.0,34.129867479459314
2021-08-17,23.361527711583644,interp,1.0,29.0,202108,202109,22.879647941151653,interp,1.0,29.0,202108,202109,22.4797199507571,interp,29.0,64.0,202109,202110,5,2,2,1.0,16578.0,16550.0,0.4394499178981937,84.0,empirical,,28.0,28.0,35.0,33.87770739464617
2021-08-18,17.681215980894883,exact,7.0,7.0,202108W4,202108W4,19.81903354572954,interp,7.0,28.0,202108W4,202109,20.68049059276858,interp,28.0,63.0,202109,202110,5,3,2,7.0,16770.5,16750.0,0.6962915601023019,46.0,empirical,202108(d0):dte=0 < 1,0.0,21.0,35.0,34.016395441293405
2021-08-19,24.154291032780524,interp,6.0,27.0,202108W4,202109,24.53408310952817,interp,6.0,27.0,202108W4,202109,24.19315151161139,interp,27.0,62.0,202109,202110,6,2,2,6.0,16394.0,16350.0,0.6747899159663866,49.0,empirical,,21.0,21.0,35.0,33.23469917837265
2021-08-20,27.7685447405015,interp,5.0,26.0,202108W4,202109,27.45360153226322,interp,5.0,26.0,202108W4,202109,26.35668558457198,interp,26.0,61.0,202109,202110,6,2,2,5.0,16252.5,16250.0,0.6216623600344531,54.0,empirical,,21.0,21.0,35.0,32.96993108931885
2021-08-23,22.724979872950925,interp,2.0,23.0,202108W4,202109,22.56087931494876,interp,2.0,23.0,202108W4,202109,22.02608982873565,interp,23.0,58.0,202109,202110,6,2,2,2.0,16742.5,16700.0,0.6589147286821706,54.0,empirical,,21.0,21.0,35.0,33.87770739464617
2021-08-24,20.860541192679648,interp,1.0,22.0,202108W4,202109,20.95652529848148,interp,1.0,22.0,202108W4,202109,20.738169031175577,interp,22.0,57.0,202109,202110,6,2,2,1.0,16833.0,16800.0,0.5428509905254091,54.0,empirical,,21.0,21.0,35.0,33.97857142857143
2021-08-25,17.93279434764851,exact,7.0,7.0,202109W1,202109W1,19.93840937240185,interp,7.0,21.0,202109W1,202109,20.294405312406163,interp,21.0,56.0,202109,202110,6,3,2,7.0,16993.5,16950.0,0.6137512639029322,46.0,empirical,202108W4(d0):dte=0 < 1,0.0,14.0,35.0,34.30637953882852
2021-08-26,18.74764237423924,interp,6.0,20.0,202109W1,202109,20.14916628318692,interp,6.0,20.0,202109W1,202109,20.34811916069293,interp,20.0,55.0,202109,202110,6,2,2,6.0,17037.5,17000.0,0.5542635658914729,51.0,empirical,,14.0,14.0,35.0,34.54593161940101
2021-08-27,18.012456170430923,interp,5.0,19.0,202109W1,202109,19.498353398828684,interp,5.0,19.0,202109W1,202109,19.76353956188553,interp,19.0,54.0,202109,202110,6,2,2,5.0,17204.5,17200.0,0.6011171910624715,51.0,empirical,,14.0,14.0,35.0,34.83591571693613
2021-08-30,19.257575861844582,interp,2.0,16.0,202109W1,202109,19.40124132319929,interp,2.0,16.0,202109W1,202109,19.27101728199107,interp,16.0,51.0,202109,202110,6,2,2,2.0,17369.5,17350.0,0.4939707149009474,54.0,empirical,,14.0,14.0,35.0,35.17633183143388
2021-08-31,18.82819253720185,interp,1.0,15.0,202109W1,202109,18.899342858167994,interp,1.0,15.0,202109W1,202109,18.98897844587643,interp,15.0,50.0,202109,202110,6,2,2,1.0,17486.5,17450.0,0.3612670408981555,58.0,empirical,,14.0,14.0,35.0,35.39066790352505
2021-09-01,15.76794666683873,exact,7.0,7.0,202109W2,202109W2,18.1751367581362,exact,14.0,14.0,202109,202109,18.880264753665337,interp,14.0,49.0,202109,202110,6,3,2,7.0,17504.5,17500.0,0.5583869371598218,47.0,empirical,202109W1(d0):dte=0 < 1,0.0,0.0,35.0,35.5545719586536
2021-09-02,17.068423281262262,interp,6.0,13.0,202109W2,202109,18.72671113345256,interp,13.0,48.0,202109,202110,18.963408415119414,interp,13.0,48.0,202109,202110,6,2,2,6.0,17339.0,17300.0,0.4777131782945736,48.0,empirical,,7.0,35.0,35.0,35.27719586535913
2021-09-03,17.16582457031879,interp,5.0,12.0,202109W2,202109,18.310973732821324,interp,12.0,47.0,202109,202110,18.40280591578372,interp,12.0,47.0,202109,202110,6,2,2,5.0,17521.5,17500.0,0.5077519379844961,51.0,empirical,,7.0,35.0,35.0,35.78151603498543
2021-09-06,18.23502888802399,interp,2.0,9.0,202109W2,202109,18.411590507748127,interp,9.0,44.0,202109,202110,18.52492225432692,interp,9.0,44.0,202109,202110,6,2,2,2.0,17502.5,17500.0,0.3356133150934792,51.0,empirical,,7.0,35.0,35.0,35.94542009011397
2021-09-07,18.397101101368204,interp,1.0,8.0,202109W2,202109,18.59192933941469,interp,8.0,43.0,202109,202110,18.722928562842213,interp,8.0,43.0,202109,202110,6,2,2,1.0,17438.0,17400.0,0.3218194254445964,51.0,empirical,,7.0,35.0,35.0,35.78151603498543
2021-09-08,19.1554224732604,exact,7.0,7.0,202109,202109,19.32437398170064,interp,7.0,42.0,202109,202110,19.413880264755143,interp,7.0,42.0,202109,202110,5,2,1,7.0,17261.0,17250.0,0.3711340206185567,97.0,empirical,202109W2(d0):dte=0 < 1,0.0,35.0,35.0,35.466315928969
2021-09-09,19.34298828936154,interp,6.0,41.0,202109,202110,19.48259527180847,interp,6.0,41.0,202109,202110,19.556644835584887,interp,6.0,41.0,202109,202110,5,1,1,6.0,17237.0,17200.0,0.3775510204081632,98.0,empirical,,35.0,35.0,35.0,35.378059899284395
2021-09-10,16.744963305893197,interp,5.0,40.0,202109,202110,17.76398785295817,interp,5.0,40.0,202109,202110,18.284260468492874,interp,5.0,40.0,202109,202110,5,2,2,5.0,17474.0,17450.0,0.5471552257266543,66.0,empirical,,35.0,35.0,35.0,35.79412403922608
2021-09-13,18.647665098456383,interp,2.0,37.0,202109,202110,18.502492769125244,interp,2.0,37.0,202109,202110,18.424599824603565,interp,2.0,37.0,202109,202110,5,2,2,2.0,17440.0,17400.0,0.5293753865182437,66.0,empirical,,35.0,35.0,35.0,35.668043996819506
2021-09-14,18.21489197363884,interp,1.0,36.0,202109,202110,18.214705763998936,interp,1.0,36.0,202109,202110,18.21460645141261,interp,1.0,36.0,202109,202110,5,2,2,1.0,17462.0,17450.0,0.4785095856524428,66.0,empirical,,35.0,35.0,35.0,35.70586800954148
2021-09-15,13.969771083010473,exact,7.0,7.0,202109W4,202109W4,16.677882944578897,interp,7.0,35.0,202109W4,202110,17.955973743032363,interp,7.0,35.0,202109W4,202110,5,3,2,7.0,17350.5,17350.0,0.6837121212121212,48.0,empirical,202109(d0):dte=0 < 1,0.0,28.0,28.0,35.491531937450304
2021-09-16,14.10692547891238,interp,6.0,34.0,202109W4,202110,16.653177351225565,interp,6.0,34.0,202109W4,202110,17.8633861921732,interp,6.0,34.0,202109W4,202110,6,2,2,6.0,17279.5,17250.0,0.6440940012368583,49.0,empirical,,28.0,28.0,28.0,35.327627882321764
2021-09-17,14.086585232125588,interp,5.0,33.0,202109W4,202110,16.550465217048842,interp,5.0,33.0,202109W4,202110,17.725041808510337,interp,5.0,33.0,202109W4,202110,6,2,2,5.0,17315.0,17300.0,0.5784848484848485,50.0,empirical,,28.0,28.0,28.0,35.42849191624702
2021-09-22,20.814927894940293,exact,7.0,7.0,202109W5,202109W5,21.294943255143973,interp,7.0,28.0,202109W5,202110,21.6631156460455,interp,28.0,56.0,202110,202111,6,3,2,7.0,16917.0,16900.0,0.7192134107027723,47.0,empirical,202109W4(d0):dte=0 < 1,0.0,21.0,28.0,34.596363636363634
2021-09-23,16.70786228152665,interp,6.0,27.0,202109W5,202110,18.724884766326845,interp,6.0,27.0,202109W5,202110,19.912301713065315,interp,27.0,55.0,202110,202111,6,2,2,6.0,17102.0,17100.0,0.6835016835016835,54.0,empirical,,21.0,21.0,28.0,34.79809170421416
2021-09-24,15.845921337533714,interp,5.0,26.0,202109W5,202110,17.823169736001304,interp,5.0,26.0,202109W5,202110,19.06271080870306,interp,26.0,54.0,202110,202111,6,2,2,5.0,17261.5,17250.0,0.6237373737373737,54.0,empirical,,21.0,21.0,28.0,35.21415584415585
2021-09-27,18.4387595112424,interp,2.0,23.0,202109W5,202110,18.84341350389695,interp,2.0,23.0,202109W5,202110,19.620144789192707,interp,23.0,51.0,202110,202111,6,2,2,2.0,17311.0,17300.0,0.5420875420875421,54.0,empirical,,21.0,21.0,28.0,35.30241187384045
2021-09-28,19.62312122480657,interp,1.0,22.0,202109W5,202110,19.75883468025692,interp,1.0,22.0,202109W5,202110,20.402204024458182,interp,22.0,50.0,202110,202111,6,2,2,1.0,17187.0,17150.0,0.441077441077441,54.0,empirical,,21.0,21.0,28.0,35.0502517890273
2021-09-29,20.4540952735486,exact,7.0,7.0,202110W1,202110W1,22.12307041504495,interp,7.0,21.0,202110W1,202110,22.76989446133252,interp,21.0,49.0,202110,202111,6,3,2,7.0,16838.5,16800.0,0.6617259552042161,46.0,empirical,202109W5(d0):dte=0 < 1,0.0,14.0,28.0,34.29377153458786
2021-09-30,19.05024485324973,interp,6.0,20.0,202110W1,202110,21.023454285282536,interp,6.0,20.0,202110W1,202110,22.06871529108899,interp,20.0,48.0,202110,202111,6,2,2,6.0,16942.5,16900.0,0.6898227558604917,53.0,empirical,,14.0,14.0,28.0,34.55853962364167
2021-10-01,23.62460140507673,interp,5.0,19.0,202110W1,202110,24.59078275625237,interp,5.0,19.0,202110W1,202110,24.577980748511,interp,19.0,47.0,202110,202111,6,2,2,5.0,16543.5,16500.0,0.6993996569468267,53.0,empirical,,14.0,14.0,28.0,33.77684336072091
2021-10-04,26.83035926362436,interp,2.0,16.0,202110W1,202110,26.14030815245073,interp,2.0,16.0,202110W1,202110,25.355445377539983,interp,16.0,44.0,202110,202111,6,2,2,2.0,16386.5,16350.0,0.5446570972886762,57.0,empirical,,14.0,14.0,28.0,33.5751152928704
2021-10-05,25.08167955617091,interp,1.0,15.0,202110W1,202110,25.10028802708981,interp,1.0,15.0,202110W1,202110,24.90147745941884,interp,15.0,43.0,202110,202111,6,2,2,1.0,16419.0,16400.0,0.5495529061102832,61.0,empirical,,14.0,14.0,28.0,33.52468327590776
2021-10-06,21.41098597104408,exact,7.0,7.0,202110W2,202110W2,25.199813025547925,exact,14.0,14.0,202110,202110,24.99315606655285,interp,14.0,42.0,202110,202111,6,3,2,7.0,16380.5,16350.0,0.6767676767676768,45.0,empirical,202110W1(d0):dte=0 < 1,0.0,0.0,28.0,33.53729128014842
2021-10-07,20.19912461261126,interp,6.0,13.0,202110W2,202110,23.285457735644645,interp,13.0,41.0,202110,202111,23.71760777899945,interp,13.0,41.0,202110,202111,6,2,2,6.0,16717.5,16700.0,0.7027724049000645,47.0,empirical,,7.0,28.0,28.0,34.129867479459314
2021-10-08,20.934200492849246,interp,5.0,12.0,202110W2,202110,23.52081766621113,interp,12.0,40.0,202110,202111,24.10085117909895,interp,12.0,40.0,202110,202111,6,3,3,5.0,16637.0,16600.0,0.5582750582750582,51.0,empirical,,7.0,28.0,28.0,33.8398833819242
2021-10-12,25.685246225091063,interp,1.0,8.0,202110W2,202110,25.48480883488128,interp,8.0,36.0,202110,202111,25.336027744556112,interp,8.0,36.0,202110,202111,6,3,3,1.0,16427.0,16400.0,0.512692536221948,51.0,empirical,,7.0,28.0,28.0,33.49946726742645
2021-10-13,23.810313705614742,exact,7.0,7.0,202110,202110,24.04809565782283,interp,7.0,35.0,202110,202111,24.173956371242525,interp,7.0,35.0,202110,202111,5,3,2,7.0,16320.0,16300.0,0.6718623481781376,65.0,empirical,202110W2(d0):dte=0 < 1,0.0,28.0,28.0,33.38599522926054
2021-10-14,20.61827624788292,interp,6.0,34.0,202110,202111,21.754441149482176,interp,6.0,34.0,202110,202111,22.336778043147305,interp,6.0,34.0,202110,202111,5,2,2,6.0,16406.0,16400.0,0.6147852147852148,65.0,empirical,,28.0,28.0,28.0,33.47425125894514
2021-10-15,17.916246947045817,interp,5.0,33.0,202110,202111,19.41337348069388,interp,5.0,33.0,202110,202111,20.16644634102343,interp,5.0,33.0,202110,202111,5,2,2,5.0,16782.5,16750.0,0.6378621378621379,65.0,empirical,,28.0,28.0,28.0,34.35681155579115
2021-10-18,20.36051000362277,interp,2.0,30.0,202110,202111,20.43540840195097,interp,2.0,30.0,202110,202111,20.475242188055905,exact,30.0,30.0,202111,202111,5,2,2,2.0,16723.5,16700.0,0.5086538461538461,65.0,empirical,,28.0,28.0,0.0,34.25594752186589
2021-10-19,19.32069667444823,interp,1.0,29.0,202110,202111,19.328087421213144,interp,1.0,29.0,202110,202111,19.48762821087156,interp,29.0,57.0,202111,202112,5,2,2,1.0,16905.0,16900.0,0.4697115384615384,65.0,empirical,,28.0,28.0,28.0,34.53332361516035
2021-10-20,15.9563366192894,exact,7.0,7.0,202110W4,202110W4,17.940451164113693,interp,7.0,28.0,202110W4,202111,19.225219829017977,interp,28.0,56.0,202111,202112,5,3,2,7.0,16918.0,16900.0,0.7170940170940171,45.0,empirical,202110(d0):dte=0 < 1,0.0,21.0,28.0,34.44506758547575
2021-10-21,16.24794332601488,interp,6.0,27.0,202110W4,202111,17.701081502238456,interp,6.0,27.0,202110W4,202111,18.8580808088624,interp,27.0,55.0,202111,202112,6,2,2,6.0,16837.0,16800.0,0.6274247491638796,46.0,empirical,,21.0,21.0,28.0,34.31898754306918
2021-10-22,15.890052902357343,interp,5.0,26.0,202110W4,202111,17.5425131198017,interp,5.0,26.0,202110W4,202111,18.933191758706982,interp,26.0,54.0,202111,202112,6,2,2,5.0,16874.0,16850.0,0.6369565217391304,46.0,empirical,,21.0,21.0,28.0,34.41985157699444
2021-10-25,18.27980806286411,interp,2.0,23.0,202110W4,202111,18.597410053462774,interp,2.0,23.0,202110W4,202111,19.6045027423072,interp,23.0,51.0,202111,202112,6,2,2,2.0,16914.0,16900.0,0.6025083612040134,46.0,empirical,,21.0,21.0,28.0,34.394635568513124
2021-10-26,17.36349728968343,interp,1.0,22.0,202110W4,202111,17.516381900318407,interp,1.0,22.0,202110W4,202111,18.72960949526261,interp,22.0,50.0,202111,202112,6,2,2,1.0,17057.5,17050.0,0.4444816053511706,46.0,empirical,,21.0,21.0,28.0,34.68461966604824
2021-10-27,14.635525183480205,exact,7.0,7.0,202111W1,202111W1,15.922003570301646,interp,7.0,21.0,202111W1,202111,17.802208220972698,interp,21.0,49.0,202111,202112,6,3,2,7.0,17086.0,17050.0,0.5740802675585284,46.0,empirical,202110W4(d0):dte=0 < 1,0.0,14.0,28.0,34.68461966604824
2021-10-28,14.350305610403494,interp,6.0,20.0,202111W1,202111,15.787470312665176,interp,6.0,20.0,202111W1,202111,17.773398323172504,interp,20.0,48.0,202111,202112,6,2,2,6.0,17056.0,17050.0,0.5546644844517186,47.0,empirical,,14.0,14.0,28.0,34.58375563212298
2021-10-29,15.59750184421868,interp,5.0,19.0,202111W1,202111,16.850638817525784,interp,5.0,19.0,202111W1,202111,18.92731131080064,interp,19.0,47.0,202111,202112,6,2,2,5.0,16967.0,16950.0,0.509165302782324,47.0,empirical,,14.0,14.0,28.0,34.24333951762524
2021-11-01,17.02878118849769,interp,2.0,16.0,202111W1,202111,17.218507764417417,interp,2.0,16.0,202111W1,202111,19.20615558774483,interp,16.0,44.0,202111,202112,6,2,2,2.0,17095.5,17050.0,0.5631410256410256,48.0,empirical,,14.0,14.0,28.0,34.41985157699444
2021-11-02,17.32072943797953,interp,1.0,15.0,202111W1,202111,17.429703791826554,interp,1.0,15.0,202111W1,202111,19.211360779324608,interp,15.0,43.0,202111,202112,6,2,2,1.0,17059.5,17050.0,0.3766025641025641,48.0,empirical,,14.0,14.0,28.0,34.35681155579115
2021-11-03,14.387525135033258,exact,7.0,7.0,202111W2,202111W2,16.634275788807713,exact,14.0,14.0,202111,202111,18.83172075075521,interp,14.0,42.0,202111,202112,6,3,2,7.0,17097.5,17050.0,0.5971571906354515,46.0,empirical,202111W1(d0):dte=0 < 1,0.0,0.0,28.0,34.44506758547575
2021-11-04,14.329103846717723,interp,6.0,13.0,202111W2,202111,16.366714235805908,interp,13.0,41.0,202111,202112,18.00271275765695,interp,13.0,41.0,202111,202112,6,2,2,6.0,17080.5,17050.0,0.4996726677577742,47.0,empirical,,7.0,28.0,28.0,34.33159554730984
2021-11-05,14.056414050462894,interp,5.0,12.0,202111W2,202111,16.021716809496972,interp,12.0,40.0,202111,202112,17.666237690232155,interp,12.0,40.0,202111,202112,6,3,3,5.0,17275.0,17250.0,0.5191762138570649,47.0,empirical,,7.0,28.0,28.0,34.82330771269547
2021-11-08,14.957042060738848,interp,2.0,9.0,202111W2,202111,16.063414327596806,interp,9.0,37.0,202111,202112,16.972651272369667,interp,9.0,37.0,202111,202112,6,3,3,2.0,17427.5,17400.0,0.4391088486676722,51.0,empirical,,7.0,28.0,28.0,35.10068380598993
2021-11-09,15.01924573768714,interp,1.0,8.0,202111W2,202111,16.27410721452458,interp,8.0,36.0,202111,202112,17.105971454042347,interp,8.0,36.0,202111,202112,6,3,3,1.0,17548.75,17500.0,0.4297849211895334,53.0,empirical,,7.0,28.0,28.0,35.47892393320965
2021-11-10,14.422816984505411,exact,7.0,7.0,202111,202111,16.24367686167682,interp,7.0,35.0,202111,202112,17.13587012778151,interp,7.0,35.0,202111,202112,5,3,2,7.0,17553.5,17550.0,0.5076348278102664,76.0,empirical,202111W2(d0):dte=0 < 1,0.0,28.0,28.0,35.42849191624702
2021-11-11,14.598768541260029,interp,6.0,34.0,202111,202112,16.258554167553072,interp,6.0,34.0,202111,202112,17.077941093454744,interp,6.0,34.0,202111,202112,5,2,2,6.0,17470.0,17450.0,0.4430636777128005,76.0,empirical,,28.0,28.0,28.0,35.113291810230585
2021-11-12,14.155828503955986,interp,5.0,33.0,202111,202112,15.57889545724605,interp,5.0,33.0,202111,202112,16.287102830751564,interp,5.0,33.0,202111,202112,5,2,2,5.0,17544.0,17500.0,0.4349046015712682,77.0,empirical,,28.0,28.0,28.0,35.2267638483965
2021-11-15,16.141916625891035,interp,2.0,30.0,202111,202112,16.311315107618654,interp,2.0,30.0,202111,202112,16.400945569413402,exact,30.0,30.0,202112,202112,5,2,2,2.0,17665.5,17650.0,0.4284110950777617,77.0,empirical,,28.0,28.0,0.0,35.541963954412935
2021-11-16,15.681806681766494,interp,1.0,29.0,202111,202112,15.774077674039752,interp,1.0,29.0,202111,202112,15.924118769128878,interp,29.0,64.0,202112,202201,5,2,2,1.0,17699.0,17650.0,0.3585211485026243,79.0,empirical,,28.0,28.0,35.0,35.60500397561622
2021-11-17,11.462439070603647,exact,7.0,7.0,202111W4,202111W4,14.173397801785285,interp,7.0,28.0,202111W4,202112,15.586520044660189,interp,28.0,63.0,202112,202201,5,3,2,7.0,17779.0,17750.0,0.5265957446808511,47.0,empirical,202111(d0):dte=0 < 1,0.0,21.0,35.0,35.71847601378214
2021-11-18,12.26857753982963,interp,6.0,27.0,202111W4,202112,13.92046342747606,interp,6.0,27.0,202111W4,202112,14.992758359926263,interp,27.0,62.0,202112,202201,6,2,2,6.0,17869.0,17850.0,0.5554462748955004,49.0,empirical,,21.0,21.0,35.0,35.920204081632654
2021-11-19,13.054713755713118,interp,5.0,26.0,202111W4,202112,14.40596767490772,interp,5.0,26.0,202111W4,202112,15.390949346859257,interp,26.0,61.0,202112,202201,6,2,2,5.0,17861.5,17850.0,0.4657453342782896,51.0,empirical,,21.0,21.0,35.0,36.00846011131726
2021-11-22,15.171349960755723,interp,2.0,23.0,202111W4,202112,15.24327481670661,interp,2.0,23.0,202111W4,202112,15.901831865075582,interp,23.0,58.0,202112,202201,6,2,2,2.0,17841.0,17800.0,0.3436097330498464,51.0,empirical,,21.0,21.0,35.0,35.920204081632654
2021-11-23,15.74914905407836,interp,1.0,22.0,202111W4,202112,15.887946004691225,interp,1.0,22.0,202111W4,202112,16.60209367313492,interp,22.0,57.0,202112,202201,6,2,2,1.0,17673.0,17650.0,0.3639262934089298,51.0,empirical,,21.0,21.0,35.0,35.579787967134905
2021-11-24,12.14470686179519,exact,7.0,7.0,202112W1,202112W1,14.663717113714458,interp,7.0,21.0,202112W1,202112,16.271637461770926,interp,21.0,56.0,202112,202201,6,3,2,7.0,17692.0,17650.0,0.4886894516842882,49.0,empirical,202111W4(d0):dte=0 < 1,0.0,14.0,35.0,35.42849191624702
2021-11-25,12.391755966595936,interp,6.0,20.0,202112W1,202112,14.546026572889064,interp,6.0,20.0,202112W1,202112,16.096745740559633,interp,20.0,55.0,202112,202201,6,2,2,6.0,17692.0,17650.0,0.5062699778706663,49.0,empirical,,14.0,14.0,35.0,35.41588391200636
2021-11-26,17.601870474340274,interp,5.0,19.0,202112W1,202112,18.91280060386318,interp,5.0,19.0,202112W1,202112,19.21622099862685,interp,19.0,54.0,202112,202201,6,2,2,5.0,17353.5,17350.0,0.4821735923284976,49.0,empirical,,14.0,14.0,35.0,34.83591571693613
2021-11-29,21.52056291847752,interp,2.0,16.0,202112W1,202112,21.043767787719,interp,2.0,16.0,202112W1,202112,20.43904454513697,interp,16.0,51.0,202112,202201,6,2,2,2.0,17320.5,17300.0,0.4427710843373494,54.0,empirical,,14.0,14.0,35.0,34.83591571693613
2021-11-30,20.402322243800253,interp,1.0,15.0,202112W1,202112,20.14907948225224,interp,1.0,15.0,202112W1,202112,19.701077444608355,interp,15.0,50.0,202112,202201,6,2,2,1.0,17353.0,17350.0,0.3867469879518072,55.0,empirical,,14.0,14.0,35.0,34.79809170421416
2021-12-01,16.15688099603036,exact,7.0,7.0,202112W2,202112W2,18.41203888034664,exact,14.0,14.0,202112,202112,18.90182381378596,interp,14.0,49.0,202112,202201,6,3,2,7.0,17597.0,17550.0,0.5513303212851406,48.0,empirical,202112W1(d0):dte=0 < 1,0.0,0.0,35.0,35.378059899284395
2021-12-02,17.077138715890296,interp,6.0,13.0,202112W2,202112,18.757757690225805,interp,13.0,48.0,202112,202201,19.33273143226554,interp,13.0,48.0,202112,202201,6,2,2,6.0,17717.5,17700.0,0.4982282069454288,51.0,empirical,,7.0,35.0,35.0,35.756300026504114
2021-12-03,16.892161906908136,interp,5.0,12.0,202112W2,202112,17.98184809658485,interp,12.0,47.0,202112,202201,19.0299047991027,interp,12.0,47.0,202112,202201,6,2,2,5.0,17717.5,17700.0,0.4867246764837126,54.0,empirical,,7.0,35.0,35.0,35.74369202226345
2021-12-06,19.249958897183387,interp,2.0,9.0,202112W2,202112,19.62614963099599,interp,9.0,44.0,202112,202201,19.98949427291302,interp,9.0,44.0,202112,202201,6,2,2,2.0,17713.0,17700.0,0.4404283801874163,54.0,empirical,,7.0,35.0,35.0,35.64282798833819
2021-12-07,16.944212730977263,interp,1.0,8.0,202112W2,202112,17.645401602405023,interp,8.0,43.0,202112,202201,18.12776498287341,interp,8.0,43.0,202112,202201,6,2,2,1.0,17815.75,17800.0,0.2987505577867023,54.0,empirical,,7.0,35.0,35.0,35.756300026504114
2021-12-08,15.461646416254627,exact,7.0,7.0,202112,202112,16.614288607101308,interp,7.0,42.0,202112,202201,17.197471513667463,interp,7.0,42.0,202112,202201,5,2,1,7.0,17850.5,17850.0,0.3978494623655914,93.0,empirical,202112W2(d0):dte=0 < 1,0.0,35.0,35.0,35.89498807315134
2021-12-09,13.719493855453711,interp,6.0,41.0,202112,202201,15.251562218148404,interp,6.0,41.0,202112,202201,16.008825397187508,interp,6.0,41.0,202112,202201,5,1,1,6.0,17909.5,17900.0,0.3404255319148936,94.0,empirical,,35.0,35.0,35.0,35.80673204346674
2021-12-10,14.549599108586625,interp,5.0,40.0,202112,202201,15.79781655095998,interp,5.0,40.0,202112,202201,16.424791231802367,interp,5.0,40.0,202112,202201,5,2,2,5.0,17819.0,17800.0,0.5408653846153846,65.0,empirical,,35.0,35.0,35.0,35.79412403922608
2021-12-13,16.081516716065213,interp,2.0,37.0,202112,202201,16.139939714229616,interp,2.0,37.0,202112,202201,16.171012341849117,interp,2.0,37.0,202112,202201,5,2,2,2.0,17754.0,17750.0,0.4297275641025641,65.0,empirical,,35.0,35.0,35.0,35.68065200106017
2021-12-14,16.98680879094679,interp,1.0,36.0,202112,202201,16.810868592449193,interp,1.0,36.0,202112,202201,16.716276662678567,interp,1.0,36.0,202112,202201,5,2,2,1.0,17602.0,17600.0,0.4981760507533703,65.0,empirical,,35.0,35.0,35.0,35.327627882321764
2021-12-15,14.147102004573435,exact,7.0,7.0,202112W4,202112W4,15.803627464273523,interp,7.0,35.0,202112W4,202201,16.619732815054487,interp,7.0,35.0,202112W4,202201,5,3,2,7.0,17626.0,17600.0,0.581342062193126,47.0,empirical,202112(d0):dte=0 < 1,0.0,28.0,28.0,35.378059899284395
2021-12-16,12.522787484644516,interp,6.0,34.0,202112W4,202201,14.18687604988146,interp,6.0,34.0,202112W4,202201,14.999088297123375,interp,6.0,34.0,202112W4,202201,6,2,2,6.0,17829.5,17800.0,0.6317111459968603,49.0,empirical,,28.0,28.0,28.0,35.8193400477074
2021-12-17,14.177375571536675,interp,5.0,33.0,202112W4,202201,15.087513903844249,interp,5.0,33.0,202112W4,202201,15.551156266976228,interp,5.0,33.0,202112W4,202201,6,2,2,5.0,17806.0,17800.0,0.5885369532428355,51.0,empirical,,28.0,28.0,28.0,35.78151603498543
2021-12-20,18.208106458398387,interp,2.0,30.0,202112W4,202201,17.993351602250637,interp,2.0,30.0,202112W4,202201,17.87776089053661,exact,30.0,30.0,202201,202201,6,2,2,2.0,17608.5,17600.0,0.5583710407239819,51.0,empirical,,28.0,28.0,0.0,35.466315928969
2021-12-21,15.975626669320947,interp,1.0,29.0,202112W4,202201,16.01070017469753,interp,1.0,29.0,202112W4,202201,16.086712699828,interp,29.0,57.0,202201,202202,6,2,2,1.0,17816.75,17800.0,0.5128205128205128,51.0,empirical,,28.0,28.0,28.0,35.76890803074477
2021-12-22,11.722676021158914,exact,7.0,7.0,202112W5,202112W5,14.415617581584032,interp,7.0,28.0,202112W5,202201,15.730085333471004,interp,28.0,56.0,202201,202202,6,3,2,7.0,17853.5,17850.0,0.6587561374795418,47.0,empirical,202112W4(d0):dte=0 < 1,0.0,21.0,28.0,35.76890803074477
2021-12-23,12.108803857336143,interp,6.0,27.0,202112W5,202201,13.959567355230682,interp,6.0,27.0,202112W5,202201,15.037930827384177,interp,27.0,55.0,202201,202202,6,2,2,6.0,17970.5,17950.0,0.6470957613814756,49.0,empirical,,21.0,21.0,28.0,35.970636098595286
2021-12-24,11.889154689826086,interp,5.0,26.0,202112W5,202201,13.699234971623536,interp,5.0,26.0,202112W5,202201,14.78828981623154,interp,26.0,54.0,202201,202202,6,2,2,5.0,17974.0,17950.0,0.5668174962292609,51.0,empirical,,21.0,21.0,28.0,36.07150013252055
2021-12-27,14.648679778994625,interp,2.0,23.0,202112W5,202201,14.94273879351902,interp,2.0,23.0,202112W5,202201,15.352725846204155,interp,23.0,51.0,202201,202202,6,2,2,2.0,18082.0,18050.0,0.5058823529411764,51.0,empirical,,21.0,21.0,28.0,36.348876225815005
2021-12-28,14.000326121512709,interp,1.0,22.0,202112W5,202201,14.164795835853708,interp,1.0,22.0,202112W5,202201,14.635454092007732,interp,22.0,50.0,202201,202202,6,2,2,1.0,18215.5,18200.0,0.4312464265294453,53.0,empirical,,21.0,21.0,28.0,36.63886032335012
2021-12-29,11.932339460272471,exact,7.0,7.0,202201W1,202201W1,13.70320357064855,interp,7.0,21.0,202201W1,202201,14.64890004225689,interp,21.0,49.0,202201,202202,6,3,2,7.0,18293.5,18250.0,0.5997899159663865,49.0,empirical,202112W5(d0):dte=0 < 1,0.0,14.0,28.0,36.80276437847866
2021-12-30,11.517238285898072,interp,6.0,20.0,202201W1,202201,13.434368679352806,interp,6.0,20.0,202201W1,202201,14.444404276358076,interp,20.0,48.0,202201,202202,6,2,2,6.0,18232.0,18200.0,0.5011764705882353,50.0,empirical,,14.0,14.0,28.0,36.689292340312754
2022-01-03,14.346639158198387,interp,2.0,16.0,202201W1,202201,14.676795382198245,interp,2.0,16.0,202201W1,202201,15.283699518025706,interp,16.0,44.0,202201,202202,6,2,2,2.0,18286.0,18250.0,0.3638235294117647,50.0,empirical,,14.0,14.0,28.0,36.91623641664459
2022-01-04,14.397178356603211,interp,1.0,15.0,202201W1,202201,14.477238922406077,interp,1.0,15.0,202201W1,202201,15.05874415585558,interp,15.0,43.0,202201,202202,6,2,2,1.0,18525.25,18500.0,0.3401449275362319,50.0,empirical,,14.0,14.0,28.0,37.72314868804665
2022-01-05,13.165556172287276,exact,7.0,7.0,202201W2,202201W2,14.737882091862456,exact,14.0,14.0,202201,202201,15.12518119864608,interp,14.0,42.0,202201,202202,6,3,2,7.0,18492.0,18450.0,0.5005555555555555,50.0,empirical,202201W1(d0):dte=0 < 1,0.0,0.0,28.0,37.64750066260271
2022-01-06,15.008410343470835,interp,6.0,13.0,202201W2,202201,16.396935136298232,interp,13.0,41.0,202201,202202,16.45610884505249,interp,13.0,41.0,202201,202202,6,2,2,6.0,18349.5,18300.0,0.4550653594771242,51.0,empirical,,7.0,28.0,28.0,37.29447654386431
2022-01-07,16.950145474228083,interp,5.0,12.0,202201W2,202201,17.478103542473438,interp,12.0,40.0,202201,202202,17.441147830378835,interp,12.0,40.0,202201,202202,6,3,3,5.0,18155.5,18150.0,0.5918321206889464,53.0,empirical,,7.0,28.0,28.0,36.96666843360721
2022-01-10,16.34449960199796,interp,2.0,9.0,202201W2,202201,16.479855673331166,interp,9.0,37.0,202201,202202,16.61138640870239,interp,9.0,37.0,202201,202202,6,3,3,2.0,18271.0,18250.0,0.4163370026373121,57.0,empirical,,7.0,28.0,28.0,37.206220514179705
2022-01-11,15.960678662393043,interp,1.0,8.0,202201W2,202201,16.456100874236533,interp,8.0,36.0,202201,202202,16.794462390826748,interp,8.0,36.0,202201,202202,6,3,3,1.0,18294.75,18250.0,0.4004844627909643,57.0,empirical,,7.0,28.0,28.0,37.39534057778956
2022-01-12,14.80177144502127,exact,7.0,7.0,202201,202201,15.659526915444555,interp,7.0,35.0,202201,202202,16.0983198101998,interp,7.0,35.0,202201,202202,5,3,2,7.0,18375.5,18350.0,0.4915839829907866,68.0,empirical,202201W2(d0):dte=0 < 1,0.0,28.0,28.0,37.710540683806
2022-01-13,14.909224625825772,interp,6.0,34.0,202201,202202,15.599110802758185,interp,6.0,34.0,202201,202202,15.95485735588191,interp,6.0,34.0,202201,202202,5,2,2,6.0,18425.5,18400.0,0.5598739495798319,68.0,empirical,,28.0,28.0,28.0,37.89966074741586
2022-01-14,15.20219963743199,interp,5.0,33.0,202201,202202,16.283359102901247,interp,5.0,33.0,202201,202202,16.831605259099423,interp,5.0,33.0,202201,202202,5,2,2,5.0,18360.5,18350.0,0.4647058823529412,68.0,empirical,,28.0,28.0,28.0,37.89966074741586
2022-01-17,16.66057495947441,interp,2.0,30.0,202201,202202,16.732179894349585,interp,2.0,30.0,202201,202202,16.77024418137878,exact,30.0,30.0,202202,202202,5,2,2,2.0,18507.5,18500.0,0.4397058823529411,68.0,empirical,,28.0,28.0,0.0,38.3283328915982
2022-01-18,17.706035714947067,interp,1.0,29.0,202201,202202,17.658218775070498,interp,1.0,29.0,202201,202202,17.740929325690924,interp,29.0,57.0,202202,202203,5,2,2,1.0,18349.5,18300.0,0.4468194254445964,68.0,empirical,,28.0,28.0,28.0,37.89966074741586
2022-01-19,18.59145614276637,exact,7.0,7.0,202201W4,202201W4,18.77210895535702,interp,7.0,28.0,202201W4,202202,19.00272051213308,interp,28.0,56.0,202202,202203,5,3,2,7.0,18169.0,18150.0,0.6288235294117648,50.0,empirical,202201(d0):dte=0 < 1,0.0,21.0,28.0,37.44577259475219
2022-01-20,15.504657103273765,interp,6.0,27.0,202201W4,202202,16.885040658424572,interp,6.0,27.0,202201W4,202202,17.841271802507645,interp,27.0,55.0,202202,202203,6,2,2,6.0,18254.0,18250.0,0.589366515837104,52.0,empirical,,21.0,21.0,28.0,37.59706864564008
2022-01-21,18.567044822951008,interp,5.0,26.0,202201W4,202202,19.03915092698961,interp,5.0,26.0,202201W4,202202,19.670779349346795,interp,26.0,54.0,202202,202203,6,2,2,5.0,17921.5,17900.0,0.6054384017758047,53.0,empirical,,21.0,21.0,28.0,35.970636098595286
2022-01-24,19.03903486387429,interp,2.0,23.0,202201W4,202202,19.02424042627064,interp,2.0,23.0,202201W4,202202,19.77272510812263,interp,23.0,51.0,202202,202203,6,2,2,2.0,17986.5,17950.0,0.5489350912778904,58.0,empirical,,21.0,21.0,28.0,36.31105221309304
2022-01-25,23.511639644217205,interp,1.0,22.0,202201W4,202202,23.32835706638743,interp,1.0,22.0,202201W4,202202,23.555861170745505,interp,22.0,50.0,202202,202203,6,2,2,1.0,17710.0,17700.0,0.5844320486815415,58.0,empirical,,21.0,21.0,28.0,35.71847601378214
2022-01-26,,no_bracket,,,,,20.280959729606604,interp,12.0,21.0,202202W1,202202,23.166888617834264,interp,21.0,49.0,202202,202203,6,3,2,12.0,17655.0,17650.0,0.7163642052565706,47.0,empirical,202201W4(d0):dte=0 < 1,,9.0,28.0,35.69326000530083
2022-02-07,18.63212929150667,interp,2.0,9.0,202202W2,202202,19.47156445132076,interp,9.0,37.0,202202,202203,20.17514400581512,interp,9.0,37.0,202202,202203,6,4,3,2.0,17910.5,17900.0,0.4753681775740599,48.0,empirical,202202W1(d0):dte=0 < 1,7.0,28.0,28.0,35.882380068910685
2022-02-08,16.647787029766224,interp,1.0,8.0,202202W2,202202,18.06859309436921,interp,8.0,36.0,202202,202203,18.99786762021117,interp,8.0,36.0,202202,202203,6,3,3,1.0,17947.5,17900.0,0.4063583475348181,52.0,empirical,,7.0,28.0,28.0,36.03367611979857
2022-02-09,13.298602879785218,exact,7.0,7.0,202202,202202,15.765891284777693,interp,7.0,35.0,202202,202203,16.935433929378203,interp,7.0,35.0,202202,202203,5,3,2,7.0,18166.0,18150.0,0.5207134637514385,77.0,empirical,202202W2(d0):dte=0 < 1,0.0,28.0,28.0,36.15975616220515
2022-02-10,13.358077534987414,interp,6.0,34.0,202202,202203,15.201641346228351,interp,6.0,34.0,202202,202203,16.098782164705046,interp,6.0,34.0,202202,202203,5,2,2,6.0,18335.5,18300.0,0.5092191758858425,77.0,empirical,,28.0,28.0,28.0,36.57582030214684
2022-02-11,15.90158181107434,interp,5.0,33.0,202202,202203,16.94636673133615,interp,5.0,33.0,202202,202203,17.478067229689557,interp,5.0,33.0,202202,202203,5,2,2,5.0,18271.5,18250.0,0.4158973556563917,77.0,empirical,,28.0,28.0,28.0,36.55060429366552
2022-02-14,21.333554274059395,interp,2.0,30.0,202202,202203,20.97322664559225,interp,2.0,30.0,202202,202203,20.778497094537983,exact,30.0,30.0,202203,202203,5,2,2,2.0,17975.5,17950.0,0.4989047097480832,77.0,empirical,,28.0,28.0,0.0,35.98324410283594
2022-02-15,21.62915658298508,interp,1.0,29.0,202202,202203,21.52348365361747,interp,1.0,29.0,202202,202203,21.379925977710133,interp,29.0,64.0,202203,202204,5,2,2,1.0,17955.0,17950.0,0.4557972148333594,77.0,empirical,,28.0,28.0,35.0,35.8193400477074
2022-02-16,15.508836885228858,exact,7.0,7.0,202202W4,202202W4,17.468465682994953,interp,7.0,28.0,202202W4,202203,18.3888506173144,interp,28.0,63.0,202203,202204,5,3,2,7.0,18245.0,18200.0,0.679035250463822,49.0,empirical,202202(d0):dte=0 < 1,0.0,21.0,35.0,36.41191624701829
2022-02-17,16.63873220506202,interp,6.0,27.0,202202W4,202203,18.405416556744072,interp,6.0,27.0,202202W4,202203,19.151289854865933,interp,27.0,62.0,202203,202204,6,2,2,6.0,18268.5,18250.0,0.5818181818181818,55.0,empirical,,21.0,21.0,35.0,36.437132255499606
2022-02-18,17.51396711410286,interp,5.0,26.0,202202W4,202203,18.87833009638343,interp,5.0,26.0,202202W4,202203,19.3891422703676,interp,26.0,61.0,202203,202204,6,2,2,5.0,18253.0,18250.0,0.5,55.0,empirical,,21.0,21.0,35.0,36.33626822157434
2022-02-21,19.845946697600485,interp,2.0,23.0,202202W4,202203,19.97723686424408,interp,2.0,23.0,202202W4,202203,19.922077114210268,interp,23.0,58.0,202203,202204,6,2,2,2.0,18239.5,18200.0,0.5376623376623376,55.0,empirical,,21.0,21.0,35.0,36.2606201961304
2022-02-22,23.16163351102088,interp,1.0,22.0,202202W4,202203,23.0529766211031,interp,1.0,22.0,202202W4,202203,22.27092008242392,interp,22.0,57.0,202203,202204,6,2,2,1.0,17915.0,17900.0,0.5103896103896104,55.0,empirical,,21.0,21.0,35.0,35.76890803074477
2022-02-23,15.332740234603062,exact,7.0,7.0,202203W1,202203W1,18.76537443331182,interp,7.0,21.0,202203W1,202203,19.900130361046585,interp,21.0,56.0,202203,202204,6,3,2,7.0,18074.5,18050.0,0.5667903525046382,49.0,empirical,202202W4(d0):dte=0 < 1,0.0,14.0,35.0,35.86977206467002
2022-02-24,24.80619356003656,interp,6.0,20.0,202203W1,202203,26.09605961570713,interp,6.0,20.0,202203W1,202203,24.54404361616109,interp,20.0,55.0,202203,202204,6,2,2,6.0,17532.5,17500.0,0.6419658772599949,51.0,empirical,,14.0,14.0,35.0,34.99981977206468
2022-02-25,20.99608221465955,interp,5.0,19.0,202203W1,202203,22.989953952027854,interp,5.0,19.0,202203W1,202203,22.73647392906074,interp,19.0,54.0,202203,202204,6,2,2,5.0,17637.5,17600.0,0.6106612685560053,57.0,empirical,,14.0,14.0,35.0,34.92417174662073
2022-03-01,21.591446224228147,interp,1.0,15.0,202203W1,202203,21.71365976183993,interp,1.0,15.0,202203W1,202203,21.46009734561818,interp,15.0,50.0,202203,202204,6,2,2,1.0,17930.0,17900.0,0.5107962213225371,57.0,empirical,,14.0,14.0,35.0,35.41588391200636
2022-03-02,19.14332089325537,exact,7.0,7.0,202203W2,202203W2,21.47573844271796,exact,14.0,14.0,202203,202203,21.65650628779873,interp,14.0,49.0,202203,202204,6,3,2,7.0,17860.5,17850.0,0.6201582105837424,47.0,empirical,202203W1(d0):dte=0 < 1,0.0,0.0,35.0,35.21415584415585
2022-03-03,18.703796202462737,interp,6.0,13.0,202203W2,202203,20.29929729544141,interp,13.0,48.0,202203,202204,20.7185395887591,interp,13.0,48.0,202203,202204,6,2,2,6.0,17949.5,17900.0,0.5290423861852434,49.0,empirical,,7.0,35.0,35.0,35.28980386959979
2022-03-04,23.15281930007164,interp,5.0,12.0,202203W2,202203,24.45744467717452,interp,12.0,47.0,202203,202204,23.114329529712748,interp,12.0,47.0,202203,202204,6,2,2,5.0,17695.5,17650.0,0.5705128205128205,51.0,empirical,,7.0,35.0,35.0,34.91156374238007
2022-03-07,34.182165344427354,interp,2.0,9.0,202203W2,202203,30.408507160757807,interp,9.0,44.0,202203,202204,26.67713593548203,interp,9.0,44.0,202203,202204,6,2,2,2.0,17100.5,17100.0,0.6442912433478472,53.0,empirical,,7.0,35.0,35.0,33.78945136496157
2022-03-08,33.335257997257465,interp,1.0,8.0,202203W2,202203,29.69350816942571,interp,8.0,43.0,202203,202204,26.82926822007968,interp,8.0,43.0,202203,202204,6,2,2,1.0,16762.0,16750.0,0.4595137633112316,63.0,empirical,,7.0,35.0,35.0,33.0707951232441
2022-03-09,25.11357782217437,exact,7.0,7.0,202203,202203,24.693837296702853,interp,7.0,42.0,202203,202204,24.467031534680142,interp,7.0,42.0,202203,202204,5,2,1,7.0,16951.5,16950.0,0.5054945054945055,91.0,empirical,202203W2(d0):dte=0 < 1,0.0,35.0,35.0,33.41121123774185
2022-03-10,22.951464199209635,interp,6.0,41.0,202203,202204,22.80653359088391,interp,6.0,41.0,202203,202204,22.728859394813245,interp,6.0,41.0,202203,202204,5,1,1,6.0,17437.0,17400.0,0.5053763440860215,93.0,empirical,,35.0,35.0,35.0,34.38202756427246
2022-03-11,23.840393685321303,interp,5.0,40.0,202203,202204,23.744268460539907,interp,5.0,40.0,202203,202204,23.692842210441963,interp,5.0,40.0,202203,202204,5,2,2,5.0,17222.0,17200.0,0.598343685300207,69.0,empirical,,35.0,35.0,35.0,33.890315398886834
2022-03-14,24.45651075892112,interp,2.0,37.0,202203,202204,24.058035450232456,interp,2.0,37.0,202203,202204,23.842792419872527,interp,2.0,37.0,202203,202204,5,2,2,2.0,17239.5,17200.0,0.5975303164744159,69.0,empirical,,35.0,35.0,35.0,33.890315398886834
2022-03-15,25.536242319794468,interp,1.0,36.0,202203,202204,25.203739472360848,interp,1.0,36.0,202203,202204,25.02459822316519,interp,1.0,36.0,202203,202204,5,2,2,1.0,16884.5,16850.0,0.5715025140490979,69.0,empirical,,35.0,35.0,35.0,33.19687516565068
2022-03-16,24.81630931569989,exact,7.0,7.0,202203W4,202203W4,24.36822623369193,interp,7.0,35.0,202203W4,202204,24.125846003041453,interp,7.0,35.0,202203W4,202204,5,3,2,7.0,16983.0,16950.0,0.75,46.0,empirical,202203(d0):dte=0 < 1,0.0,28.0,28.0,33.335563212297906
2022-03-17,19.63514269509199,interp,6.0,34.0,202203W4,202204,20.43443337734524,interp,6.0,34.0,202203W4,202204,20.848195640821785,interp,6.0,34.0,202203W4,202204,6,2,2,6.0,17472.5,17400.0,0.7971014492753623,46.0,empirical,,28.0,28.0,28.0,34.394635568513124
2022-03-18,19.489248205797978,interp,5.0,33.0,202203W4,202204,20.2311576949753,interp,5.0,33.0,202203W4,202204,20.6159286210096,interp,5.0,33.0,202203W4,202204,6,2,2,5.0,17427.0,17400.0,0.6971777269260107,57.0,empirical,,28.0,28.0,28.0,34.31898754306918
2022-03-21,19.690095399234988,interp,2.0,30.0,202203W4,202204,19.604007555050423,interp,2.0,30.0,202203W4,202204,19.55793909793345,exact,30.0,30.0,202204,202204,6,2,2,2.0,17519.0,17500.0,0.6526736631684158,58.0,empirical,,28.0,28.0,0.0,34.54593161940101
2022-03-22,18.17541648267576,interp,1.0,29.0,202203W4,202204,18.21145629848553,interp,1.0,29.0,202203W4,202204,18.35997109422757,interp,29.0,57.0,202204,202205,6,2,2,1.0,17552.5,17550.0,0.5322463768115943,60.0,empirical,,28.0,28.0,28.0,34.495499602438386
2022-03-23,14.2435884934724,exact,7.0,7.0,202203W5,202203W5,15.674383751671057,interp,7.0,28.0,202203W5,202204,16.67439838798204,interp,28.0,56.0,202204,202205,6,3,2,7.0,17727.0,17700.0,0.667572463768116,48.0,empirical,202203W4(d0):dte=0 < 1,0.0,21.0,28.0,34.82330771269547
2022-03-24,14.459942213977907,interp,6.0,27.0,202203W5,202204,15.896104347286274,interp,6.0,27.0,202203W5,202204,17.02902888897368,interp,27.0,55.0,202204,202205,6,2,2,6.0,17693.5,17650.0,0.5857023411371238,52.0,empirical,,21.0,21.0,28.0,34.79809170421416
2022-03-25,14.943833903045508,interp,5.0,26.0,202203W5,202204,16.098552856340593,interp,5.0,26.0,202203W5,202204,17.22532179439283,interp,26.0,54.0,202204,202205,6,2,2,5.0,17647.5,17600.0,0.5494704570791528,52.0,empirical,,21.0,21.0,28.0,34.84852372117678
2022-03-28,17.713072612712313,interp,2.0,23.0,202203W5,202204,17.73669752248434,interp,2.0,23.0,202203W5,202204,18.47228135162148,interp,23.0,51.0,202204,202205,6,2,2,2.0,17459.0,17450.0,0.5278706800445931,52.0,empirical,,21.0,21.0,28.0,34.47028359395706
2022-03-29,16.079183994263044,interp,1.0,22.0,202203W5,202204,16.174680686844845,interp,1.0,22.0,202203W5,202204,17.30350733657693,interp,22.0,50.0,202204,202205,6,2,2,1.0,17563.75,17550.0,0.4495488105004102,53.0,empirical,,21.0,21.0,28.0,34.50810760667903
2022-03-30,12.847580926973812,exact,7.0,7.0,202204W1,202204W1,14.982241387494083,interp,7.0,21.0,202204W1,202204,16.55973811286875,interp,21.0,49.0,202204,202205,6,3,2,7.0,17757.0,17750.0,0.5726116533569949,49.0,empirical,202203W5(d0):dte=0 < 1,0.0,14.0,28.0,34.93677975086139
2022-03-31,13.78333234275303,interp,6.0,20.0,202204W1,202204,15.779449035236995,interp,6.0,20.0,202204W1,202204,17.19240262503019,interp,20.0,48.0,202204,202205,6,2,2,6.0,17663.0,17650.0,0.4633579436696746,53.0,empirical,,14.0,14.0,28.0,34.82330771269547
2022-04-01,14.175320993464425,interp,5.0,19.0,202204W1,202204,16.363739594672808,interp,5.0,19.0,202204W1,202204,17.716963783281486,interp,19.0,47.0,202204,202205,6,2,2,5.0,17576.0,17550.0,0.4611703582171179,53.0,empirical,,14.0,14.0,28.0,34.53332361516035
2022-04-06,15.579487165527569,exact,7.0,7.0,202204W2,202204W2,17.012434980187315,exact,14.0,14.0,202204,202204,18.076095771811293,interp,14.0,42.0,202204,202205,6,3,2,7.0,17520.5,17500.0,0.5692934782608696,48.0,empirical,202204W1(d0):dte=0 < 1,0.0,0.0,28.0,34.35681155579115
2022-04-07,19.36334484895557,interp,6.0,13.0,202204W2,202204,20.02944054920236,interp,13.0,41.0,202204,202205,20.29522386408509,interp,13.0,41.0,202204,202205,6,2,2,6.0,17161.5,17150.0,0.5881159420289855,50.0,empirical,,7.0,28.0,28.0,33.73901934799895
2022-04-08,16.753729324703922,interp,5.0,12.0,202204W2,202204,18.02975988875387,interp,12.0,40.0,202204,202205,18.95668429793973,interp,12.0,40.0,202204,202205,6,3,3,5.0,17321.5,17300.0,0.5070738440303658,56.0,empirical,,7.0,28.0,28.0,33.928139411608804
2022-04-11,20.742542788263066,interp,2.0,9.0,202204W2,202204,20.60125258412255,interp,9.0,37.0,202204,202205,20.59474627485584,interp,9.0,37.0,202204,202205,6,3,3,2.0,17057.5,17050.0,0.494047619047619,56.0,empirical,,7.0,28.0,28.0,33.39860323350119
2022-04-12,20.88078371191796,interp,1.0,8.0,202204W2,202204,20.889315937264787,interp,8.0,36.0,202204,202205,20.92106239900121,interp,8.0,36.0,202204,202205,6,3,3,1.0,17017.0,17000.0,0.4785883894211086,59.0,empirical,,7.0,28.0,28.0,33.423819241982514
2022-04-13,16.60876412229884,exact,7.0,7.0,202204,202204,18.20457783572943,interp,7.0,35.0,202204,202205,19.000955556169146,interp,7.0,35.0,202204,202205,5,3,2,7.0,17317.5,17300.0,0.5277013392038158,69.0,empirical,202204W2(d0):dte=0 < 1,0.0,28.0,28.0,34.054219454015374
2022-04-14,16.869299322051713,interp,6.0,34.0,202204,202205,17.9346414096351,interp,6.0,34.0,202204,202205,18.47772579871012,interp,6.0,34.0,202204,202205,5,2,2,6.0,17298.0,17250.0,0.5589430894308943,69.0,empirical,,28.0,28.0,28.0,33.928139411608804
2022-04-15,18.57501484289292,interp,5.0,33.0,202204,202205,19.53886130664864,interp,5.0,33.0,202204,202205,20.03396102518728,interp,5.0,33.0,202204,202205,5,2,2,5.0,16980.0,16950.0,0.5322552138564863,69.0,empirical,,28.0,28.0,28.0,33.34817121653857
2022-04-18,21.605254170105145,interp,2.0,30.0,202204,202205,21.16316856232554,interp,2.0,30.0,202204,202205,20.92357063330178,exact,30.0,30.0,202205,202205,5,2,2,2.0,16883.0,16850.0,0.516260162601626,69.0,empirical,,28.0,28.0,0.0,33.171659157169366
2022-04-19,19.157705056445067,interp,1.0,29.0,202204,202205,19.086082795933887,interp,1.0,29.0,202204,202205,19.16415790898819,interp,29.0,57.0,202205,202206,5,2,2,1.0,17002.5,17000.0,0.4586170770036668,69.0,empirical,,28.0,28.0,28.0,33.28513119533528
2022-04-20,16.655377854874953,exact,7.0,7.0,202204W4,202204W4,17.71950142040957,interp,7.0,28.0,202204W4,202205,18.52545223371885,interp,28.0,56.0,202205,202206,5,3,2,7.0,17094.5,17050.0,0.6666666666666666,46.0,empirical,202204(d0):dte=0 < 1,0.0,21.0,28.0,33.44903525046382
2022-04-21,15.672124584314744,interp,6.0,27.0,202204W4,202205,16.4889598365393,interp,6.0,27.0,202204W4,202205,17.353022802994005,interp,27.0,55.0,202205,202206,6,2,2,6.0,17141.5,17100.0,0.6398550724637682,50.0,empirical,,21.0,21.0,28.0,33.47425125894514
2022-04-22,15.957408601116144,interp,5.0,26.0,202204W4,202205,16.83733864398399,interp,5.0,26.0,202204W4,202205,17.795158190878166,interp,26.0,54.0,202205,202206,6,2,2,5.0,17014.0,17000.0,0.5326086956521738,50.0,empirical,,21.0,21.0,28.0,33.18426716141002
2022-04-25,22.75963744022634,interp,2.0,23.0,202204W4,202205,21.70943690427365,interp,2.0,23.0,202204W4,202205,21.43632472120548,interp,23.0,51.0,202205,202206,6,2,2,2.0,16600.5,16600.0,0.6415942028985507,50.0,empirical,,21.0,21.0,28.0,32.59169096209913
2022-04-26,19.998687536705617,interp,1.0,22.0,202204W4,202205,19.751261868742816,interp,1.0,22.0,202204W4,202205,20.044953684793786,interp,22.0,50.0,202205,202206,6,2,2,1.0,16618.5,16600.0,0.4938225846305906,57.0,empirical,,21.0,21.0,28.0,32.59169096209913
2022-04-27,21.57306903975673,exact,7.0,7.0,202205W1,202205W1,21.674504285880307,interp,7.0,21.0,202205W1,202205,21.76292861813617,interp,21.0,49.0,202205,202206,6,3,2,7.0,16313.0,16300.0,0.621861604409063,46.0,empirical,202204W4(d0):dte=0 < 1,0.0,14.0,28.0,31.91085873310364
2022-04-28,21.30837767995618,interp,6.0,20.0,202205W1,202205,21.304064295874724,interp,6.0,20.0,202205W1,202205,21.29840030280796,interp,20.0,48.0,202205,202206,6,2,2,6.0,16404.0,16400.0,0.5826403326403327,52.0,empirical,,14.0,14.0,28.0,32.04954677975086
2022-04-29,18.77941221282657,interp,5.0,19.0,202205W1,202205,20.15943716494269,interp,5.0,19.0,202205W1,202205,20.61390308355628,interp,19.0,47.0,202205,202206,6,2,2,5.0,16598.0,16550.0,0.5797817047817049,52.0,empirical,,14.0,14.0,28.0,32.46561091969255
2022-05-03,22.665086485553296,interp,1.0,15.0,202205W1,202205,22.56383082015996,interp,1.0,15.0,202205W1,202205,22.0890395199042,interp,15.0,43.0,202205,202206,6,2,2,1.0,16501.0,16500.0,0.4932432432432432,52.0,empirical,,14.0,14.0,28.0,32.226058839120064
2022-05-04,20.31199564240355,exact,7.0,7.0,202205W2,202205W2,21.00882589956793,exact,14.0,14.0,202205,202205,21.197610137810404,interp,14.0,42.0,202205,202206,6,3,2,7.0,16539.0,16500.0,0.6186186186186187,45.0,empirical,202205W1(d0):dte=0 < 1,0.0,0.0,28.0,32.226058839120064
2022-05-05,15.992113801693495,interp,6.0,13.0,202205W2,202205,17.619206718147023,interp,13.0,41.0,202205,202206,18.98624590615924,interp,13.0,41.0,202205,202206,6,2,2,6.0,16698.0,16650.0,0.5924381828637147,47.0,empirical,,7.0,28.0,28.0,32.59169096209913
2022-05-06,20.92510842007972,interp,5.0,12.0,202205W2,202205,21.9267527900207,interp,12.0,40.0,202205,202206,21.935452519759245,interp,12.0,40.0,202205,202206,6,3,3,5.0,16370.5,16350.0,0.5547468822730147,49.0,empirical,,7.0,28.0,28.0,31.93607474158495
2022-05-09,25.70674838438272,interp,2.0,9.0,202205W2,202205,24.7533953531006,interp,9.0,37.0,202205,202206,24.070713509678367,interp,9.0,37.0,202205,202206,6,3,3,2.0,16050.5,16050.0,0.5519256702900892,51.0,empirical,,7.0,28.0,28.0,31.40653856347734
2022-05-10,23.382694695658586,interp,1.0,8.0,202205W2,202205,23.397254204932285,interp,8.0,36.0,202205,202206,23.41844951249375,interp,8.0,36.0,202205,202206,6,3,3,1.0,16067.5,16050.0,0.4778764179525117,57.0,empirical,,7.0,28.0,28.0,31.267850516830112
2022-05-11,22.26398041202364,exact,7.0,7.0,202205,202205,22.71584786451763,interp,7.0,35.0,202205,202206,22.953206785972416,interp,7.0,35.0,202205,202206,5,3,2,7.0,16007.5,16000.0,0.4824238128986534,83.0,empirical,202205W2(d0):dte=0 < 1,0.0,28.0,28.0,31.31828253379274
2022-05-12,25.88190420614947,interp,6.0,34.0,202205,202206,25.03140709775869,interp,6.0,34.0,202205,202206,24.565771752671484,interp,6.0,34.0,202205,202206,5,2,2,6.0,15629.5,15600.0,0.5156906696553657,83.0,empirical,,28.0,28.0,28.0,30.57441028359396
2022-05-13,20.826694010258382,interp,5.0,33.0,202205,202206,21.37924459865519,interp,5.0,33.0,202205,202206,21.668177625009545,interp,5.0,33.0,202205,202206,5,2,2,5.0,15851.0,15850.0,0.4827909887359199,85.0,empirical,,28.0,28.0,28.0,30.85178637688842
2022-05-16,22.320453965641303,interp,2.0,30.0,202205,202206,22.161162459724896,interp,2.0,30.0,202205,202206,22.07573701928108,exact,30.0,30.0,202206,202206,5,2,2,2.0,15921.0,15900.0,0.4514392991239049,85.0,empirical,,28.0,28.0,0.0,31.015690432016964
2022-05-17,19.886181605276263,interp,1.0,29.0,202205,202206,19.966528557353,interp,1.0,29.0,202205,202206,20.030738195075955,interp,29.0,64.0,202206,202207,5,2,2,1.0,16076.25,16050.0,0.3780976220275344,85.0,empirical,,28.0,28.0,35.0,31.35610654651471
2022-05-18,18.29251862579604,exact,7.0,7.0,202205W4,202205W4,19.163612132527856,interp,7.0,28.0,202205W4,202206,19.62235989892454,interp,28.0,63.0,202206,202207,5,3,2,7.0,16230.0,16200.0,0.6367989056087551,43.0,empirical,202205(d0):dte=0 < 1,0.0,21.0,35.0,31.69652266101246
2022-05-19,21.52575639013373,interp,6.0,27.0,202205W4,202206,21.410463148985176,interp,6.0,27.0,202205W4,202206,21.28574752936192,interp,27.0,62.0,202206,202207,6,2,2,6.0,15950.5,15950.0,0.6277310924369748,49.0,empirical,,21.0,21.0,35.0,31.091338457460907
2022-05-20,19.28972472067388,interp,5.0,26.0,202205W4,202206,19.91828496937392,interp,5.0,26.0,202205W4,202206,20.214041597867176,interp,26.0,61.0,202206,202207,6,2,2,5.0,16167.5,16150.0,0.5929411764705883,50.0,empirical,,21.0,21.0,35.0,31.431754571958656
2022-05-23,22.56032802142136,interp,2.0,23.0,202205W4,202206,21.918634822398865,interp,2.0,23.0,202205W4,202206,21.403679667093805,interp,23.0,58.0,202206,202207,6,2,2,2.0,16183.0,16150.0,0.5217647058823529,50.0,empirical,,21.0,21.0,35.0,31.494794593161945
2022-05-24,22.341817290553323,interp,1.0,22.0,202205W4,202206,22.15034280326235,interp,1.0,22.0,202205W4,202206,21.695848684425936,interp,22.0,57.0,202206,202207,6,2,2,1.0,15966.0,15950.0,0.4752941176470588,50.0,empirical,,21.0,21.0,35.0,31.14177047442353
2022-05-25,18.74750300016602,exact,7.0,7.0,202206W1,202206W1,20.11212441432629,interp,7.0,21.0,202206W1,202206,20.57142988636184,interp,21.0,56.0,202206,202207,6,3,2,7.0,16098.0,16050.0,0.6421340629274966,43.0,empirical,202205W4(d0):dte=0 < 1,0.0,14.0,35.0,31.38132255499603
2022-05-26,19.814761272428832,interp,6.0,20.0,202206W1,202206,20.84966913397339,interp,6.0,20.0,202206W1,202206,20.920440603272176,interp,20.0,55.0,202206,202207,6,2,2,6.0,15982.5,15950.0,0.5603254067584481,47.0,empirical,,14.0,14.0,35.0,30.99047442353565
2022-05-27,17.18958379215254,interp,5.0,19.0,202206W1,202206,18.958396494124425,interp,5.0,19.0,202206W1,202206,19.65038217573884,interp,19.0,54.0,202206,202207,6,2,2,5.0,16257.5,16250.0,0.6028785982478098,47.0,empirical,,14.0,14.0,35.0,31.64609064404983
2022-05-30,18.252276211700835,interp,2.0,16.0,202206W1,202206,18.5321911453082,interp,2.0,16.0,202206W1,202206,19.036751316883613,interp,16.0,51.0,202206,202207,6,2,2,2.0,16586.5,16550.0,0.4235294117647059,50.0,empirical,,14.0,14.0,35.0,32.41517890272993
2022-05-31,17.73577370205919,interp,1.0,15.0,202206W1,202206,17.69517184889941,interp,1.0,15.0,202206W1,202206,18.368991949238566,interp,15.0,50.0,202206,202207,6,2,2,1.0,16711.0,16700.0,0.375438596491228,57.0,empirical,,14.0,14.0,35.0,32.73037900874636
2022-06-01,16.751202629499183,exact,7.0,7.0,202206W2,202206W2,18.15786409078668,exact,14.0,14.0,202206,202206,18.882663945219573,interp,14.0,49.0,202206,202207,6,3,2,7.0,16631.5,16600.0,0.4816993464052287,45.0,empirical,202206W1(d0):dte=0 < 1,0.0,0.0,35.0,32.56647495361781
2022-06-02,17.211363571990322,interp,6.0,13.0,202206W2,202206,18.112989100100563,interp,13.0,48.0,202206,202207,18.70385332271688,interp,13.0,48.0,202206,202207,6,2,2,6.0,16556.5,16550.0,0.4981226533166458,47.0,empirical,,7.0,35.0,35.0,32.226058839120064
2022-06-06,18.063777368184432,interp,2.0,9.0,202206W2,202206,18.222706289128013,interp,9.0,44.0,202206,202207,18.427121497331573,interp,9.0,44.0,202206,202207,6,2,2,2.0,16630.0,16600.0,0.4105882352941176,50.0,empirical,,7.0,35.0,35.0,32.4530029154519
2022-06-07,18.41710982009387,interp,1.0,8.0,202206W2,202206,18.495513946039512,interp,8.0,43.0,202206,202207,18.561720896928765,interp,8.0,43.0,202206,202207,6,2,2,1.0,16489.5,16450.0,0.3664705882352941,50.0,empirical,,7.0,35.0,35.0,32.12519480519481
2022-06-08,17.09551661224897,exact,7.0,7.0,202206,202206,17.684827974629417,interp,7.0,42.0,202206,202207,17.991236246950834,interp,7.0,42.0,202206,202207,5,2,1,7.0,16644.0,16600.0,0.4105263157894737,95.0,empirical,202206W2(d0):dte=0 < 1,0.0,35.0,35.0,32.47821892393321
2022-06-09,16.467408666860436,interp,6.0,41.0,202206,202207,17.182524216577942,interp,6.0,41.0,202206,202207,17.552009949128312,interp,6.0,41.0,202206,202207,5,1,1,6.0,16583.0,16550.0,0.3608247422680412,97.0,empirical,,35.0,35.0,35.0,32.37735489000796
2022-06-10,17.55132335654715,interp,5.0,40.0,202206,202207,17.85437727318825,interp,5.0,40.0,202206,202207,18.01392148159903,interp,5.0,40.0,202206,202207,5,2,2,5.0,16472.5,16450.0,0.5265425450069241,67.0,empirical,,35.0,35.0,35.0,32.04954677975086
2022-06-13,22.511930483828426,interp,2.0,37.0,202206,202207,21.45664461095219,interp,2.0,37.0,202206,202207,20.87202057017383,interp,2.0,37.0,202206,202207,5,2,2,2.0,16051.0,16050.0,0.5443145099246038,67.0,empirical,,35.0,35.0,35.0,31.1543784786642
2022-06-14,21.504170818036144,interp,1.0,36.0,202206,202207,21.243593762879755,interp,1.0,36.0,202206,202207,21.103303764358543,interp,1.0,36.0,202206,202207,5,2,2,1.0,16053.0,16050.0,0.5018471996453377,67.0,empirical,,35.0,35.0,35.0,31.103946461701565
2022-06-15,23.849776716922904,exact,7.0,7.0,202206W4,202206W4,22.41052224055714,interp,7.0,35.0,202206W4,202207,21.603749470245543,interp,7.0,35.0,202206W4,202207,5,3,2,7.0,15920.0,15900.0,0.749392572023603,43.0,empirical,202206(d0):dte=0 < 1,0.0,28.0,28.0,30.95265041081368
2022-06-16,22.59692879259796,interp,6.0,34.0,202206W4,202207,21.594206248512567,interp,6.0,34.0,202206W4,202207,21.039890008765006,interp,6.0,34.0,202206W4,202207,6,2,2,6.0,15779.5,15750.0,0.7431177446102819,45.0,empirical,,28.0,28.0,28.0,30.8896103896104
2022-06-17,22.626518529563185,interp,5.0,33.0,202206W4,202207,22.567784307343768,interp,5.0,33.0,202206W4,202207,22.53639679915562,interp,5.0,33.0,202206W4,202207,6,2,2,5.0,15579.0,15550.0,0.7230866941886314,47.0,empirical,,28.0,28.0,28.0,30.4735462496687
2022-06-20,23.63565366541563,interp,2.0,30.0,202206W4,202207,23.063618427928496,interp,2.0,30.0,202206W4,202207,22.75265316575499,exact,30.0,30.0,202207,202207,6,2,2,2.0,15411.0,15400.0,0.6570090722856307,51.0,empirical,,28.0,28.0,0.0,30.19617015637424
2022-06-21,20.77599322087268,interp,1.0,29.0,202206W4,202207,20.79539468686384,interp,1.0,29.0,202206W4,202207,20.818270124551542,interp,29.0,57.0,202207,202208,6,2,2,1.0,15709.5,15700.0,0.5493012422360248,56.0,empirical,,28.0,28.0,28.0,30.81396236416645
2022-06-22,23.61745868948769,exact,7.0,7.0,202206W5,202206W5,22.8022206549338,interp,7.0,28.0,202206W5,202207,22.32218885382127,interp,28.0,56.0,202207,202208,6,3,2,7.0,15236.0,15200.0,0.6648129423660263,43.0,empirical,202206W4(d0):dte=0 < 1,0.0,21.0,28.0,30.133130135170955
2022-06-23,24.50575252070837,interp,6.0,27.0,202206W5,202207,23.61092849107323,interp,6.0,27.0,202206W5,202207,23.0384173905268,interp,27.0,55.0,202207,202208,6,2,2,6.0,15167.5,15150.0,0.6443478260869566,50.0,empirical,,21.0,21.0,28.0,29.72967399946992
2022-06-24,22.26069885490284,interp,5.0,26.0,202206W5,202207,22.342458767799663,interp,5.0,26.0,202206W5,202207,22.368763235131546,interp,26.0,54.0,202207,202208,6,2,2,5.0,15279.5,15250.0,0.6176317162232655,54.0,empirical,,21.0,21.0,28.0,29.79271402067321
2022-06-27,21.80785768937547,interp,2.0,23.0,202206W5,202207,21.67513679807359,interp,2.0,23.0,202206W5,202207,21.64903762627684,interp,23.0,51.0,202207,202208,6,2,2,2.0,15502.0,15500.0,0.6409754825247783,54.0,empirical,,21.0,21.0,28.0,30.498762258150016
2022-06-28,21.52062399929904,interp,1.0,22.0,202206W5,202207,21.44249083772671,interp,1.0,22.0,202206W5,202207,21.58702880051764,interp,22.0,50.0,202207,202208,6,2,2,1.0,15419.0,15400.0,0.5109546165884193,54.0,empirical,,21.0,21.0,28.0,30.20877816061489
2022-06-29,21.83712761679806,exact,7.0,7.0,202207W1,202207W1,22.01582260866709,interp,7.0,21.0,202207W1,202207,22.037813945419828,interp,21.0,49.0,202207,202208,6,3,2,7.0,15114.5,15100.0,0.6696847753185782,42.0,empirical,202206W5(d0):dte=0 < 1,0.0,14.0,28.0,29.95661807580175
2022-06-30,26.14151186424193,interp,6.0,20.0,202207W1,202207,25.59574110423838,interp,6.0,20.0,202207W1,202207,24.27591641902235,interp,20.0,48.0,202207,202208,6,2,2,6.0,14721.0,14700.0,0.7098591549295774,45.0,empirical,,14.0,14.0,28.0,29.20013782136231
2022-07-01,28.89368905085043,interp,5.0,19.0,202207W1,202207,28.500757783686137,interp,5.0,19.0,202207W1,202207,26.99780392059011,interp,19.0,47.0,202207,202208,6,2,2,5.0,14275.5,14200.0,0.6761437063840785,53.0,empirical,,14.0,14.0,28.0,28.128457460906443
2022-07-04,29.055054159142102,interp,2.0,16.0,202207W1,202207,28.59708420703437,interp,2.0,16.0,202207W1,202207,27.142442387330256,interp,16.0,44.0,202207,202208,6,2,2,2.0,14250.5,14250.0,0.6077336641852771,62.0,empirical,,14.0,14.0,28.0,27.851081367611982
2022-07-05,28.12472913869445,interp,1.0,15.0,202207W1,202207,27.871795417397365,interp,1.0,15.0,202207W1,202207,26.91520887692064,interp,15.0,43.0,202207,202208,6,2,2,1.0,14335.0,14300.0,0.4251217137293087,65.0,empirical,,14.0,14.0,28.0,27.98976941425921
2022-07-06,30.48384222328158,exact,7.0,7.0,202207W2,202207W2,30.332154256937788,exact,14.0,14.0,202207,202207,28.76785814701753,interp,14.0,42.0,202207,202208,6,3,2,7.0,13909.0,13900.0,0.6887374229146381,39.0,empirical,202207W1(d0):dte=0 < 1,0.0,0.0,28.0,27.447625231910948
2022-07-07,27.32582154274274,interp,6.0,13.0,202207W2,202207,27.97289566613805,interp,13.0,41.0,202207,202208,27.70177417989933,interp,13.0,41.0,202207,202208,6,2,2,6.0,14227.5,14200.0,0.6755233494363929,46.0,empirical,,7.0,28.0,28.0,28.26714550755367
2022-07-08,25.3773105448888,interp,5.0,12.0,202207W2,202207,26.882363434825145,interp,12.0,40.0,202207,202208,26.785935483506595,interp,12.0,40.0,202207,202208,6,3,3,5.0,14371.5,14350.0,0.5487437057485367,46.0,empirical,,7.0,28.0,28.0,28.55712960508879
2022-07-11,28.315008473780274,interp,2.0,9.0,202207W2,202207,27.62761083405078,interp,9.0,37.0,202207,202208,26.930368562801448,interp,9.0,37.0,202207,202208,6,3,3,2.0,14321.0,14300.0,0.5177550256915336,49.0,empirical,,7.0,28.0,28.0,28.304969520275645
2022-07-12,31.25989816225337,interp,1.0,8.0,202207W2,202207,29.575769682893604,interp,8.0,36.0,202207,202208,28.35097431063826,interp,8.0,36.0,202207,202208,6,3,3,1.0,13965.0,13950.0,0.5073867931010788,49.0,empirical,,7.0,28.0,28.0,27.62413729128015
2022-07-13,27.841719205710607,exact,7.0,7.0,202207,202207,27.402158163316287,interp,7.0,35.0,202207,202208,27.164817478413937,interp,7.0,35.0,202207,202208,5,3,2,7.0,14282.5,14250.0,0.5264069264069264,77.0,empirical,202207W2(d0):dte=0 < 1,0.0,28.0,28.0,28.60756162205142
2022-07-14,24.96013016676596,interp,6.0,34.0,202207,202208,25.606730006546886,interp,6.0,34.0,202207,202208,25.944995039394573,interp,6.0,34.0,202207,202208,5,2,2,6.0,14388.0,14350.0,0.5487012987012987,77.0,empirical,,28.0,28.0,28.0,28.74624966869865
2022-07-15,22.00730918371013,interp,5.0,33.0,202207,202208,23.90678907304948,interp,5.0,33.0,202207,202208,24.86057348085665,interp,5.0,33.0,202207,202208,5,2,2,5.0,14477.0,14450.0,0.4950102529049897,77.0,empirical,,28.0,28.0,28.0,29.124489795918368
2022-07-18,23.837245854841903,interp,2.0,30.0,202207,202208,23.98070131717099,interp,2.0,30.0,202207,202208,24.056861115149683,exact,30.0,30.0,202208,202208,5,2,2,2.0,14647.5,14600.0,0.4705762987012987,77.0,empirical,,28.0,28.0,0.0,28.79668168566128
2022-07-19,23.351831056576287,interp,1.0,29.0,202207,202208,23.470172650826377,interp,1.0,29.0,202207,202208,23.512588198092896,interp,29.0,64.0,202208,202209,5,2,2,1.0,14679.75,14650.0,0.4461966604823748,77.0,empirical,,28.0,28.0,35.0,28.821897694142592
2022-07-20,20.760706127423,exact,7.0,7.0,202207W4,202207W4,22.20505844560812,interp,7.0,28.0,202207W4,202208,22.89553432868455,interp,28.0,63.0,202208,202209,5,3,2,7.0,14727.5,14700.0,0.7282717282717283,39.0,empirical,202207(d0):dte=0 < 1,0.0,21.0,35.0,29.01101775775245
2022-07-21,18.508545158631264,interp,6.0,27.0,202207W4,202208,20.19583745560163,interp,6.0,27.0,202207W4,202208,21.123764429528105,interp,27.0,62.0,202208,202209,6,2,2,6.0,14857.0,14850.0,0.6263858093126385,41.0,empirical,,21.0,21.0,35.0,29.338825868009543
2022-07-22,18.682763222524244,interp,5.0,26.0,202207W4,202208,20.36288435684663,interp,5.0,26.0,202207W4,202208,21.24089291443818,interp,26.0,61.0,202208,202209,6,2,2,5.0,14861.0,14850.0,0.6274170274170274,45.0,empirical,,21.0,21.0,35.0,29.45229790617546
2022-07-25,21.235269452786632,interp,2.0,23.0,202207W4,202208,21.40922172168405,interp,2.0,23.0,202207W4,202208,21.58174836154082,interp,23.0,58.0,202208,202209,6,2,2,2.0,14902.5,14900.0,0.5569985569985569,45.0,empirical,,21.0,21.0,35.0,29.427081897694144
2022-07-26,21.46855809614049,interp,1.0,22.0,202207W4,202208,21.56609600276058,interp,1.0,22.0,202207W4,202208,21.720465871585333,interp,22.0,57.0,202208,202209,6,2,2,1.0,14808.0,14800.0,0.5320346320346321,45.0,empirical,,21.0,21.0,35.0,29.16231380864034
2022-07-27,19.92857748056414,exact,7.0,7.0,202208W1,202208W1,20.87848169086417,interp,7.0,21.0,202208W1,202208,21.35553219886756,interp,21.0,56.0,202208,202209,6,3,2,7.0,14855.0,14850.0,0.6787337662337662,40.0,empirical,202207W4(d0):dte=0 < 1,0.0,14.0,35.0,29.427081897694144
2022-07-28,18.64404464111948,interp,6.0,20.0,202208W1,202208,20.050557731915315,interp,6.0,20.0,202208W1,202208,20.72716175568524,interp,20.0,55.0,202208,202209,6,2,2,6.0,14892.0,14850.0,0.5942313500453035,43.0,empirical,,14.0,14.0,35.0,29.47751391465677
2022-07-29,17.119160764216627,interp,5.0,19.0,202208W1,202208,18.90716961967764,interp,5.0,19.0,202208W1,202208,19.85958050299562,interp,19.0,54.0,202208,202209,6,2,2,5.0,14997.0,14950.0,0.5114768951978255,43.0,empirical,,14.0,14.0,35.0,29.75489000795124
2022-08-01,21.16156344285241,interp,2.0,16.0,202208W1,202208,21.42131943239782,interp,2.0,16.0,202208W1,202208,21.202996796957883,interp,16.0,51.0,202208,202209,6,2,2,2.0,14926.5,14900.0,0.4744588744588744,45.0,empirical,,14.0,14.0,35.0,29.666633978266635
2022-08-02,29.91640636833285,interp,1.0,15.0,202208W1,202208,29.46259042815557,interp,1.0,15.0,202208W1,202208,25.87687758466829,interp,15.0,50.0,202208,202209,6,2,2,1.0,14700.0,14700.0,0.5578643578643578,45.0,empirical,,14.0,14.0,35.0,29.137097800159022
2022-08-03,23.891263575593246,exact,7.0,7.0,202208W2,202208W2,26.308032992774866,exact,14.0,14.0,202208,202208,24.37785993619364,interp,14.0,49.0,202208,202209,6,3,2,7.0,14687.0,14650.0,0.6118150142540386,41.0,empirical,202208W1(d0):dte=0 < 1,0.0,0.0,35.0,29.313609859528228
2022-08-04,23.60156262359344,interp,6.0,13.0,202208W2,202208,25.33467082610457,interp,13.0,48.0,202208,202209,23.73232027066176,interp,13.0,48.0,202208,202209,6,2,2,6.0,14672.0,14650.0,0.6175166297117517,41.0,empirical,,7.0,35.0,35.0,29.38925788497217
2022-08-05,19.451842271190305,interp,5.0,12.0,202208W2,202208,21.442512783555724,interp,12.0,47.0,202208,202209,21.354912543416248,interp,12.0,47.0,202208,202209,6,2,2,5.0,15030.5,15000.0,0.6419068736141906,41.0,empirical,,7.0,35.0,35.0,30.133130135170955
2022-08-08,21.796641584160803,interp,2.0,9.0,202208W2,202208,21.65560904929588,interp,9.0,44.0,202208,202209,21.31912711054707,interp,9.0,44.0,202208,202209,6,2,2,2.0,14987.0,14950.0,0.4968223266095606,47.0,empirical,,7.0,35.0,35.0,30.070090113967662
2022-08-09,19.701591836943305,interp,1.0,8.0,202208W2,202208,19.838001205034423,interp,8.0,43.0,202208,202209,19.90157019089304,interp,8.0,43.0,202208,202209,6,2,2,1.0,15038.0,15000.0,0.3585244542691351,47.0,empirical,,7.0,35.0,35.0,30.04487410548636
2022-08-10,20.121909718259868,exact,7.0,7.0,202208,202208,20.13017466371341,interp,7.0,42.0,202208,202209,20.13458124741048,interp,7.0,42.0,202208,202209,5,2,1,7.0,14875.0,14850.0,0.4302325581395348,86.0,empirical,202208W2(d0):dte=0 < 1,0.0,35.0,35.0,29.72967399946992
2022-08-11,15.834946918358533,interp,6.0,41.0,202208,202209,17.103646481164834,interp,6.0,41.0,202208,202209,17.743232093117214,interp,6.0,41.0,202208,202209,5,1,1,6.0,15184.0,15150.0,0.3908045977011494,87.0,empirical,,35.0,35.0,35.0,30.271818181818183
2022-08-12,15.10733355502126,interp,5.0,40.0,202208,202209,16.26117084088743,interp,5.0,40.0,202208,202209,16.84426382390311,interp,5.0,40.0,202208,202209,5,2,2,5.0,15274.0,15250.0,0.4325196952085754,87.0,empirical,,35.0,35.0,35.0,30.460938245428043
2022-08-15,16.970859588673825,interp,2.0,37.0,202208,202209,17.01446785086101,interp,2.0,37.0,202208,202209,17.037679952144792,interp,2.0,37.0,202208,202209,5,2,2,2.0,15385.0,15350.0,0.3873175771664729,87.0,empirical,,35.0,35.0,35.0,30.738314338722507
2022-08-16,16.7195862175545,interp,1.0,36.0,202208,202209,16.7781677720021,interp,1.0,36.0,202208,202209,16.80932778900937,interp,1.0,36.0,202208,202209,5,2,2,1.0,15422.25,15400.0,0.3292913982569155,87.0,empirical,,35.0,35.0,35.0,30.78874635568513
2022-08-17,14.482463421507152,exact,7.0,7.0,202208W4,202208W4,16.075498226984987,interp,7.0,35.0,202208W4,202209,16.863696353629003,interp,7.0,35.0,202208W4,202209,5,3,2,7.0,15427.5,15400.0,0.5747126436781609,42.0,empirical,202208(d0):dte=0 < 1,0.0,28.0,28.0,30.801354359925792
2022-08-18,14.806897500275417,interp,6.0,34.0,202208W4,202209,16.174505384893656,interp,6.0,34.0,202208W4,202209,16.85859356250819,interp,6.0,34.0,202208W4,202209,6,2,2,6.0,15366.0,15350.0,0.5378241112002139,43.0,empirical,,28.0,28.0,28.0,30.59962629207527
2022-08-19,14.31402934197765,interp,5.0,33.0,202208W4,202209,15.832801491044297,interp,5.0,33.0,202208W4,202209,16.586045102709598,interp,5.0,33.0,202208W4,202209,6,2,2,5.0,15404.0,15400.0,0.4966039707419017,44.0,empirical,,28.0,28.0,28.0,30.650058309037902
2022-08-22,17.656752005515663,interp,2.0,30.0,202208W4,202209,17.811111345096222,interp,2.0,30.0,202208W4,202209,17.892891843627556,exact,30.0,30.0,202209,202209,6,2,2,2.0,15226.5,15200.0,0.4686520376175548,44.0,empirical,,28.0,28.0,0.0,30.20877816061489
2022-08-23,18.25029450621293,interp,1.0,29.0,202208W4,202209,18.35684280792565,interp,1.0,29.0,202208W4,202209,18.472042123006872,interp,29.0,57.0,202209,202210,6,2,2,1.0,15083.75,15050.0,0.392303848075962,46.0,empirical,,28.0,28.0,28.0,29.805322024913863
2022-08-24,15.96575002780808,exact,7.0,7.0,202208W5,202208W5,17.574003635528687,interp,7.0,28.0,202208W5,202209,18.44490688488033,interp,28.0,56.0,202209,202210,6,3,2,7.0,15069.0,15050.0,0.5927750410509032,42.0,empirical,202208W4(d0):dte=0 < 1,0.0,21.0,28.0,29.72967399946992
2022-08-25,14.473842223157728,interp,6.0,27.0,202208W5,202209,16.269895581255344,interp,6.0,27.0,202208W5,202209,17.33452715551791,interp,27.0,55.0,202209,202210,6,2,2,6.0,15212.5,15200.0,0.492200328407225,42.0,empirical,,21.0,21.0,28.0,30.00705009276438
2022-08-26,14.876979732817311,interp,5.0,26.0,202208W5,202209,16.471345462278446,interp,5.0,26.0,202208W5,202209,17.44852873229704,interp,26.0,54.0,202209,202210,6,2,2,5.0,15276.0,15250.0,0.4287356321839081,45.0,empirical,,21.0,21.0,28.0,30.158346143652267
2022-08-29,21.29421376563586,interp,2.0,23.0,202208W5,202209,20.96481536654052,interp,2.0,23.0,202208W5,202209,20.821301043865905,interp,23.0,51.0,202209,202210,6,2,2,2.0,14862.5,14850.0,0.5131184407796102,46.0,empirical,,21.0,21.0,28.0,29.38925788497217
2022-08-30,19.155495687702096,interp,1.0,22.0,202208W5,202209,19.28668522719832,interp,1.0,22.0,202208W5,202209,19.6656363860792,interp,22.0,50.0,202209,202210,6,2,2,1.0,14990.75,14950.0,0.3459051724137931,48.0,empirical,,21.0,21.0,28.0,29.4396899019348
2022-08-31,18.62345467952021,exact,7.0,7.0,202209W1,202209W1,19.109997661753443,interp,7.0,21.0,202209W1,202209,19.71988803577856,interp,21.0,49.0,202209,202210,6,3,2,7.0,15074.0,15050.0,0.5727502102607233,41.0,empirical,202208W5(d0):dte=0 < 1,0.0,14.0,28.0,29.654025974025974
2022-09-01,21.89944630467189,interp,6.0,20.0,202209W1,202209,21.70249903475259,interp,6.0,20.0,202209W1,202209,21.79498447359127,interp,20.0,48.0,202209,202210,6,2,2,6.0,14774.0,14750.0,0.5646551724137931,44.0,empirical,,14.0,14.0,28.0,29.03623376623377
2022-09-02,21.63033624111039,interp,5.0,19.0,202209W1,202209,21.70993924627945,interp,5.0,19.0,202209W1,202209,21.661496538312264,interp,19.0,47.0,202209,202210,6,2,2,5.0,14636.5,14600.0,0.5214892553723138,46.0,empirical,,14.0,14.0,28.0,28.721033660217337
2022-09-05,22.182030873610504,interp,2.0,16.0,202209W1,202209,22.192473326174785,interp,2.0,16.0,202209W1,202209,21.851556511169807,interp,16.0,44.0,202209,202210,6,2,2,2.0,14651.0,14650.0,0.4403002580342482,49.0,empirical,,14.0,14.0,28.0,28.784073681420622
2022-09-06,21.877548958288543,interp,1.0,15.0,202209W1,202209,21.883820318925785,interp,1.0,15.0,202209W1,202209,21.50184511492951,interp,15.0,43.0,202209,202210,6,2,2,1.0,14673.0,14650.0,0.3996551724137931,50.0,empirical,,14.0,14.0,28.0,28.97319374503048
2022-09-07,21.14288534699638,exact,7.0,7.0,202209W2,202209W2,23.19086175736677,exact,14.0,14.0,202209,202209,22.45443363024776,interp,14.0,42.0,202209,202210,6,3,2,7.0,14388.5,14350.0,0.5886494252873563,40.0,empirical,202209W1(d0):dte=0 < 1,0.0,0.0,28.0,28.292361516034987
2022-09-08,17.72041551630275,interp,6.0,13.0,202209W2,202209,19.762048462303905,interp,13.0,41.0,202209,202210,20.584770182929027,interp,13.0,41.0,202209,202210,6,2,2,6.0,14570.5,14550.0,0.5049808429118774,45.0,empirical,,7.0,28.0,28.0,28.494089583885504
2022-09-12,19.969380991923494,interp,2.0,9.0,202209W2,202209,20.339879010375416,interp,9.0,37.0,202209,202210,20.59333848295445,interp,9.0,37.0,202209,202210,6,3,3,2.0,14820.5,14800.0,0.5197418834442428,45.0,empirical,,7.0,28.0,28.0,29.099273787437056
2022-09-13,19.568203334214893,interp,1.0,8.0,202209W2,202209,20.153153104317205,interp,8.0,36.0,202209,202210,20.581904524626204,interp,8.0,36.0,202209,202210,6,3,3,1.0,14897.0,14850.0,0.4738606573906029,48.0,empirical,,7.0,28.0,28.0,29.250569838324942
2022-09-14,21.94121925486549,exact,7.0,7.0,202209,202209,21.84475428033841,interp,7.0,35.0,202209,202210,21.793131702368544,interp,7.0,35.0,202209,202210,5,3,2,7.0,14579.5,14550.0,0.5243969298245614,57.0,empirical,202209W2(d0):dte=0 < 1,0.0,28.0,28.0,28.65799363901405
2022-09-15,19.47836760894619,interp,6.0,34.0,202209,202210,20.48639999256157,interp,6.0,34.0,202209,202210,21.00424561748768,interp,6.0,34.0,202209,202210,5,2,2,6.0,14639.5,14600.0,0.5119047619047619,57.0,empirical,,28.0,28.0,28.0,28.70842565597668
2022-09-16,19.8435263642502,interp,5.0,33.0,202209,202210,20.68680377243034,interp,5.0,33.0,202209,202210,21.12279061233519,interp,5.0,33.0,202209,202210,5,2,2,5.0,14484.5,14450.0,0.5469924812030075,57.0,empirical,,28.0,28.0,28.0,28.380617545719588
2022-09-19,21.685938298425693,interp,2.0,30.0,202209,202210,21.465262507530674,interp,2.0,30.0,202209,202210,21.34663597983008,exact,30.0,30.0,202210,202210,5,2,2,2.0,14420.0,14400.0,0.5199362041467305,57.0,empirical,,28.0,28.0,0.0,28.254537503313014
2022-09-20,20.34189641170108,interp,1.0,29.0,202209,202210,20.450301977933886,interp,1.0,29.0,202209,202210,20.565974918336508,interp,29.0,57.0,202210,202211,5,2,2,1.0,14559.75,14550.0,0.4596491228070175,57.0,empirical,,28.0,28.0,28.0,28.50669758812616
2022-09-21,23.562439092511354,exact,7.0,7.0,202209W4,202209W4,22.122272746351896,interp,7.0,28.0,202209W4,202210,21.424392755409126,interp,28.0,56.0,202210,202211,5,3,2,7.0,14434.0,14400.0,0.7674368848951647,41.0,empirical,202209(d0):dte=0 < 1,0.0,21.0,28.0,28.26714550755367
2022-09-22,19.731862705989663,interp,6.0,27.0,202209W4,202210,20.53768390504985,interp,6.0,27.0,202209W4,202210,21.023446454564347,interp,27.0,55.0,202210,202211,6,2,2,6.0,14259.5,14250.0,0.7405140758873929,43.0,empirical,,21.0,21.0,28.0,27.926729393055925
2022-09-23,18.645480696510457,interp,5.0,26.0,202209W4,202210,19.718535038993924,interp,5.0,26.0,202209W4,202210,20.45723621895801,interp,26.0,54.0,202210,202211,6,2,2,5.0,14137.5,14100.0,0.7028735632183908,45.0,empirical,,21.0,21.0,28.0,27.661961304002123
2022-09-26,24.73333666219353,interp,2.0,23.0,202209W4,202210,23.89106660806628,interp,2.0,23.0,202209W4,202210,23.25893702003716,interp,23.0,51.0,202210,202211,6,2,2,2.0,13784.5,13750.0,0.6117584745762712,48.0,empirical,,21.0,21.0,28.0,27.14503313013517
2022-09-27,23.22262835225492,interp,1.0,22.0,202209W4,202210,23.071847556301154,interp,1.0,22.0,202209W4,202210,22.972067505275824,interp,22.0,50.0,202210,202211,6,2,2,1.0,13837.0,13800.0,0.526284348864994,54.0,empirical,,21.0,21.0,28.0,27.1072091174132
2022-09-28,25.76414332809687,exact,7.0,7.0,202210W1,202210W1,25.28493312298,interp,7.0,21.0,202210W1,202210,24.67073497932587,interp,21.0,49.0,202210,202211,6,3,2,7.0,13522.0,13500.0,0.7092529711375213,38.0,empirical,202209W4(d0):dte=0 < 1,0.0,14.0,28.0,26.539848926583623
2022-09-29,24.14826618950793,interp,6.0,20.0,202210W1,202210,24.35562384391707,interp,6.0,20.0,202210W1,202210,24.339037253124733,interp,20.0,48.0,202210,202211,6,2,2,6.0,13527.5,13500.0,0.6863636363636363,44.0,empirical,,14.0,14.0,28.0,26.451592896899022
2022-09-30,25.11891553370316,interp,5.0,19.0,202210W1,202210,25.36251991638496,interp,5.0,19.0,202210W1,202210,24.943919039643035,interp,19.0,47.0,202210,202211,6,2,2,5.0,13405.5,13400.0,0.6716783216783216,44.0,empirical,,14.0,14.0,28.0,26.08596077391996
2022-10-03,27.37485139666356,interp,2.0,16.0,202210W1,202210,26.61607803687912,interp,2.0,16.0,202210W1,202210,25.835875294308195,interp,16.0,44.0,202210,202211,6,2,2,2.0,13312.5,13300.0,0.6401337792642141,46.0,empirical,,14.0,14.0,28.0,25.770760667903527
2022-10-04,23.324950155960742,interp,1.0,15.0,202210W1,202210,23.267261984087387,interp,1.0,15.0,202210W1,202210,24.168939800892947,interp,15.0,43.0,202210,202211,6,2,2,1.0,13595.0,13550.0,0.4990530303030303,48.0,empirical,,14.0,14.0,28.0,26.426376888417707
2022-10-05,19.46142522741497,exact,7.0,7.0,202210W2,202210W2,22.134010077778456,exact,14.0,14.0,202210,202210,23.421786879299106,interp,14.0,42.0,202210,202211,6,3,2,7.0,13813.5,13800.0,0.6689189189189189,37.0,empirical,202210W1(d0):dte=0 < 1,0.0,0.0,28.0,27.04416909620992
2022-10-06,19.70313149300953,interp,6.0,13.0,202210W2,202210,22.211744157184352,interp,13.0,41.0,202210,202211,23.4148917678988,interp,13.0,41.0,202210,202211,6,2,2,6.0,13880.5,13850.0,0.6204730229120473,41.0,empirical,,7.0,28.0,28.0,27.233289159819773
2022-10-07,21.989794003432333,interp,5.0,12.0,202210W2,202210,24.14486288994143,interp,12.0,40.0,202210,202211,24.694953035817743,interp,12.0,40.0,202210,202211,6,3,3,5.0,13695.5,13650.0,0.5507399577167019,43.0,empirical,,7.0,28.0,28.0,26.77940100715611
2022-10-11,30.13732591821668,interp,1.0,8.0,202210W2,202210,28.5000932100767,interp,8.0,36.0,202210,202211,27.359251761489,interp,8.0,36.0,202210,202211,6,3,3,1.0,13106.5,13100.0,0.5395818651632606,43.0,empirical,,7.0,28.0,28.0,25.392520540683808
2022-10-12,29.153191080501102,exact,7.0,7.0,202210,202210,27.943452196340463,interp,7.0,35.0,202210,202211,27.27632865510694,interp,7.0,35.0,202210,202211,5,3,2,7.0,13069.5,13050.0,0.5565015479876161,68.0,empirical,202210W2(d0):dte=0 < 1,0.0,28.0,28.0,25.26644049827724
2022-10-13,30.93313222130992,interp,6.0,34.0,202210,202211,28.8821267716941,interp,6.0,34.0,202210,202211,27.72628996160439,interp,6.0,34.0,202210,202211,5,2,2,6.0,12870.5,12850.0,0.5081269349845201,68.0,empirical,,28.0,28.0,28.0,24.96384839650145
2022-10-14,25.3204270325632,interp,5.0,33.0,202210,202211,25.77846561167474,interp,5.0,33.0,202210,202211,26.019456121438523,interp,5.0,33.0,202210,202211,5,2,2,5.0,13168.0,13150.0,0.5556509790450017,71.0,empirical,,28.0,28.0,28.0,25.682504638218923
2022-10-17,27.77795045065174,interp,2.0,30.0,202210,202211,27.30779610927115,interp,2.0,30.0,202210,202211,27.05370646453231,exact,30.0,30.0,202211,202211,5,2,2,2.0,12978.5,12950.0,0.4777567846100996,71.0,empirical,,28.0,28.0,0.0,25.20340047707395
2022-10-18,26.210230423384072,interp,1.0,29.0,202210,202211,26.01109848068608,interp,1.0,29.0,202210,202211,25.882676264877592,interp,29.0,64.0,202211,202212,5,2,2,1.0,13100.5,13100.0,0.4379079354173823,71.0,empirical,,28.0,28.0,35.0,25.493384574609063
2022-10-19,25.82129558904649,exact,7.0,7.0,202210W4,202210W4,25.686892701266657,interp,7.0,28.0,202210W4,202211,25.586424986935587,interp,28.0,63.0,202211,202212,5,3,2,7.0,12976.5,12950.0,0.684076682316119,36.0,empirical,202210(d0):dte=0 < 1,0.0,21.0,35.0,25.15296846011132
2022-10-20,25.03406677139092,interp,6.0,27.0,202210W4,202211,25.34677582810532,interp,6.0,27.0,202210W4,202211,25.504756392074835,interp,27.0,62.0,202211,202212,6,2,2,6.0,12912.5,12900.0,0.6567352834958469,39.0,empirical,,21.0,21.0,35.0,25.01428041346409
2022-10-21,25.67053444829347,interp,5.0,26.0,202210W4,202211,25.86087920957796,interp,5.0,26.0,202210W4,202211,25.8624840475623,interp,26.0,61.0,202211,202212,6,2,2,5.0,12816.5,12800.0,0.619537739256049,39.0,empirical,,21.0,21.0,35.0,24.938632388020142
2022-10-24,27.96038544188701,interp,2.0,23.0,202210W4,202211,27.47152515088484,interp,2.0,23.0,202210W4,202211,27.0460384122011,interp,23.0,58.0,202211,202212,6,2,2,2.0,12885.5,12850.0,0.6198859825620389,42.0,empirical,,21.0,21.0,35.0,24.8629843625762
2022-10-25,28.56836212921837,interp,1.0,22.0,202210W4,202211,28.19274097902067,interp,1.0,22.0,202210W4,202211,27.51894846274328,interp,22.0,57.0,202211,202212,6,2,2,1.0,12683.5,12650.0,0.562541918175721,42.0,empirical,,21.0,21.0,35.0,24.383880201431225
2022-10-26,24.881277795029845,exact,7.0,7.0,202211W1,202211W1,26.168488324100668,interp,7.0,21.0,202211W1,202211,26.365106583650448,interp,21.0,56.0,202211,202212,6,3,2,7.0,12740.5,12700.0,0.6994047619047619,35.0,empirical,202210W4(d0):dte=0 < 1,0.0,14.0,35.0,24.61082427776305
2022-10-27,22.517804401647503,interp,6.0,20.0,202211W1,202211,24.1172395796077,interp,6.0,20.0,202211W1,202211,24.84455171626825,interp,20.0,55.0,202211,202212,6,2,2,6.0,12964.5,12950.0,0.6623498498498499,37.0,empirical,,14.0,14.0,35.0,24.96384839650145
2022-10-28,22.741618345970327,interp,5.0,19.0,202211W1,202211,24.543968705382905,interp,5.0,19.0,202211W1,202211,25.11625192682456,interp,19.0,54.0,202211,202212,6,2,2,5.0,12773.5,12750.0,0.6122967479674797,41.0,empirical,,14.0,14.0,35.0,24.648648290485028
2022-10-31,24.54887918928189,interp,2.0,16.0,202211W1,202211,24.883068001406144,interp,2.0,16.0,202211W1,202211,24.799310012802074,interp,16.0,51.0,202211,202212,6,2,2,2.0,12946.5,12900.0,0.5618224932249323,41.0,empirical,,14.0,14.0,35.0,24.97645640074212
2022-11-01,23.92282477963329,interp,1.0,15.0,202211W1,202211,24.14583339869081,interp,1.0,15.0,202211W1,202211,24.07661565326904,interp,15.0,50.0,202211,202212,6,2,2,1.0,13037.75,13000.0,0.386009485094851,41.0,empirical,,14.0,14.0,35.0,25.115144447389344
2022-11-02,23.04997109425563,exact,7.0,7.0,202211W2,202211W2,24.189123744260208,exact,14.0,14.0,202211,202211,23.96641541400269,interp,14.0,49.0,202211,202212,6,3,2,7.0,13097.0,13050.0,0.6388888888888888,36.0,empirical,202211W1(d0):dte=0 < 1,0.0,0.0,35.0,25.216008481314606
2022-11-03,20.619799520982017,interp,6.0,13.0,202211W2,202211,22.26791100630825,interp,13.0,48.0,202211,202212,22.60168152734017,interp,13.0,48.0,202211,202212,6,2,2,6.0,12967.5,12950.0,0.5427631578947368,38.0,empirical,,7.0,35.0,35.0,24.888200371057515
2022-11-04,19.64582172794726,interp,5.0,12.0,202211W2,202211,21.48008827220788,interp,12.0,47.0,202211,202212,21.94929694242342,interp,12.0,47.0,202211,202212,6,2,2,5.0,13038.5,13000.0,0.4861111111111111,39.0,empirical,,7.0,35.0,35.0,24.926024383779485
2022-11-07,21.778371679137024,interp,2.0,9.0,202211W2,202211,21.59190083149631,interp,9.0,44.0,202211,202212,21.2363294266469,interp,9.0,44.0,202211,202212,6,2,2,2.0,13230.5,13200.0,0.4834401709401709,39.0,empirical,,7.0,35.0,35.0,25.354696527961835
2022-11-08,20.17960046504741,interp,1.0,8.0,202211W2,202211,20.148533279345905,interp,8.0,43.0,202211,202212,20.103944261799988,interp,8.0,43.0,202211,202212,6,2,2,1.0,13328.25,13300.0,0.3512872628726287,41.0,empirical,,7.0,35.0,35.0,25.61946461701564
2022-11-09,20.11105201819853,exact,7.0,7.0,202211,202211,19.4204830406978,exact,14.0,14.0,202211W4,202211W4,20.096598529979936,interp,14.0,42.0,202211W4,202212,6,3,2,7.0,13594.0,13550.0,0.5256944444444445,36.0,empirical,202211W2(d0):dte=0 < 1,0.0,0.0,28.0,26.350728862973764
2022-11-10,20.87715429263337,interp,6.0,13.0,202211,202211W4,20.07943392092777,interp,13.0,41.0,202211W4,202212,20.52734524972829,interp,13.0,41.0,202211W4,202212,6,2,2,6.0,13482.5,13450.0,0.489072569347156,43.0,empirical,,7.0,28.0,28.0,26.09856877816061
2022-11-11,19.96869470672245,interp,5.0,12.0,202211,202211W4,20.262889801922608,interp,12.0,40.0,202211W4,202212,20.587090535981563,interp,12.0,40.0,202211W4,202212,6,3,3,5.0,14059.0,14000.0,0.5008016562373525,43.0,empirical,,7.0,28.0,28.0,27.48544924463292
2022-11-14,21.4190245258396,interp,2.0,9.0,202211,202211W4,21.187425392710487,interp,9.0,37.0,202211W4,202212,21.111415138749745,interp,9.0,37.0,202211W4,202212,6,3,3,2.0,14125.5,14100.0,0.4660565375575518,51.0,empirical,,7.0,28.0,28.0,27.737609329446062
2022-11-15,26.88631128438029,interp,1.0,8.0,202211,202211W4,25.08036354789688,interp,8.0,36.0,202211W4,202212,23.726973390528915,interp,8.0,36.0,202211W4,202212,6,3,3,1.0,14528.0,14500.0,0.4232358361571844,54.0,empirical,,7.0,28.0,28.0,28.92276172806785
2022-11-16,25.741994362531003,exact,7.0,7.0,202211W4,202211W4,24.439206705013504,exact,14.0,14.0,202211W5,202211W5,23.891726200713848,interp,14.0,35.0,202211W5,202212,6,4,3,7.0,14531.5,14500.0,0.5177184152793909,41.0,empirical,202211(d0):dte=0 < 1,0.0,0.0,21.0,28.872329711105223
2022-11-17,21.52087908874181,interp,6.0,13.0,202211W4,202211W5,21.078806082061465,interp,13.0,34.0,202211W5,202212,21.538664913879256,interp,13.0,34.0,202211W5,202212,7,3,3,6.0,14550.0,14550.0,0.4798721656684354,41.0,empirical,,7.0,21.0,21.0,28.88493771534588
2022-11-18,21.12184033212916,interp,5.0,12.0,202211W4,202211W5,21.24096561678922,interp,12.0,33.0,202211W5,202212,21.494272660565866,interp,12.0,33.0,202211W5,202212,7,3,3,5.0,14496.0,14450.0,0.4268619100756834,41.0,empirical,,7.0,21.0,21.0,28.80928968990193
2022-11-21,20.87908957389753,interp,2.0,9.0,202211W4,202211W5,20.885291017422965,interp,9.0,30.0,202211W5,202212,21.02975774428873,exact,30.0,30.0,202212,202212,7,3,3,2.0,14462.0,14450.0,0.5121844943939635,41.0,empirical,,7.0,21.0,0.0,28.70842565597668
2022-11-22,18.88389660110044,interp,1.0,8.0,202211W4,202211W5,19.40547929518886,interp,8.0,29.0,202211W5,202212,19.80820760269096,interp,29.0,69.0,202212,202301,7,3,3,1.0,14535.75,14500.0,0.4653906006847183,42.0,empirical,,7.0,21.0,40.0,28.947977736549166
2022-11-23,18.168897636241983,exact,7.0,7.0,202211W5,202211W5,18.79081494918524,exact,14.0,14.0,202212W1,202212W1,19.70640199822105,interp,28.0,68.0,202212,202301,7,4,3,7.0,14634.0,14600.0,0.5058590102707751,40.0,empirical,202211W4(d0):dte=0 < 1,0.0,0.0,40.0,29.149705804399684
2022-11-24,17.55547421827198,interp,6.0,13.0,202211W5,202212W1,17.836005979087627,interp,13.0,27.0,202212W1,202212,18.960199826025853,interp,27.0,67.0,202212,202301,7,3,3,6.0,14808.0,14800.0,0.4498690533123818,41.0,empirical,,7.0,14.0,40.0,29.427081897694144
2022-11-25,17.799526256258588,interp,5.0,12.0,202211W5,202212W1,18.255652774292788,interp,12.0,26.0,202212W1,202212,19.14340476905232,interp,26.0,66.0,202212,202301,7,3,3,5.0,14744.0,14700.0,0.5207063135099116,45.0,empirical,,7.0,14.0,40.0,29.427081897694144
2022-11-28,20.174173543724823,interp,2.0,9.0,202211W5,202212W1,20.37835200926651,interp,9.0,23.0,202212W1,202212,20.46036797802092,interp,23.0,63.0,202212,202301,7,3,3,2.0,14517.0,14500.0,0.4441556999278138,45.0,empirical,,7.0,14.0,40.0,28.83450569838325
2022-11-29,19.311559305208792,interp,1.0,8.0,202211W5,202212W1,20.050578536188613,interp,8.0,22.0,202212W1,202212,20.183045438111307,interp,22.0,62.0,202212,202301,7,3,3,1.0,14699.5,14650.0,0.4382919651285468,45.0,empirical,,7.0,14.0,40.0,29.099273787437056
2022-11-30,20.277935559334363,exact,7.0,7.0,202212W1,202212W1,20.166169767859817,exact,14.0,14.0,202212W2,202212W2,20.246254354469773,interp,21.0,61.0,202212,202301,7,4,3,7.0,14834.5,14800.0,0.4445721583652618,40.0,empirical,202211W5(d0):dte=0 < 1,0.0,0.0,40.0,29.338825868009543
2022-12-01,18.905291487419312,interp,6.0,13.0,202212W1,202212W2,20.02272239284921,interp,13.0,20.0,202212W2,202212,20.305299195778662,interp,20.0,60.0,202212,202301,7,3,3,6.0,15026.5,15000.0,0.4291434193838261,43.0,empirical,,7.0,7.0,40.0,29.84314603763584
2022-12-02,18.904036257217243,interp,5.0,12.0,202212W1,202212W2,20.29462235731708,interp,12.0,19.0,202212W2,202212,20.09779203647627,interp,19.0,59.0,202212,202301,7,3,3,5.0,14930.5,14900.0,0.4957080188619613,47.0,empirical,,7.0,7.0,40.0,29.57837794858203
2022-12-05,21.28133571422107,interp,2.0,9.0,202212W1,202212W2,21.37046974841309,interp,9.0,16.0,202212W2,202212,20.73083617696765,interp,16.0,56.0,202212,202301,7,3,3,2.0,14983.0,14950.0,0.495224459867764,47.0,empirical,,7.0,7.0,40.0,29.616201961304004
2022-12-06,22.134415930991903,interp,1.0,8.0,202212W1,202212W2,22.34312970157544,interp,8.0,15.0,202212W2,202212,21.577580999420963,interp,15.0,55.0,202212,202301,7,3,3,1.0,14728.0,14700.0,0.5029456011934109,47.0,empirical,,7.0,7.0,40.0,29.07405777895574
2022-12-07,21.8506094614308,exact,7.0,7.0,202212W2,202212W2,22.50021334938075,exact,14.0,14.0,202212,202212,21.60513848745138,interp,14.0,54.0,202212,202301,6,3,2,7.0,14654.0,14650.0,0.4998903268260583,47.0,empirical,202212W1(d0):dte=0 < 1,0.0,0.0,40.0,28.89754571958653
2022-12-08,21.481147216187622,interp,6.0,13.0,202212W2,202212,21.47726796725065,interp,13.0,53.0,202212,202301,20.95970578839454,interp,13.0,53.0,202212,202301,6,2,2,6.0,14530.0,14500.0,0.5204081632653061,49.0,empirical,,7.0,40.0,40.0,28.55712960508879
2022-12-09,19.940397301264152,interp,5.0,12.0,202212W2,202212,20.59082682904463,interp,12.0,52.0,202212,202301,20.099049509720032,interp,12.0,52.0,202212,202301,6,2,2,5.0,14735.5,14700.0,0.4512774806892454,51.0,empirical,,7.0,40.0,40.0,28.9984097535118
2022-12-12,23.974512714303582,interp,2.0,9.0,202212W2,202212,22.403713806345674,interp,9.0,49.0,202212,202301,21.0049912604394,interp,9.0,49.0,202212,202301,6,2,2,2.0,14612.5,14600.0,0.4907902554961378,51.0,empirical,,7.0,40.0,40.0,28.721033660217337
2022-12-13,27.09514534875811,interp,1.0,8.0,202212W2,202212,24.162863568054384,interp,8.0,48.0,202212,202301,22.072366110097,interp,8.0,48.0,202212,202301,6,2,2,1.0,14553.0,14550.0,0.4364230540701129,51.0,empirical,,7.0,40.0,40.0,28.594953617810763
2022-12-14,21.251449133136315,exact,7.0,7.0,202212,202212,20.039199890423543,exact,14.0,14.0,202212W4,202212W4,19.804550728933297,interp,14.0,47.0,202212W4,202301,6,3,2,7.0,14711.0,14700.0,0.5017676767676768,40.0,empirical,202212W2(d0):dte=0 < 1,0.0,0.0,33.0,28.947977736549166
2022-12-15,16.852957145485163,interp,6.0,13.0,202212,202212W4,16.807650208865034,interp,13.0,46.0,202212W4,202301,17.643642927076915,interp,13.0,46.0,202212W4,202301,6,2,2,6.0,14711.5,14700.0,0.4727272727272728,45.0,empirical,,7.0,33.0,33.0,28.97319374503048
2022-12-16,17.570415516439976,interp,5.0,12.0,202212,202212W4,17.90029064639028,interp,12.0,45.0,202212W4,202301,18.38420098802657,interp,12.0,45.0,202212W4,202301,6,2,2,5.0,14463.5,14450.0,0.3858585858585858,45.0,empirical,,7.0,33.0,33.0,28.494089583885504
2022-12-19,18.661741602834564,interp,2.0,9.0,202212,202212W4,18.58706133215721,interp,9.0,42.0,202212W4,202301,18.692138435929063,interp,9.0,42.0,202212W4,202301,6,2,2,2.0,14406.5,14400.0,0.4040404040404041,45.0,empirical,,7.0,33.0,33.0,28.33018552875696
2022-12-20,19.482146812903245,interp,1.0,8.0,202212,202212W4,19.25284313038962,interp,8.0,41.0,202212W4,202301,19.19338359658009,interp,8.0,41.0,202212W4,202301,6,2,2,1.0,14153.0,14150.0,0.396595744680851,47.0,empirical,,7.0,33.0,33.0,27.81325735489001
2022-12-21,18.37583705447242,exact,7.0,7.0,202212W4,202212W4,18.04815648888449,exact,14.0,14.0,202301W1,202301W1,18.18586708007888,interp,14.0,40.0,202301W1,202301,6,4,3,7.0,14188.5,14150.0,0.591465748182166,39.0,empirical,202212(d0):dte=0 < 1,0.0,0.0,26.0,27.926729393055925
2022-12-22,16.515272842772706,interp,6.0,13.0,202212W4,202301W1,16.70596128146978,interp,13.0,39.0,202301W1,202301,17.072703605839365,interp,13.0,39.0,202301W1,202301,7,3,3,6.0,14403.0,14400.0,0.5358339633912986,41.0,empirical,,7.0,26.0,26.0,28.39322554996025
2022-12-23,16.958820103830035,interp,5.0,12.0,202212W4,202301W1,17.458785772313345,interp,12.0,38.0,202301W1,202301,17.616722054571728,interp,12.0,38.0,202301W1,202301,7,3,3,5.0,14221.0,14200.0,0.55085682697623,45.0,empirical,,7.0,26.0,26.0,27.914121388815268
2022-12-26,16.560463678189752,interp,2.0,9.0,202212W4,202301W1,16.708918639445887,interp,9.0,35.0,202301W1,202301,16.955847949086237,interp,9.0,35.0,202301W1,202301,7,3,3,2.0,14274.0,14250.0,0.5137092316196794,45.0,empirical,,7.0,26.0,26.0,28.014985422740526
2022-12-27,16.331859695557945,interp,1.0,8.0,202212W4,202301W1,16.48871605910357,interp,8.0,34.0,202301W1,202301,16.629498883784482,interp,8.0,34.0,202301W1,202301,7,3,3,1.0,14330.0,14300.0,0.4484989582004506,45.0,empirical,,7.0,26.0,26.0,28.141065465147097
2022-12-28,17.00139889665889,exact,7.0,7.0,202301W1,202301W1,17.877954535608414,exact,14.0,14.0,202301W2,202301W2,17.61554910164728,interp,14.0,33.0,202301W2,202301,7,4,3,7.0,14134.5,14100.0,0.5230928689883914,40.0,empirical,202212W4(d0):dte=0 < 1,0.0,0.0,19.0,27.737609329446062
2022-12-29,16.961818861058,interp,6.0,13.0,202301W1,202301W2,17.715150917205168,interp,13.0,32.0,202301W2,202301,17.469372775988276,interp,13.0,32.0,202301W2,202301,7,3,3,6.0,14059.5,14050.0,0.5297466157584173,43.0,empirical,,7.0,19.0,19.0,27.61152928703949
2022-12-30,15.884009361803178,interp,5.0,12.0,202301W1,202301W2,16.951670102217182,interp,12.0,31.0,202301W2,202301,16.722028550087597,interp,12.0,31.0,202301W2,202301,7,3,3,5.0,14154.0,14150.0,0.5076888285843509,44.0,empirical,,7.0,19.0,19.0,27.788041346408697
2023-01-03,18.121762006776905,interp,1.0,8.0,202301W1,202301W2,17.367499692421475,interp,8.0,27.0,202301W2,202301,17.34601145212694,interp,27.0,43.0,202301,202302,7,3,3,1.0,14247.25,14200.0,0.4772137337030264,44.0,empirical,,7.0,19.0,16.0,27.926729393055925
2023-01-04,17.93081313162481,exact,7.0,7.0,202301W2,202301W2,17.044899561470856,interp,7.0,26.0,202301W2,202301,17.258630679316372,interp,26.0,42.0,202301,202302,6,3,2,7.0,14237.0,14200.0,0.6070574162679426,44.0,empirical,202301W1(d0):dte=0 < 1,0.0,19.0,16.0,27.86368937185264
2023-01-05,15.929809976471551,interp,6.0,25.0,202301W2,202301,15.784119383358222,interp,6.0,25.0,202301W2,202301,16.682189221014703,interp,25.0,41.0,202301,202302,6,2,2,6.0,14311.0,14300.0,0.5980861244019139,44.0,empirical,,19.0,19.0,16.0,28.06541743970316
2023-01-06,15.870319372653622,interp,5.0,24.0,202301W2,202301,15.623046034723354,interp,5.0,24.0,202301W2,202301,16.656662536904673,interp,24.0,40.0,202301,202302,6,3,3,5.0,14375.0,14350.0,0.5511961722488038,44.0,empirical,,19.0,19.0,16.0,28.191497482109728
2023-01-09,16.91632461648229,interp,2.0,21.0,202301W2,202301,16.464407802269772,interp,2.0,21.0,202301W2,202301,17.885924588092074,interp,21.0,37.0,202301,202302,6,3,3,2.0,14773.0,14750.0,0.5863395863395863,45.0,empirical,,19.0,19.0,16.0,29.20013782136231
2023-01-10,16.029944421581718,interp,1.0,20.0,202301W2,202301,15.801153832726278,interp,1.0,20.0,202301W2,202301,17.601795977346537,interp,20.0,36.0,202301,202302,6,3,3,1.0,14814.25,14800.0,0.4518574988176665,53.0,empirical,,19.0,19.0,16.0,29.313609859528228
2023-01-11,,no_bracket,,,,,,no_bracket,,,,,17.25020669886805,interp,19.0,35.0,202301,202302,5,3,2,19.0,14793.5,14750.0,0.5501683501683501,55.0,empirical,202301W2(d0):dte=0 < 1,,,16.0,29.338825868009543
2023-01-12,,no_bracket,,,,,,no_bracket,,,,,17.870089316856667,interp,18.0,34.0,202301,202302,5,2,2,18.0,14768.0,14750.0,0.5716049382716049,55.0,empirical,,,,16.0,29.21274582560297
2023-01-13,,no_bracket,,,,,,no_bracket,,,,,16.806101098677928,interp,17.0,33.0,202301,202302,5,2,2,17.0,14836.0,14800.0,0.4800224466891133,55.0,empirical,,,,16.0,29.55316194010072
2023-01-16,,no_bracket,,,,,13.080676047756286,exact,14.0,14.0,202301,202301,17.102369203518546,exact,30.0,30.0,202302,202302,5,2,2,14.0,14938.0,14900.0,0.6045454545454545,55.0,empirical,,,0.0,0.0,29.780106016432548
2023-01-17,,no_bracket,,,,,12.923214062316198,interp,13.0,29.0,202301,202302,17.121101761756197,interp,29.0,57.0,202302,202303,5,2,2,13.0,14925.5,14900.0,0.5624315443592552,55.0,empirical,,,16.0,28.0,29.780106016432548
2023-01-30,17.61587010792212,interp,2.0,9.0,202302W1,202302W2,17.657437537849738,interp,9.0,16.0,202302W2,202302,18.21021107672742,interp,16.0,44.0,202302,202303,6,4,3,2.0,15462.0,15400.0,0.466371027346637,41.0,empirical,202301(d0):dte=0 < 1,7.0,7.0,28.0,30.43572223694673
2023-01-31,17.52564211745942,interp,1.0,8.0,202302W1,202302W2,17.583606010560366,interp,8.0,15.0,202302W2,202302,18.2964501069986,interp,15.0,43.0,202302,202303,7,3,3,1.0,15272.25,15250.0,0.402928136921332,53.0,empirical,,7.0,7.0,28.0,29.83053803339518
2023-02-01,16.97361352991964,exact,7.0,7.0,202302W2,202302W2,17.23600001428393,exact,14.0,14.0,202302,202302,17.956146020567573,interp,14.0,42.0,202302,202303,6,3,2,7.0,15394.0,15350.0,0.528167115902965,53.0,empirical,202302W1(d0):dte=0 < 1,0.0,0.0,28.0,30.00705009276438
2023-02-02,15.347170595530782,interp,6.0,13.0,202302W2,202302,16.595371495177826,interp,13.0,41.0,202302,202303,17.345815276831384,interp,13.0,41.0,202302,202303,6,2,2,6.0,15592.5,15550.0,0.5866090146750524,53.0,empirical,,7.0,28.0,28.0,30.51137026239068
2023-02-03,15.357763466458884,interp,5.0,12.0,202302W2,202302,16.643610373168464,interp,12.0,40.0,202302,202303,17.519937992133375,interp,12.0,40.0,202302,202303,6,3,3,5.0,15584.5,15550.0,0.4201398601398601,55.0,empirical,,7.0,28.0,28.0,30.51137026239068
2023-02-06,17.11011536946419,interp,2.0,9.0,202302W2,202302,17.455924964945147,interp,9.0,37.0,202302,202303,17.759995625303393,interp,9.0,37.0,202302,202303,6,3,3,2.0,15413.5,15400.0,0.4197513597513597,55.0,empirical,,7.0,28.0,28.0,30.070090113967662
2023-02-07,16.804657984812753,interp,1.0,8.0,202302W2,202302,17.17252709671096,interp,8.0,36.0,202302,202303,17.44018190113372,interp,8.0,36.0,202302,202303,6,3,3,1.0,15405.75,15400.0,0.3680963480963481,55.0,empirical,,7.0,28.0,28.0,30.00705009276438
2023-02-08,16.718738789496395,exact,7.0,7.0,202302,202302,16.538994140431264,exact,14.0,14.0,202302W4,202302W4,17.143082194277635,interp,14.0,35.0,202302W4,202303,6,4,3,7.0,15607.0,15600.0,0.4337745974955277,43.0,empirical,202302W2(d0):dte=0 < 1,0.0,0.0,21.0,30.4735462496687
2023-02-09,15.809825393528568,interp,6.0,13.0,202302,202302W4,15.867745361059647,interp,13.0,34.0,202302W4,202303,16.77000912985763,interp,13.0,34.0,202302W4,202303,6,3,3,6.0,15599.0,15550.0,0.4576432078559738,47.0,empirical,,7.0,21.0,21.0,30.48615425390936
2023-02-10,16.848850552672257,interp,5.0,12.0,202302,202302W4,16.944720032655553,interp,12.0,33.0,202302W4,202303,17.433722992428518,interp,12.0,33.0,202302W4,202303,6,3,3,5.0,15577.5,15550.0,0.4631205673758865,47.0,empirical,,7.0,21.0,21.0,30.51137026239068
2023-02-13,19.569309295288303,interp,2.0,9.0,202302,202302W4,18.98834187124676,interp,9.0,30.0,202302W4,202303,18.782715558942964,exact,30.0,30.0,202303,202303,6,3,3,2.0,15533.5,15500.0,0.4941371158392435,47.0,empirical,,7.0,21.0,0.0,30.448330241187385
2023-02-14,19.461878628407835,interp,1.0,8.0,202302,202302W4,18.793167342287365,interp,8.0,29.0,202302W4,202303,18.47556024968664,interp,29.0,64.0,202303,202304,6,3,3,1.0,15657.5,15650.0,0.4771194762684125,47.0,empirical,,7.0,21.0,35.0,30.67527431751921
2023-02-15,17.090663309267224,exact,7.0,7.0,202302W4,202302W4,16.241997745777326,exact,14.0,14.0,202303W1,202303W1,17.849646906361986,interp,28.0,63.0,202303,202304,6,4,3,7.0,15385.5,15350.0,0.4645397900107939,43.0,empirical,202302(d0):dte=0 < 1,0.0,0.0,35.0,29.969226080042407
2023-02-16,14.258841956311342,interp,6.0,13.0,202302W4,202303W1,14.33093560764062,interp,13.0,27.0,202303W1,202303,16.450188916207477,interp,27.0,62.0,202303,202304,7,3,3,6.0,15555.5,15550.0,0.4740345482838076,47.0,empirical,,7.0,14.0,35.0,30.33485820302147
2023-02-17,14.15982903267278,interp,5.0,12.0,202302W4,202303W1,14.836389352394669,interp,12.0,26.0,202303W1,202303,16.585973018835848,interp,26.0,61.0,202303,202304,7,3,3,5.0,15445.5,15400.0,0.4702584014124547,47.0,empirical,,7.0,14.0,35.0,29.94401007156109
2023-02-20,14.362148758548008,interp,2.0,9.0,202302W4,202303W1,15.303638558475695,interp,9.0,23.0,202303W1,202303,16.335048230496145,interp,23.0,58.0,202303,202304,7,3,3,2.0,15539.0,15500.0,0.4598333183708891,47.0,empirical,,7.0,14.0,35.0,30.00705009276438
2023-02-21,13.809052091426718,interp,1.0,8.0,202302W4,202303W1,15.05804814564238,interp,8.0,22.0,202303W1,202303,16.015545293614686,interp,22.0,57.0,202303,202304,7,3,3,1.0,15544.75,15500.0,0.389945611515097,47.0,empirical,,7.0,14.0,35.0,29.994442088523723
2023-02-22,14.567387153518249,exact,7.0,7.0,202303W1,202303W1,15.386622485099313,exact,14.0,14.0,202303W2,202303W2,16.746981002345635,interp,21.0,56.0,202303,202304,7,4,3,7.0,15388.5,15350.0,0.4963919134401224,42.0,empirical,202302W4(d0):dte=0 < 1,0.0,0.0,35.0,29.666633978266635
2023-02-23,13.821791855060663,interp,6.0,13.0,202303W1,202303W2,15.390575092056531,interp,13.0,20.0,202303W2,202303,16.759764487010738,interp,20.0,55.0,202303,202304,7,3,3,6.0,15617.0,15600.0,0.4732262022323967,45.0,empirical,,7.0,7.0,35.0,30.10791412668964
2023-02-24,13.747445621780582,interp,5.0,12.0,202303W1,202303W2,15.718657933809435,interp,12.0,19.0,202303W2,202303,16.795363515411488,interp,19.0,54.0,202303,202304,7,3,3,5.0,15557.0,15550.0,0.4079419353075953,46.0,empirical,,7.0,7.0,35.0,29.95661807580175
2023-03-01,15.794203981727009,exact,7.0,7.0,202303W2,202303W2,16.78763606969603,exact,14.0,14.0,202303,202303,17.05107119076022,interp,14.0,49.0,202303,202304,6,3,2,7.0,15563.5,15550.0,0.5287005373717636,46.0,empirical,202303W1(d0):dte=0 < 1,0.0,0.0,35.0,30.09530612244898
2023-03-02,15.563834177485806,interp,6.0,13.0,202303W2,202303,16.639122617223826,interp,13.0,48.0,202303,202304,16.777087846078672,interp,13.0,48.0,202303,202304,6,2,2,6.0,15563.0,15550.0,0.5210144927536232,46.0,empirical,,7.0,35.0,35.0,30.070090113967662
2023-03-03,15.245419907212876,interp,5.0,12.0,202303W2,202303,16.351895723744743,interp,12.0,47.0,202303,202304,16.496708462306945,interp,12.0,47.0,202303,202304,6,2,2,5.0,15629.0,15600.0,0.4553140096618358,46.0,empirical,,7.0,35.0,35.0,30.09530612244898
2023-03-06,16.517260874210915,interp,2.0,9.0,202303W2,202303,16.37957996620446,interp,9.0,44.0,202303,202304,16.25941019588104,interp,9.0,44.0,202303,202304,6,2,2,2.0,15787.0,15750.0,0.4550724637681159,46.0,empirical,,7.0,35.0,35.0,30.3852902199841
2023-03-07,15.841697356079138,interp,1.0,8.0,202303W2,202303,15.911861294692356,interp,8.0,43.0,202303,202304,15.98468766176099,interp,8.0,43.0,202303,202304,6,2,2,1.0,15875.25,15850.0,0.3704866562009419,49.0,empirical,,7.0,35.0,35.0,30.587018287834617
2023-03-08,15.377932256096251,exact,7.0,7.0,202303,202303,15.099062608328683,exact,14.0,14.0,202303W4,202303W4,15.987701126528512,interp,14.0,42.0,202303W4,202304,6,3,2,7.0,15785.0,15750.0,0.3705926481620405,43.0,empirical,202303W2(d0):dte=0 < 1,0.0,0.0,28.0,30.33485820302147
2023-03-09,15.043028958355425,interp,6.0,13.0,202303,202303W4,15.03853387926257,interp,13.0,41.0,202303W4,202304,15.819703602623772,interp,13.0,41.0,202303W4,202304,6,2,2,6.0,15766.0,15750.0,0.4555229716520039,44.0,empirical,,7.0,28.0,28.0,30.30964219454016
2023-03-10,17.893953455987596,interp,5.0,12.0,202303,202303W4,17.570419215988796,interp,12.0,40.0,202303W4,202304,17.602785947581086,interp,12.0,40.0,202303W4,202304,6,3,3,5.0,15480.0,15450.0,0.5611382643640708,45.0,empirical,,7.0,28.0,28.0,29.83053803339518
2023-03-13,19.6292151163776,interp,2.0,9.0,202303,202303W4,18.810913109151887,interp,9.0,37.0,202303W4,202304,18.30432804194057,interp,9.0,37.0,202303W4,202304,6,3,3,2.0,15519.5,15500.0,0.5103849555462459,49.0,empirical,,7.0,28.0,28.0,29.95661807580175
2023-03-14,22.968246489926862,interp,1.0,8.0,202303,202303W4,21.493433938194816,interp,8.0,36.0,202303W4,202304,20.50819688408388,interp,8.0,36.0,202303W4,202304,6,3,3,1.0,15353.0,15350.0,0.5183061689974132,49.0,empirical,,7.0,28.0,28.0,29.62880996554466
2023-03-15,17.091013819486864,exact,7.0,7.0,202303W4,202303W4,18.22951854525074,exact,14.0,14.0,202303W5,202303W5,18.24991689563936,interp,14.0,35.0,202303W5,202304,6,4,3,7.0,15355.0,15350.0,0.4452271305929842,41.0,empirical,202303(d0):dte=0 < 1,0.0,0.0,21.0,29.654025974025974
2023-03-16,18.655809512571228,interp,6.0,13.0,202303W4,202303W5,19.487294617821902,interp,13.0,34.0,202303W5,202304,19.14057759549858,interp,13.0,34.0,202303W5,202304,7,3,3,6.0,15249.0,15200.0,0.6542513042513042,42.0,empirical,,7.0,21.0,21.0,29.515337927378745
2023-03-17,15.763858873972875,interp,5.0,12.0,202303W4,202303W5,17.318166077519166,interp,12.0,33.0,202303W5,202304,17.560358455726035,interp,12.0,33.0,202303W5,202304,7,3,3,5.0,15429.5,15400.0,0.5973063973063973,45.0,empirical,,7.0,21.0,21.0,29.994442088523723
2023-03-20,18.956248655544204,interp,2.0,9.0,202303W4,202303W5,18.71605826083416,interp,9.0,30.0,202303W5,202304,18.415994188194897,exact,30.0,30.0,202304,202304,7,3,3,2.0,15401.0,15400.0,0.5906455862977601,46.0,empirical,,7.0,21.0,0.0,29.780106016432548
2023-03-21,17.700904242972598,interp,1.0,8.0,202303W4,202303W5,17.737846654741404,interp,8.0,29.0,202303W5,202304,17.79505982316302,interp,29.0,57.0,202304,202305,7,3,3,1.0,15489.25,15450.0,0.5833992094861661,46.0,empirical,,7.0,21.0,28.0,29.91879406307978
2023-03-22,17.34456703579755,exact,7.0,7.0,202303W5,202303W5,16.0193935068604,interp,7.0,15.0,202303W5,202304W1,16.920809663895906,interp,28.0,56.0,202304,202305,7,4,3,7.0,15734.5,15700.0,0.552390180878553,43.0,empirical,202303W4(d0):dte=0 < 1,0.0,8.0,28.0,30.48615425390936
2023-03-23,15.552132615311113,interp,6.0,14.0,202303W5,202304W1,15.080680723947658,exact,14.0,14.0,202304W1,202304W1,16.43275630849082,interp,27.0,55.0,202304,202305,7,3,3,6.0,15855.5,15850.0,0.479840861444635,48.0,empirical,,8.0,0.0,28.0,30.72570633448185
2023-03-24,14.52924488007394,interp,5.0,13.0,202303W5,202304W1,14.80474793434202,interp,13.0,26.0,202304W1,202304,16.371477634057307,interp,26.0,54.0,202304,202305,7,3,3,5.0,15936.0,15900.0,0.4387878787878788,50.0,empirical,,8.0,13.0,28.0,30.81396236416645
2023-03-27,15.341618609806748,interp,2.0,10.0,202303W5,202304W1,15.702237947425807,interp,10.0,23.0,202304W1,202304,16.9054576182108,interp,23.0,51.0,202304,202305,7,3,3,2.0,15857.5,15850.0,0.4683985605038236,52.0,empirical,,8.0,13.0,28.0,30.62484230055659
2023-03-28,15.051758938260946,interp,1.0,9.0,202303W5,202304W1,15.759492269364456,interp,9.0,22.0,202304W1,202304,17.033191174981784,interp,22.0,50.0,202304,202305,7,3,3,1.0,15712.25,15700.0,0.4677960927960927,52.0,empirical,,8.0,13.0,28.0,30.360074211502788
2023-03-29,13.737328044628985,extrap,8.0,14.0,202304W1,202304W2,14.888910569246075,exact,14.0,14.0,202304W2,202304W2,16.792209035507437,interp,21.0,49.0,202304,202305,7,4,3,8.0,15756.5,15750.0,0.4926846409404549,43.0,empirical,202303W5(d0):dte=0 < 1,6.0,0.0,28.0,30.41050622846541
2023-03-30,13.21977950774184,exact,7.0,7.0,202304W1,202304W1,14.309224173132742,interp,13.0,20.0,202304W2,202304,16.352059968416583,interp,20.0,48.0,202304,202305,7,3,3,7.0,15837.0,15800.0,0.510114885114885,44.0,empirical,,0.0,7.0,28.0,30.5618022793533
2023-03-31,12.838762816774665,interp,6.0,12.0,202304W1,202304W2,14.612997248557184,interp,12.0,19.0,202304W2,202304,16.489069452483218,interp,19.0,47.0,202304,202305,7,3,3,6.0,15879.5,15850.0,0.5511028826246217,46.0,empirical,,6.0,7.0,28.0,30.66266631327856
2023-04-06,14.299560422614253,interp,6.0,13.0,202304W2,202304,15.706254602606617,interp,13.0,41.0,202304,202305,16.951964695241667,interp,13.0,41.0,202304,202305,6,3,2,6.0,15775.5,15750.0,0.642809364548495,46.0,empirical,202304W1(d0):dte=0 < 1,7.0,28.0,28.0,30.51137026239068
2023-04-07,13.2997433273302,interp,5.0,12.0,202304W2,202304,14.89067147020632,interp,12.0,40.0,202304,202305,16.261257312994758,interp,12.0,40.0,202304,202305,6,3,3,5.0,15835.5,15800.0,0.5824628270280444,46.0,empirical,,7.0,28.0,28.0,30.51137026239068
2023-04-10,14.749153586260483,interp,2.0,9.0,202304W2,202304,15.620758906637864,interp,9.0,37.0,202304,202305,16.372500621592852,interp,9.0,37.0,202304,202305,6,3,3,2.0,15869.0,15850.0,0.5302951879038835,46.0,empirical,,7.0,28.0,28.0,30.51137026239068
2023-04-11,14.343056469849891,interp,1.0,8.0,202304W2,202304,15.380486418062311,interp,8.0,36.0,202304,202305,16.094461549700092,interp,8.0,36.0,202304,202305,6,3,3,1.0,15932.25,15900.0,0.466665532519772,47.0,empirical,,7.0,28.0,28.0,30.4735462496687
2023-04-12,13.858356972327773,exact,7.0,7.0,202304,202304,14.529845653199446,exact,14.0,14.0,202304W4,202304W4,15.67163731505287,interp,14.0,35.0,202304W4,202305,6,4,3,7.0,15925.5,15900.0,0.5419897266912193,44.0,empirical,202304W2(d0):dte=0 < 1,0.0,0.0,21.0,30.39789822422476
2023-04-13,13.130628067845674,interp,6.0,13.0,202304,202304W4,14.241049438502706,interp,13.0,34.0,202304W4,202305,15.58657463116075,interp,13.0,34.0,202304W4,202305,6,3,3,6.0,15816.0,15800.0,0.5191736124571945,44.0,empirical,,7.0,21.0,21.0,30.133130135170955
2023-04-14,12.264277961419012,interp,5.0,12.0,202304,202304W4,13.627393057711792,interp,12.0,33.0,202304W4,202305,15.013692087914007,interp,12.0,33.0,202304W4,202305,6,3,3,5.0,15948.5,15900.0,0.4588045795865393,46.0,empirical,,7.0,21.0,21.0,30.42311423270608
2023-04-17,13.477695214001626,interp,2.0,9.0,202304,202304W4,14.272734211328384,interp,9.0,30.0,202304W4,202305,15.042974211392735,exact,30.0,30.0,202305,202305,6,3,3,2.0,15970.0,15950.0,0.4510367417570532,46.0,empirical,,7.0,21.0,0.0,30.347466207262126
2023-04-18,13.56904215210598,interp,1.0,8.0,202304,202304W4,14.29729573194101,interp,8.0,29.0,202304W4,202305,14.918436810085216,interp,29.0,64.0,202305,202306,6,3,3,1.0,15891.0,15850.0,0.4538526312536695,46.0,empirical,,7.0,21.0,35.0,30.24660217333687
2023-04-19,13.825119546805592,exact,7.0,7.0,202304W4,202304W4,13.497827020653936,exact,14.0,14.0,202305W1,202305W1,15.287608699151322,interp,28.0,63.0,202305,202306,6,4,3,7.0,15791.5,15750.0,0.5471195050315374,43.0,empirical,202304(d0):dte=0 < 1,0.0,0.0,35.0,30.01965809700504
2023-04-20,13.81908193441404,interp,6.0,13.0,202304W4,202305W1,13.85667767535518,interp,13.0,27.0,202305W1,202305,15.478832231603825,interp,27.0,62.0,202305,202306,7,3,3,6.0,15739.5,15700.0,0.5099769222109648,45.0,empirical,,7.0,14.0,35.0,29.98183408428307
2023-04-21,12.28093187529064,interp,5.0,12.0,202304W4,202305W1,13.249234896702704,interp,12.0,26.0,202305W1,202305,15.149839885472346,interp,26.0,61.0,202305,202306,7,3,3,5.0,15622.5,15600.0,0.5238095238095238,46.0,empirical,,7.0,14.0,35.0,29.90618605883912
2023-04-24,12.957800422790632,interp,2.0,9.0,202304W4,202305W1,13.96860588869688,interp,9.0,23.0,202305W1,202305,15.25320019029746,interp,23.0,58.0,202305,202306,7,3,3,2.0,15613.5,15600.0,0.4711904761904762,48.0,empirical,,7.0,14.0,35.0,29.79271402067321
2023-04-25,14.517860995733628,interp,1.0,8.0,202304W4,202305W1,15.413604692373616,interp,8.0,22.0,202305W1,202305,16.26936230415695,interp,22.0,57.0,202305,202306,7,3,3,1.0,15381.25,15350.0,0.4445238095238095,48.0,empirical,,7.0,14.0,35.0,29.40186588921283
2023-04-26,13.820578342948473,exact,7.0,7.0,202305W1,202305W1,14.844521957851189,exact,14.0,14.0,202305W2,202305W2,15.988750042717676,interp,21.0,56.0,202305,202306,7,4,3,7.0,15376.5,15350.0,0.4091880341880342,42.0,empirical,202304W4(d0):dte=0 < 1,0.0,0.0,35.0,29.27578584680625
2023-04-27,12.644477089145198,interp,6.0,13.0,202305W1,202305W2,13.791588646678068,interp,13.0,20.0,202305W2,202305,15.47295343592604,interp,20.0,55.0,202305,202306,7,3,3,6.0,15426.0,15400.0,0.5064102564102564,42.0,empirical,,7.0,7.0,35.0,29.250569838324942
2023-04-28,11.67782591608584,interp,5.0,12.0,202305W1,202305W2,13.077444085932092,interp,12.0,19.0,202305W2,202305,14.442683685392243,interp,19.0,54.0,202305,202306,7,3,3,5.0,15570.0,15550.0,0.4493568447056819,43.0,empirical,,7.0,7.0,35.0,29.60359395706335
2023-05-02,13.629521329748313,interp,1.0,8.0,202305W1,202305W2,14.096094025721364,interp,8.0,15.0,202305W2,202305,14.94195185087202,interp,15.0,50.0,202305,202306,7,3,3,1.0,15630.5,15600.0,0.4772455805064501,46.0,empirical,,7.0,7.0,35.0,29.679241982507293
2023-05-03,14.66636847787659,exact,7.0,7.0,202305W2,202305W2,14.976258118407568,exact,14.0,14.0,202305,202305,15.639380590870864,interp,14.0,49.0,202305,202306,6,3,2,7.0,15545.5,15500.0,0.5581730769230769,48.0,empirical,202305W1(d0):dte=0 < 1,0.0,0.0,35.0,29.55316194010072
2023-05-04,13.535213005249387,interp,6.0,13.0,202305W2,202305,14.395270412572076,interp,13.0,48.0,202305,202306,15.421798553323995,interp,13.0,48.0,202305,202306,6,2,2,6.0,15609.5,15600.0,0.5492424242424243,48.0,empirical,,7.0,35.0,35.0,29.62880996554466
2023-05-05,12.425025051713169,interp,5.0,12.0,202305W2,202305,13.712814570654682,interp,12.0,47.0,202305,202306,14.843340913021995,interp,12.0,47.0,202305,202306,6,2,2,5.0,15640.0,15600.0,0.5,48.0,empirical,,7.0,35.0,35.0,29.704457990988605
2023-05-08,12.869825900239496,interp,2.0,9.0,202305W2,202305,13.517832518352163,interp,9.0,44.0,202305,202306,14.12128791469425,interp,9.0,44.0,202305,202306,6,2,2,2.0,15716.0,15700.0,0.3986742424242424,48.0,empirical,,7.0,35.0,35.0,29.893578054598464
2023-05-09,12.256953948046888,interp,1.0,8.0,202305W2,202305,13.122067376070486,interp,8.0,43.0,202305,202306,13.705529683213744,interp,8.0,43.0,202305,202306,6,2,2,1.0,15726.25,15700.0,0.3157173317088029,49.0,empirical,,7.0,35.0,35.0,29.98183408428307
2023-05-10,12.754815443476533,exact,7.0,7.0,202305,202305,12.545105598884138,exact,14.0,14.0,202305W4,202305W4,13.694439584180568,interp,14.0,42.0,202305W4,202306,6,3,2,7.0,15611.0,15600.0,0.4099271086428323,43.0,empirical,202305W2(d0):dte=0 < 1,0.0,0.0,28.0,29.704457990988605
2023-05-11,12.109574657744892,interp,6.0,13.0,202305,202305W4,12.206008965326424,interp,13.0,41.0,202305W4,202306,13.402369174535467,interp,13.0,41.0,202305W4,202306,6,2,2,6.0,15519.0,15500.0,0.4275290215588723,45.0,empirical,,7.0,28.0,28.0,29.64141796978532
2023-05-12,10.89956486134759,interp,5.0,12.0,202305,202305W4,11.768955281653422,interp,12.0,40.0,202305W4,202306,13.021839718294,interp,12.0,40.0,202305W4,202306,6,3,3,5.0,15506.5,15500.0,0.448202614379085,48.0,empirical,,7.0,28.0,28.0,29.55316194010072
2023-05-15,12.066217966407525,interp,2.0,9.0,202305,202305W4,12.670007067621128,interp,9.0,37.0,202305W4,202306,13.325657138944576,interp,9.0,37.0,202305W4,202306,6,3,3,2.0,15510.0,15500.0,0.3994281045751633,48.0,empirical,,7.0,28.0,28.0,29.55316194010072
2023-05-16,11.466237596119514,interp,1.0,8.0,202305,202305W4,12.326493328211004,interp,8.0,36.0,202305W4,202306,12.939804362889657,interp,8.0,36.0,202305W4,202306,6,3,3,1.0,15691.5,15650.0,0.3473366013071895,48.0,empirical,,7.0,28.0,28.0,29.90618605883912
2023-05-17,13.316961253947431,exact,7.0,7.0,202305W4,202305W4,13.606873109068095,exact,14.0,14.0,202305W5,202305W5,14.374362298997196,interp,14.0,35.0,202305W5,202306,6,4,3,7.0,15939.0,15900.0,0.461547619047619,42.0,empirical,202305(d0):dte=0 < 1,0.0,0.0,21.0,30.39789822422476
2023-05-18,14.308710996126448,interp,6.0,13.0,202305W4,202305W5,14.19155686452448,interp,13.0,34.0,202305W5,202306,15.063932632298952,interp,13.0,34.0,202305W5,202306,7,3,3,6.0,16142.0,16100.0,0.4636111111111111,48.0,empirical,,7.0,21.0,21.0,30.801354359925792
2023-05-19,13.846770984436956,interp,5.0,12.0,202305W4,202305W5,14.14647364633156,interp,12.0,33.0,202305W5,202306,14.97701760388041,interp,12.0,33.0,202305W5,202306,7,3,3,5.0,16196.5,16150.0,0.4942404087140929,52.0,empirical,,7.0,21.0,21.0,30.8896103896104
2023-05-22,13.724508443703025,interp,2.0,9.0,202305W4,202305W5,14.32799354167195,interp,9.0,30.0,202305W5,202306,14.992173037685037,exact,30.0,30.0,202306,202306,7,3,3,2.0,16183.5,16150.0,0.431341360834906,53.0,empirical,,7.0,21.0,0.0,30.83917837264776
2023-05-23,13.326971513876911,interp,1.0,8.0,202305W4,202305W5,14.045283847751191,interp,8.0,29.0,202305W5,202306,14.575520191004182,interp,29.0,57.0,202306,202307,7,3,3,1.0,16194.25,16150.0,0.3975777064158395,53.0,empirical,,7.0,21.0,28.0,30.81396236416645
2023-05-24,12.102036641076204,exact,7.0,7.0,202305W5,202305W5,12.99563716121954,exact,14.0,14.0,202306W1,202306W1,14.000330495596383,interp,28.0,56.0,202306,202307,7,4,3,7.0,16139.5,16100.0,0.3847522847522848,45.0,empirical,202305W4(d0):dte=0 < 1,0.0,0.0,28.0,30.66266631327856
2023-05-25,13.242673192625915,interp,6.0,13.0,202305W5,202306W1,14.221271010461091,interp,13.0,27.0,202306W1,202306,15.290715592664148,interp,27.0,55.0,202306,202307,7,3,3,6.0,16278.5,16250.0,0.5144300144300145,45.0,empirical,,7.0,14.0,28.0,31.02829843625762
2023-05-26,13.625709832148184,interp,5.0,12.0,202305W5,202306W1,14.950764736525338,interp,12.0,26.0,202306W1,202306,15.999576623182252,interp,26.0,54.0,202306,202307,7,3,3,5.0,16509.5,16500.0,0.4770309477756286,47.0,empirical,,7.0,14.0,28.0,31.759562682215748
2023-05-29,14.90245076966018,interp,2.0,9.0,202305W5,202306W1,15.437041512017933,interp,9.0,23.0,202306W1,202306,15.817480660580912,interp,23.0,51.0,202306,202307,7,3,3,2.0,16651.5,16650.0,0.4718200100553041,51.0,empirical,,7.0,14.0,28.0,31.96129075006626
2023-05-30,13.765898365731315,interp,1.0,8.0,202305W5,202306W1,14.471010594334144,interp,8.0,22.0,202306W1,202306,15.059363304808803,interp,22.0,50.0,202306,202307,7,3,3,1.0,16642.75,16600.0,0.3592481593051714,53.0,empirical,,7.0,14.0,28.0,31.96129075006626
2023-05-31,15.712969063604392,exact,7.0,7.0,202306W1,202306W1,15.310583126299962,exact,14.0,14.0,202306W2,202306W2,15.93374705342881,interp,21.0,49.0,202306,202307,7,4,3,7.0,16548.0,16500.0,0.403984113083707,45.0,empirical,202305W5(d0):dte=0 < 1,0.0,0.0,28.0,31.80999469917837
2023-06-01,14.460431764189028,interp,6.0,13.0,202306W1,202306W2,14.441899172784163,interp,13.0,20.0,202306W2,202306,15.32316464526627,interp,20.0,48.0,202306,202307,7,3,3,6.0,16532.0,16500.0,0.4821112968712682,45.0,empirical,,7.0,7.0,28.0,31.55783461436523
2023-06-02,13.917028492001387,interp,5.0,12.0,202306W1,202306W2,14.685681685324406,interp,12.0,19.0,202306W2,202306,15.424716405262831,interp,19.0,47.0,202306,202307,7,3,3,5.0,16769.0,16750.0,0.502816044934761,47.0,empirical,,7.0,7.0,28.0,31.96129075006626
2023-06-05,14.387228406555591,interp,2.0,9.0,202306W1,202306W2,14.960236355825009,interp,9.0,16.0,202306W2,202306,15.479567260650274,interp,16.0,44.0,202306,202307,7,3,3,2.0,16718.5,16700.0,0.3534786641929499,49.0,empirical,,7.0,7.0,28.0,31.860426716141003
2023-06-06,14.003684908451389,interp,1.0,8.0,202306W1,202306W2,14.6184421036335,interp,8.0,15.0,202306W2,202306,15.361907005553697,interp,15.0,43.0,202306,202307,7,3,3,1.0,16774.25,16750.0,0.4158549783549783,49.0,empirical,,7.0,7.0,28.0,31.948682745825607
2023-06-07,13.324660314820411,exact,7.0,7.0,202306W2,202306W2,14.15442495828944,exact,14.0,14.0,202306,202306,14.936397583084412,interp,14.0,42.0,202306,202307,6,3,2,7.0,16913.5,16900.0,0.4647058823529412,51.0,empirical,202306W1(d0):dte=0 < 1,0.0,0.0,28.0,32.30170686456401
2023-06-08,13.376416199734544,interp,6.0,13.0,202306W2,202306,14.563341522030615,interp,13.0,41.0,202306,202307,15.121555768364152,interp,13.0,41.0,202306,202307,6,2,2,6.0,16746.5,16700.0,0.4528076463560334,54.0,empirical,,7.0,28.0,28.0,31.986506758547577
2023-06-09,13.26007975855655,interp,5.0,12.0,202306W2,202306,14.474320622300734,interp,12.0,40.0,202306,202307,15.05798322489,interp,12.0,40.0,202306,202307,6,3,3,5.0,16905.0,16900.0,0.4342359767891683,54.0,empirical,,7.0,28.0,28.0,32.226058839120064
2023-06-12,14.634521279041914,interp,2.0,9.0,202306W2,202306,14.929423728238888,interp,9.0,37.0,202306,202307,15.190668903101225,interp,9.0,37.0,202306,202307,6,3,3,2.0,16965.5,16950.0,0.4495665878644602,54.0,empirical,,7.0,28.0,28.0,32.528650940895844
2023-06-13,15.721545839213771,interp,1.0,8.0,202306W2,202306,15.765026711631016,interp,8.0,36.0,202306,202307,15.820741006367314,interp,8.0,36.0,202306,202307,6,3,3,1.0,17239.75,17200.0,0.4343965975544923,55.0,empirical,,7.0,28.0,28.0,33.171659157169366
2023-06-14,14.833493477527798,exact,7.0,7.0,202306,202306,14.485533212322563,exact,14.0,14.0,202306W4,202306W4,15.848139841389722,interp,14.0,35.0,202306W4,202307,6,4,3,7.0,17200.0,17200.0,0.4390903484427998,47.0,empirical,202306W2(d0):dte=0 < 1,0.0,0.0,21.0,33.159051152928704
2023-06-15,14.208838210271727,interp,6.0,13.0,202306,202306W4,14.307324818842543,interp,13.0,34.0,202306W4,202307,15.850105088198871,interp,13.0,34.0,202306W4,202307,6,3,3,6.0,17337.0,17300.0,0.4494747899159663,48.0,empirical,,7.0,21.0,21.0,33.259915186853966
2023-06-16,13.486253057973888,interp,5.0,12.0,202306,202306W4,14.161591551101626,interp,12.0,33.0,202306W4,202307,15.794399587450384,interp,12.0,33.0,202306W4,202307,6,3,3,5.0,17269.5,17250.0,0.4150397255326832,50.0,empirical,,7.0,21.0,21.0,33.171659157169366
2023-06-19,13.379187424684568,interp,2.0,9.0,202306,202306W4,14.507971734347816,interp,9.0,30.0,202306W4,202307,15.634398606599817,exact,30.0,30.0,202307,202307,6,3,3,2.0,17254.0,17250.0,0.4459064644275912,50.0,empirical,,7.0,21.0,0.0,33.09601113172542
2023-06-20,12.842044259048016,interp,1.0,8.0,202306,202306W4,14.657240807217642,interp,8.0,29.0,202306W4,202307,15.835520971279635,interp,29.0,57.0,202307,202308,6,3,3,1.0,17189.25,17150.0,0.4106626941133983,50.0,empirical,,7.0,21.0,28.0,32.91949907235622
2023-06-21,12.590201754324266,exact,7.0,7.0,202306W4,202306W4,13.681764606813417,exact,14.0,14.0,202307W1,202307W1,15.81577263300214,interp,28.0,56.0,202307,202308,6,4,3,7.0,17174.0,17150.0,0.5347577664568974,47.0,empirical,202306(d0):dte=0 < 1,0.0,0.0,28.0,32.91949907235622
2023-06-26,13.385229568097138,interp,2.0,9.0,202306W4,202307W1,14.78386321039249,interp,9.0,23.0,202307W1,202307,15.96270265266261,interp,23.0,51.0,202307,202308,7,3,3,2.0,17053.5,17050.0,0.4055119368694437,47.0,empirical,,7.0,14.0,28.0,32.7177710045057
2023-06-27,13.761476751617078,interp,1.0,8.0,202306W4,202307W1,14.937826621452531,interp,8.0,22.0,202307W1,202307,15.73084719441954,interp,22.0,50.0,202307,202308,7,3,3,1.0,16928.75,16900.0,0.3943413942776153,50.0,empirical,,7.0,14.0,28.0,32.50343493241453
2023-06-28,13.209925884212964,exact,7.0,7.0,202307W1,202307W1,13.720139319542303,exact,14.0,14.0,202307W2,202307W2,15.357335303090542,interp,21.0,49.0,202307,202308,7,4,3,7.0,16804.5,16800.0,0.4166214129183083,46.0,empirical,202306W4(d0):dte=0 < 1,0.0,0.0,28.0,32.55386694937715
2023-06-29,13.093299103315,interp,6.0,13.0,202307W1,202307W2,13.65652138237391,interp,13.0,20.0,202307W2,202307,15.140671630730326,interp,20.0,48.0,202307,202308,7,3,3,6.0,16796.5,16750.0,0.3855702123890136,47.0,empirical,,7.0,7.0,28.0,32.541258945136505
2023-06-30,12.006979522319996,interp,5.0,12.0,202307W1,202307W2,13.03255902934016,interp,12.0,19.0,202307W2,202307,14.585421022815478,interp,19.0,47.0,202307,202308,7,3,3,5.0,16837.0,16800.0,0.4336706823751735,48.0,empirical,,7.0,7.0,28.0,32.55386694937715
2023-07-03,13.200306574028234,interp,2.0,9.0,202307W1,202307W2,14.38421851812494,interp,9.0,16.0,202307W2,202307,14.943442602557308,interp,16.0,44.0,202307,202308,7,3,3,2.0,17085.0,17050.0,0.4723440222045059,48.0,empirical,,7.0,7.0,28.0,32.95732308507819
2023-07-04,12.397570867222454,interp,1.0,8.0,202307W1,202307W2,13.879508107513578,interp,8.0,15.0,202307W2,202307,14.433933144976136,interp,15.0,43.0,202307,202308,7,3,3,1.0,17152.5,17150.0,0.3533085304278501,50.0,empirical,,7.0,7.0,28.0,33.03297111052213
2023-07-05,12.570956424132712,exact,7.0,7.0,202307W2,202307W2,14.08051469123589,exact,14.0,14.0,202307,202307,14.344097209250467,interp,14.0,42.0,202307,202308,6,3,2,7.0,17031.0,17000.0,0.5393996247654784,52.0,empirical,202307W1(d0):dte=0 < 1,0.0,0.0,28.0,32.98253909355951
2023-07-06,14.333325563770511,interp,6.0,13.0,202307W2,202307,15.450228303679465,interp,13.0,41.0,202307,202308,15.246507242803895,interp,13.0,41.0,202307,202308,6,2,2,6.0,16711.5,16700.0,0.4908480074142725,52.0,empirical,,7.0,28.0,28.0,32.25127484760138
2023-07-07,14.71402300119879,interp,5.0,12.0,202307W2,202307,15.699612844562406,interp,12.0,40.0,202307,202308,15.666330240020004,interp,12.0,40.0,202307,202308,6,3,3,5.0,16661.0,16650.0,0.4644087938205585,54.0,empirical,,7.0,28.0,28.0,32.20084283063876
2023-07-10,16.689859536329184,interp,2.0,9.0,202307W2,202307,16.384355989359562,interp,9.0,37.0,202307,202308,16.217451239193963,interp,9.0,37.0,202307,202308,6,3,3,2.0,16578.0,16550.0,0.3625708916406591,56.0,empirical,,7.0,28.0,28.0,32.13780280943546
2023-07-11,15.250266390719544,interp,1.0,8.0,202307W2,202307,15.329561864683114,interp,8.0,36.0,202307,202308,15.40995532417187,interp,8.0,36.0,202307,202308,6,3,3,1.0,16897.0,16850.0,0.3934234370280882,56.0,empirical,,7.0,28.0,28.0,32.57908295785847
2023-07-12,15.547755998536545,exact,7.0,7.0,202307,202307,15.449839018079786,exact,14.0,14.0,202307W4,202307W4,15.65429077661517,interp,14.0,35.0,202307W4,202308,6,4,3,7.0,16924.0,16900.0,0.3939315636990055,45.0,empirical,202307W2(d0):dte=0 < 1,0.0,0.0,21.0,32.64212297906175
2023-07-13,15.151806600514403,interp,6.0,13.0,202307,202307W4,15.369876589191527,interp,13.0,34.0,202307W4,202308,15.808357935485276,interp,13.0,34.0,202307W4,202308,6,3,3,6.0,17084.5,17050.0,0.4223406754332039,47.0,empirical,,7.0,21.0,21.0,33.00775510204082
2023-07-14,14.373608937033977,interp,5.0,12.0,202307,202307W4,14.801410914799062,interp,12.0,33.0,202307W4,202308,15.351957408180144,interp,12.0,33.0,202307W4,202308,6,3,3,5.0,17290.0,17250.0,0.4879765859832305,49.0,empirical,,7.0,21.0,21.0,33.34817121653857
2023-07-17,15.457700924541564,interp,2.0,9.0,202307,202307W4,15.544983386637153,interp,9.0,30.0,202307W4,202308,15.675853660500236,exact,30.0,30.0,202308,202308,6,3,3,2.0,17289.5,17250.0,0.4583768721699756,54.0,empirical,,7.0,21.0,0.0,33.28513119533528
2023-07-18,16.18333063356707,interp,1.0,8.0,202307,202307W4,16.17646872550637,interp,8.0,29.0,202307W4,202308,16.21177791346501,interp,29.0,64.0,202308,202309,6,3,3,1.0,17221.0,17200.0,0.4434343434343434,55.0,empirical,,7.0,21.0,35.0,32.742987012987015
2023-07-19,16.178142973531266,exact,7.0,7.0,202307W4,202307W4,15.824961323974588,exact,14.0,14.0,202308W1,202308W1,16.21135719804903,interp,28.0,63.0,202308,202309,6,4,3,7.0,17119.5,17100.0,0.4541062801932367,46.0,empirical,202307(d0):dte=0 < 1,0.0,0.0,35.0,32.46561091969255
2023-07-20,15.288072973977997,interp,6.0,13.0,202307W4,202308W1,15.14144190155417,interp,13.0,27.0,202308W1,202308,15.921936180742266,interp,27.0,62.0,202308,202309,7,3,3,6.0,17167.0,17150.0,0.4318181818181818,48.0,empirical,,7.0,14.0,35.0,32.61690697058044
2023-07-21,14.194771705199674,interp,5.0,12.0,202307W4,202308W1,14.82409822828117,interp,12.0,26.0,202308W1,202308,15.672932003039111,interp,26.0,61.0,202308,202309,7,3,3,5.0,16991.0,16950.0,0.4882575757575758,48.0,empirical,,7.0,14.0,35.0,32.07476278823218
2023-07-24,15.027855418238282,interp,2.0,9.0,202307W4,202308W1,15.234303898402816,interp,9.0,23.0,202308W1,202308,15.81709194372495,interp,23.0,58.0,202308,202309,7,3,3,2.0,17024.0,17000.0,0.4137373737373737,50.0,empirical,,7.0,14.0,35.0,32.08737079247284
2023-07-25,14.702564370547226,interp,1.0,8.0,202307W4,202308W1,14.756174123291308,interp,8.0,22.0,202308W1,202308,15.2275255044656,interp,22.0,57.0,202308,202309,7,3,3,1.0,17223.75,17200.0,0.461010101010101,50.0,empirical,,7.0,14.0,35.0,32.49082692817387
2023-07-26,14.728631752771063,exact,7.0,7.0,202308W1,202308W1,14.26250421659044,exact,14.0,14.0,202308W2,202308W2,15.221581535795009,interp,21.0,56.0,202308,202309,7,4,3,7.0,17128.0,17100.0,0.4307199656135826,47.0,empirical,202307W4(d0):dte=0 < 1,0.0,0.0,35.0,32.402570898489266
2023-07-27,13.416168787274447,interp,6.0,13.0,202308W1,202308W2,13.835521748753536,interp,13.0,20.0,202308W2,202308,15.025271066287264,interp,20.0,55.0,202308,202309,7,3,3,6.0,17254.5,17250.0,0.4831818181818181,48.0,empirical,,7.0,7.0,35.0,32.654730983302414
2023-07-28,12.882652362143896,interp,5.0,12.0,202308W1,202308W2,13.801521903998596,interp,12.0,19.0,202308W2,202308,14.950787840929284,interp,19.0,54.0,202308,202309,7,3,3,5.0,17292.0,17250.0,0.459408005626493,49.0,empirical,,7.0,7.0,35.0,32.654730983302414
2023-07-31,15.467273258588984,interp,2.0,9.0,202308W1,202308W2,15.761204354823349,interp,9.0,16.0,202308W2,202308,15.973871026674376,interp,16.0,51.0,202308,202309,7,3,3,2.0,17127.0,17100.0,0.4387490287490287,50.0,empirical,,7.0,7.0,35.0,32.47821892393321
2023-08-01,14.879424598751118,interp,1.0,8.0,202308W1,202308W2,15.222789935670574,interp,8.0,15.0,202308W2,202308,15.409395316087076,interp,15.0,50.0,202308,202309,7,3,3,1.0,17195.25,17150.0,0.4404895104895105,50.0,empirical,,7.0,7.0,35.0,32.64212297906175
2023-08-02,17.151849501728694,exact,7.0,7.0,202308W2,202308W2,17.13199781865359,exact,14.0,14.0,202308,202308,16.43608343158612,interp,14.0,49.0,202308,202309,6,3,2,7.0,16815.5,16800.0,0.5997368421052631,50.0,empirical,202308W1(d0):dte=0 < 1,0.0,0.0,35.0,32.23866684336072
2023-08-04,15.751628446610786,interp,5.0,12.0,202308W2,202308,15.85201974378751,interp,12.0,47.0,202308,202309,15.33042867565489,interp,12.0,47.0,202308,202309,6,2,2,5.0,16832.5,16800.0,0.490506329113924,54.0,empirical,,7.0,35.0,35.0,32.08737079247284
2023-08-07,16.66667956924224,interp,2.0,9.0,202308W2,202308,15.97823771862246,interp,9.0,44.0,202308,202309,15.453218311598537,interp,9.0,44.0,202308,202309,6,2,2,2.0,17004.0,17000.0,0.4678571428571428,56.0,empirical,,7.0,35.0,35.0,32.402570898489266
2023-08-08,17.147431555295217,interp,1.0,8.0,202308W2,202308,16.472255012780362,interp,8.0,43.0,202308,202309,16.01479051101727,interp,8.0,43.0,202308,202309,6,2,2,1.0,16867.0,16850.0,0.4392857142857143,56.0,empirical,,7.0,35.0,35.0,32.02433077126955
2023-08-09,16.568936177068892,exact,7.0,7.0,202308,202308,15.84717936965954,exact,14.0,14.0,202308W4,202308W4,15.855560937672106,interp,14.0,42.0,202308W4,202309,6,3,2,7.0,16850.0,16850.0,0.3880434782608696,46.0,empirical,202308W2(d0):dte=0 < 1,0.0,0.0,28.0,32.07476278823218
2023-08-10,17.174956213178387,interp,6.0,13.0,202308,202308W4,16.611604068542768,interp,13.0,41.0,202308W4,202309,16.762922743642967,interp,13.0,41.0,202308W4,202309,6,2,2,6.0,16657.0,16650.0,0.4407608695652174,46.0,empirical,,7.0,28.0,28.0,31.873034720381664
2023-08-11,15.233822427962984,interp,5.0,12.0,202308,202308W4,15.694939983599426,interp,12.0,40.0,202308W4,202309,16.39924772179733,interp,12.0,40.0,202308W4,202309,6,3,3,5.0,16626.0,16600.0,0.4418858600350709,51.0,empirical,,7.0,28.0,28.0,31.847818711900345
2023-08-14,17.567304555270937,interp,2.0,9.0,202308,202308W4,17.30866864076447,interp,9.0,37.0,202308W4,202309,17.249992504883192,interp,9.0,37.0,202308W4,202309,6,3,3,2.0,16377.0,16350.0,0.4528933524629364,51.0,empirical,,7.0,28.0,28.0,31.393930559236683
2023-08-15,16.124456988018682,interp,1.0,8.0,202308,202308W4,16.376349281055717,interp,8.0,36.0,202308W4,202309,16.586717046501754,interp,8.0,36.0,202308W4,202309,6,3,3,1.0,16422.5,16400.0,0.3749131526909304,55.0,empirical,,7.0,28.0,28.0,31.44436257619932
2023-08-16,16.074175297508535,exact,7.0,7.0,202308W4,202308W4,16.02818568835494,exact,14.0,14.0,202308W5,202308W5,16.53828138902958,interp,14.0,35.0,202308W5,202309,6,4,3,7.0,16407.5,16400.0,0.4927422371866816,44.0,empirical,202308(d0):dte=0 < 1,0.0,0.0,21.0,31.280458521070766
2023-08-17,14.861744458466452,interp,6.0,13.0,202308W4,202308W5,15.341752449230263,interp,13.0,34.0,202308W5,202309,15.946055800829033,interp,13.0,34.0,202308W5,202309,7,3,3,6.0,16488.5,16450.0,0.4609427609427609,44.0,empirical,,7.0,21.0,21.0,31.419146567718
2023-08-18,15.810195617965476,interp,5.0,12.0,202308W4,202308W5,16.397982449063498,interp,12.0,33.0,202308W5,202309,16.8606006597438,interp,12.0,33.0,202308W5,202309,7,3,3,5.0,16389.5,16350.0,0.5342312008978675,45.0,empirical,,7.0,21.0,21.0,31.23002650410814
2023-08-21,17.067132011479178,interp,2.0,9.0,202308W4,202308W5,16.84946845863665,interp,9.0,30.0,202308W5,202309,16.750688927711817,exact,30.0,30.0,202309,202309,7,3,3,2.0,16374.0,16350.0,0.5138986396669613,47.0,empirical,,7.0,21.0,0.0,31.015690432016964
2023-08-22,16.867152176821566,interp,1.0,8.0,202308W4,202308W5,16.752095973497394,interp,8.0,29.0,202308W5,202309,16.622675533429813,interp,29.0,57.0,202309,202310,7,3,3,1.0,16431.75,16400.0,0.4417540256783756,47.0,empirical,,7.0,21.0,28.0,31.267850516830112
2023-08-23,16.712359252659255,exact,7.0,7.0,202308W5,202308W5,15.923381114389644,exact,14.0,14.0,202309W1,202309W1,16.13810018243399,interp,28.0,56.0,202309,202310,7,4,3,7.0,16573.0,16550.0,0.5517380264425182,45.0,empirical,202308W4(d0):dte=0 < 1,0.0,0.0,28.0,31.482186588921284
2023-08-24,13.87734788278882,interp,6.0,13.0,202308W5,202309W1,14.28020398476808,interp,13.0,27.0,202309W1,202309,15.112522942235856,interp,27.0,55.0,202309,202310,7,3,3,6.0,16774.5,16750.0,0.4771982867220963,49.0,empirical,,7.0,14.0,28.0,32.02433077126955
2023-08-25,15.1554041837182,interp,5.0,12.0,202308W5,202309W1,15.710606879524992,interp,12.0,26.0,202309W1,202309,16.41760259428178,interp,26.0,54.0,202309,202310,7,3,3,5.0,16449.5,16400.0,0.4355151797499806,53.0,empirical,,7.0,14.0,28.0,31.40653856347734
2023-08-28,15.31480788185092,interp,2.0,9.0,202308W5,202309W1,15.54332458438906,interp,9.0,23.0,202309W1,202309,15.531220899533796,interp,23.0,51.0,202309,202310,7,3,3,2.0,16506.5,16500.0,0.4609053497942386,53.0,empirical,,7.0,14.0,28.0,31.60826663132785
2023-08-29,14.087308411736654,interp,1.0,8.0,202308W5,202309W1,14.645200842186991,interp,8.0,22.0,202309W1,202309,14.803393243305871,interp,22.0,50.0,202309,202310,7,3,3,1.0,16642.25,16600.0,0.3624505008152807,53.0,empirical,,7.0,14.0,28.0,31.78477869069706
2023-08-30,12.866558223446123,exact,7.0,7.0,202309W1,202309W1,13.171740421262117,exact,14.0,14.0,202309W2,202309W2,13.900024183940507,interp,21.0,49.0,202309,202310,7,4,3,7.0,16736.5,16700.0,0.4887957139529466,45.0,empirical,202308W5(d0):dte=0 < 1,0.0,0.0,28.0,31.923466737344288
2023-08-31,12.975292591727754,interp,6.0,13.0,202309W1,202309W2,13.612895660867212,interp,13.0,20.0,202309W2,202309,14.144142551223563,interp,20.0,48.0,202309,202310,7,3,3,6.0,16649.5,16600.0,0.4062757614655558,47.0,empirical,,7.0,7.0,28.0,31.69652266101246
2023-09-01,12.49502762079902,interp,5.0,12.0,202309W1,202309W2,13.343134496103769,interp,12.0,19.0,202309W2,202309,13.809438661777705,interp,19.0,47.0,202309,202310,7,3,3,5.0,16665.5,16650.0,0.4758265558479662,47.0,empirical,,7.0,7.0,28.0,31.74695467797509
2023-09-04,12.876033716971923,interp,2.0,9.0,202309W1,202309W2,13.819316369742763,interp,9.0,16.0,202309W2,202309,13.626271789691511,interp,16.0,44.0,202309,202310,7,3,3,2.0,16795.0,16750.0,0.4631455131477434,47.0,empirical,,7.0,7.0,28.0,31.96129075006626
2023-09-05,13.070602947439408,interp,1.0,8.0,202309W1,202309W2,13.98053859867295,interp,8.0,15.0,202309W2,202309,13.68067849585278,interp,15.0,43.0,202309,202310,7,3,3,1.0,16775.0,16750.0,0.4145619114172573,49.0,empirical,,7.0,7.0,28.0,31.88564272462232
2023-09-06,12.615000390614613,exact,7.0,7.0,202309W2,202309W2,13.826073734008965,exact,14.0,14.0,202309,202309,13.419637066155232,interp,14.0,42.0,202309,202310,6,3,2,7.0,16727.0,16700.0,0.5251177394034537,49.0,empirical,202309W1(d0):dte=0 < 1,0.0,0.0,28.0,31.7721706864564
2023-09-07,12.925289339332515,interp,6.0,13.0,202309W2,202309,13.641011784254422,interp,13.0,41.0,202309,202310,13.42976669942354,interp,13.0,41.0,202309,202310,6,2,2,6.0,16584.0,16550.0,0.4929015084294587,49.0,empirical,,7.0,28.0,28.0,31.482186588921284
2023-09-08,12.48148958622457,interp,5.0,12.0,202309W2,202309,13.619200133438357,interp,12.0,40.0,202309,202310,13.646659053776744,interp,12.0,40.0,202309,202310,6,3,3,5.0,16580.5,16550.0,0.4456687663607661,49.0,empirical,,7.0,28.0,28.0,31.34349854227405
2023-09-11,15.51975709148169,interp,2.0,9.0,202309W2,202309,15.086207968088068,interp,9.0,37.0,202309,202310,14.562196349030016,interp,9.0,37.0,202309,202310,6,3,3,2.0,16450.5,16450.0,0.3894962532871424,49.0,empirical,,7.0,28.0,28.0,31.21741849986748
2023-09-12,14.2143161803647,interp,1.0,8.0,202309W2,202309,14.168985441990197,interp,8.0,36.0,202309,202310,14.134162635579711,interp,8.0,36.0,202309,202310,6,3,3,1.0,16572.5,16550.0,0.3857207199874105,53.0,empirical,,7.0,28.0,28.0,31.532618605883915
2023-09-13,13.86789416355712,exact,7.0,7.0,202309,202309,13.414003324367703,exact,14.0,14.0,202309W4,202309W4,13.895108707091966,interp,14.0,35.0,202309W4,202310,6,4,3,7.0,16579.0,16550.0,0.4321797207043108,45.0,empirical,202309W2(d0):dte=0 < 1,0.0,0.0,21.0,31.570442618605888
2023-09-14,13.93952658652818,interp,6.0,13.0,202309,202309W4,13.258830966512628,interp,13.0,34.0,202309W4,202310,13.705564918209951,interp,13.0,34.0,202309W4,202310,6,3,3,6.0,16838.5,16800.0,0.4801457194899818,45.0,empirical,,7.0,21.0,21.0,32.01172276702889
2023-09-15,12.321979247075545,interp,5.0,12.0,202309,202309W4,12.620422658922127,interp,12.0,33.0,202309W4,202310,13.353912008178284,interp,12.0,33.0,202309W4,202310,6,3,3,5.0,16904.5,16900.0,0.4569209910020954,49.0,empirical,,7.0,21.0,21.0,32.11258680095415
2023-09-18,13.813683501650228,interp,2.0,9.0,202309,202309W4,13.875162615056812,interp,9.0,30.0,202309W4,202310,14.070451703995865,exact,30.0,30.0,202310,202310,6,3,3,2.0,16708.5,16700.0,0.4605094927840829,52.0,empirical,,7.0,21.0,0.0,31.7721706864564
2023-09-19,14.050795672819358,interp,1.0,8.0,202309,202309W4,14.019381413688404,interp,8.0,29.0,202309W4,202310,14.046742934405524,interp,29.0,57.0,202310,202311,6,3,3,1.0,16606.75,16600.0,0.3949926439680538,52.0,empirical,,7.0,21.0,28.0,31.633482639809174
2023-09-20,14.010042287033626,exact,7.0,7.0,202309W4,202309W4,13.363617074022825,exact,14.0,14.0,202310W1,202310W1,14.054977855552773,interp,28.0,56.0,202310,202311,6,4,3,7.0,16556.5,16550.0,0.4650460043902666,45.0,empirical,202309(d0):dte=0 < 1,0.0,0.0,28.0,31.45697058043997
2023-09-21,14.403419190884936,interp,6.0,13.0,202309W4,202310W1,14.03927732060484,interp,13.0,27.0,202310W1,202310,14.604574179794351,interp,27.0,55.0,202310,202311,7,3,3,6.0,16309.0,16300.0,0.559338492078871,47.0,empirical,,7.0,14.0,28.0,30.95265041081368
2023-09-22,13.869663821045783,interp,5.0,12.0,202309W4,202310W1,14.030691291582686,interp,12.0,26.0,202310W1,202310,14.48064340879978,interp,26.0,54.0,202310,202311,7,3,3,5.0,16340.5,16300.0,0.5016903313049358,51.0,empirical,,7.0,14.0,28.0,30.927434402332366
2023-09-25,13.37678170622949,interp,2.0,9.0,202309W4,202310W1,13.62642506640322,interp,9.0,23.0,202310W1,202310,14.029523360221718,interp,23.0,51.0,202310,202311,7,3,3,2.0,16451.5,16450.0,0.4788472304012446,51.0,empirical,,7.0,14.0,28.0,31.1543784786642
2023-09-26,14.250927485997297,interp,1.0,8.0,202309W4,202310W1,14.399930968102028,interp,8.0,22.0,202310W1,202310,14.61618132469678,interp,22.0,50.0,202310,202311,7,3,3,1.0,16304.0,16300.0,0.4481159167411866,51.0,empirical,,7.0,14.0,28.0,30.78874635568513
2023-09-27,13.765847769500668,exact,7.0,7.0,202310W1,202310W1,13.348688802478058,exact,14.0,14.0,202310W2,202310W2,14.801180807839366,interp,21.0,49.0,202310,202311,7,4,3,7.0,16305.0,16300.0,0.4689085670110338,45.0,empirical,202309W4(d0):dte=0 < 1,0.0,0.0,28.0,30.801354359925792
2023-09-28,12.567561405964716,interp,6.0,13.0,202310W1,202310W2,12.912330815810703,interp,13.0,20.0,202310W2,202310,14.278388359959669,interp,20.0,48.0,202310,202311,7,3,3,6.0,16360.0,16350.0,0.496078431372549,45.0,empirical,,7.0,7.0,28.0,30.927434402332366
2023-10-02,12.351964369815637,interp,2.0,9.0,202310W1,202310W2,13.43550743327813,interp,9.0,16.0,202310W2,202310,13.936364426093672,interp,16.0,44.0,202310,202311,7,3,3,2.0,16547.0,16500.0,0.5046594982078854,45.0,empirical,,7.0,7.0,28.0,31.3308905380334
2023-10-03,13.183414382532169,interp,1.0,8.0,202310W1,202310W2,14.44577198125814,interp,8.0,15.0,202310W2,202310,14.92187906109414,interp,15.0,43.0,202310,202311,7,3,3,1.0,16420.75,16400.0,0.4231499051233396,51.0,empirical,,7.0,7.0,28.0,31.14177047442353
2023-10-04,14.511594243929665,exact,7.0,7.0,202310W2,202310W2,15.840025346304865,exact,14.0,14.0,202310,202310,16.106134305471766,interp,14.0,42.0,202310,202311,6,3,2,7.0,16244.0,16200.0,0.556199944766639,51.0,empirical,202310W1(d0):dte=0 < 1,0.0,0.0,28.0,30.738314338722507
2023-10-05,12.376815952318072,interp,6.0,13.0,202310W2,202310,14.107139868908869,interp,13.0,41.0,202310,202311,14.742861989725014,interp,13.0,41.0,202310,202311,6,2,2,6.0,16449.0,16400.0,0.5386784850926671,51.0,empirical,,7.0,28.0,28.0,31.17959448714551
2023-10-06,12.324932139857564,interp,5.0,12.0,202310W2,202310,13.826550250187006,interp,12.0,40.0,202310,202311,14.598400793016204,interp,12.0,40.0,202310,202311,6,3,3,5.0,16516.0,16500.0,0.5341246244994612,51.0,empirical,,7.0,28.0,28.0,31.293066525311424
2023-10-11,13.623016225646886,exact,7.0,7.0,202310,202310,13.811471925723168,exact,14.0,14.0,202310W4,202310W4,14.348533020394566,interp,14.0,35.0,202310W4,202311,6,4,3,7.0,16715.0,16700.0,0.5509233371302337,45.0,empirical,202310W2(d0):dte=0 < 1,0.0,0.0,21.0,31.83521070765969
2023-10-12,12.58474229854797,interp,6.0,13.0,202310,202310W4,13.175397372621758,interp,13.0,34.0,202310W4,202311,14.079380500876605,interp,13.0,34.0,202310W4,202311,6,3,3,6.0,16848.5,16800.0,0.5451343876933713,49.0,empirical,,7.0,21.0,21.0,32.09997879671349
2023-10-13,13.17021451090623,interp,5.0,12.0,202310,202310W4,13.815441425188045,interp,12.0,33.0,202310W4,202311,14.624505468753934,interp,12.0,33.0,202310W4,202311,6,3,3,5.0,16770.5,16750.0,0.4583031910618118,52.0,empirical,,7.0,21.0,21.0,32.01172276702889
2023-10-16,15.081325177944208,interp,2.0,9.0,202310,202310W4,15.426440872090202,interp,9.0,30.0,202310W4,202311,15.79328814627007,exact,30.0,30.0,202311,202311,6,3,3,2.0,16647.0,16600.0,0.4839614408579926,52.0,empirical,,7.0,21.0,0.0,31.83521070765969
2023-10-17,14.655926492470272,interp,1.0,8.0,202310,202310W4,15.031418474189548,interp,8.0,29.0,202310W4,202311,15.334513761405166,interp,29.0,64.0,202311,202312,6,3,3,1.0,16651.25,16650.0,0.4169278996865204,52.0,empirical,,7.0,21.0,35.0,31.91085873310364
2023-10-18,15.354388421503684,exact,7.0,7.0,202310W4,202310W4,15.08727904266422,exact,14.0,14.0,202311W1,202311W1,15.87346470509215,interp,28.0,63.0,202311,202312,6,4,3,7.0,16460.0,16450.0,0.5258812901241686,46.0,empirical,202310(d0):dte=0 < 1,0.0,0.0,35.0,31.469578584680622
2023-10-19,15.60750342755308,interp,6.0,13.0,202310W4,202311W1,15.398405626844644,interp,13.0,27.0,202311W1,202311,15.981450686430875,interp,27.0,62.0,202311,202312,7,3,3,6.0,16448.0,16400.0,0.5266922094508302,50.0,empirical,,7.0,14.0,35.0,31.482186588921284
2023-10-20,14.77535388285373,interp,5.0,12.0,202310W4,202311W1,15.437869893310303,interp,12.0,26.0,202311W1,202311,16.530487013435867,interp,26.0,61.0,202311,202312,7,3,3,5.0,16403.5,16400.0,0.505389527458493,50.0,empirical,,7.0,14.0,35.0,31.62087463556852
2023-10-23,16.896873330074275,interp,2.0,9.0,202310W4,202311W1,16.913757736383072,interp,9.0,23.0,202311W1,202311,17.08062106100403,interp,23.0,58.0,202311,202312,7,3,3,2.0,16251.0,16250.0,0.555044699872286,50.0,empirical,,7.0,14.0,35.0,31.23002650410814
2023-10-24,15.651816316553289,interp,1.0,8.0,202310W4,202311W1,16.05302484027825,interp,8.0,22.0,202311W1,202311,16.479961443921347,interp,22.0,57.0,202311,202312,7,3,3,1.0,16322.75,16300.0,0.4540071996968549,52.0,empirical,,7.0,14.0,35.0,31.25524251258945
2023-10-25,14.627886729620236,exact,7.0,7.0,202311W1,202311W1,14.547436605199914,exact,14.0,14.0,202311W2,202311W2,15.538462088105303,interp,21.0,56.0,202311,202312,7,4,3,7.0,16347.0,16300.0,0.5064593771490323,45.0,empirical,202310W4(d0):dte=0 < 1,0.0,0.0,35.0,31.31828253379274
2023-10-26,16.87793983927403,interp,6.0,13.0,202311W1,202311W2,16.836707976691773,interp,13.0,20.0,202311W2,202311,16.990986676617183,interp,20.0,55.0,202311,202312,7,3,3,6.0,16063.0,16050.0,0.5580803615286373,45.0,empirical,,7.0,7.0,35.0,30.700490326000534
2023-10-27,15.341054014862776,interp,5.0,12.0,202311W1,202311W2,15.811737441668413,interp,12.0,19.0,202311W2,202311,16.32289966573379,interp,19.0,54.0,202311,202312,7,3,3,5.0,16141.0,16100.0,0.5371315192743764,49.0,empirical,,7.0,7.0,35.0,30.83917837264776
2023-10-30,15.832417201906264,interp,2.0,9.0,202311W1,202311W2,15.890709153789745,interp,9.0,16.0,202311W2,202311,16.589210231037892,interp,16.0,51.0,202311,202312,7,3,3,2.0,16151.0,16150.0,0.4928571428571429,49.0,empirical,,7.0,7.0,35.0,30.76353034720382
2023-10-31,16.484036491473827,interp,1.0,8.0,202311W1,202311W2,16.81660069160774,interp,8.0,15.0,202311W2,202311,17.137206575571998,interp,15.0,50.0,202311,202312,7,3,3,1.0,15988.5,15950.0,0.4765873015873016,49.0,empirical,,7.0,7.0,35.0,30.549194275112647
2023-11-01,14.966692489220264,exact,7.0,7.0,202311W2,202311W2,15.56337186042573,exact,14.0,14.0,202311,202311,16.24156979983719,interp,14.0,49.0,202311,202312,6,3,2,7.0,16042.0,16000.0,0.5428571428571428,50.0,empirical,202311W1(d0):dte=0 < 1,0.0,0.0,35.0,30.700490326000534
2023-11-02,13.121950822026914,interp,6.0,13.0,202311W2,202311,14.130406879048737,interp,13.0,48.0,202311,202312,15.05464028085476,interp,13.0,48.0,202311,202312,6,2,2,6.0,16374.5,16350.0,0.5614285714285714,50.0,empirical,,7.0,35.0,35.0,31.393930559236683
2023-11-03,12.12822108915291,interp,5.0,12.0,202311W2,202311,13.226752234089451,interp,12.0,47.0,202311,202312,14.16492824954186,interp,12.0,47.0,202311,202312,6,2,2,5.0,16491.0,16450.0,0.525987525987526,52.0,empirical,,7.0,35.0,35.0,31.633482639809174
2023-11-06,14.39012625956022,interp,2.0,9.0,202311W2,202311,14.414407947630888,interp,9.0,44.0,202311,202312,14.463022325502456,interp,9.0,44.0,202311,202312,6,2,2,2.0,16650.0,16650.0,0.4674074074074074,54.0,empirical,,7.0,35.0,35.0,31.91085873310364
2023-11-07,13.616203273077614,interp,1.0,8.0,202311W2,202311,13.924199351525546,interp,8.0,43.0,202311,202312,14.145641871350692,interp,8.0,43.0,202311,202312,6,2,2,1.0,16684.75,16650.0,0.3728070175438596,57.0,empirical,,7.0,35.0,35.0,31.898250728862976
2023-11-08,13.44858230927878,exact,7.0,7.0,202311,202311,13.505184561172516,exact,14.0,14.0,202311W4,202311W4,14.13066472593609,interp,14.0,42.0,202311W4,202312,6,3,2,7.0,16750.5,16750.0,0.4318903318903319,45.0,empirical,202311W2(d0):dte=0 < 1,0.0,0.0,28.0,32.07476278823218
2023-11-09,12.544986945757422,interp,6.0,13.0,202311,202311W4,12.681198923756783,interp,13.0,41.0,202311W4,202312,13.538998049413934,interp,13.0,41.0,202311W4,202312,6,2,2,6.0,16764.0,16750.0,0.4816487859966121,46.0,empirical,,7.0,28.0,28.0,32.08737079247284
2023-11-10,12.337071513761602,interp,5.0,12.0,202311,202311W4,13.086202265754157,interp,12.0,40.0,202311W4,202312,13.632031847767648,interp,12.0,40.0,202311W4,202312,6,3,3,5.0,16735.0,16700.0,0.4397038710082188,46.0,empirical,,7.0,28.0,28.0,31.96129075006626
2023-11-13,13.751965873576156,interp,2.0,9.0,202311,202311W4,13.87254111919329,interp,9.0,37.0,202311W4,202312,14.058668229144187,interp,9.0,37.0,202311W4,202312,6,3,3,2.0,16874.0,16850.0,0.4555655938264634,46.0,empirical,,7.0,28.0,28.0,32.4530029154519
2023-11-14,13.629086133702556,interp,1.0,8.0,202311,202311W4,13.876337100288175,interp,8.0,36.0,202311W4,202312,14.09200236003209,interp,8.0,36.0,202311W4,202312,6,3,3,1.0,16949.0,16900.0,0.4253418803418803,48.0,empirical,,7.0,28.0,28.0,32.528650940895844
2023-11-15,13.011729663595956,exact,7.0,7.0,202311W4,202311W4,13.098859509996286,exact,14.0,14.0,202311W5,202311W5,13.832156889973987,interp,14.0,35.0,202311W5,202312,6,4,3,7.0,17160.5,17150.0,0.4732570556826849,46.0,empirical,202311(d0):dte=0 < 1,0.0,0.0,21.0,32.91949907235622
2023-11-16,12.742712301314452,interp,6.0,13.0,202311W4,202311W5,13.046012704837157,interp,13.0,34.0,202311W5,202312,13.6910961320527,interp,13.0,34.0,202311W5,202312,7,3,3,6.0,17184.5,17150.0,0.504354657687991,50.0,empirical,,7.0,21.0,21.0,32.93210707659687
2023-11-17,12.853852446713626,interp,5.0,12.0,202311W4,202311W5,13.382294230868837,interp,12.0,33.0,202311W5,202312,14.218104223760578,interp,12.0,33.0,202311W5,202312,7,3,3,5.0,17214.0,17200.0,0.4642220524573465,51.0,empirical,,7.0,21.0,21.0,33.03297111052213
2023-11-20,13.424188185052092,interp,2.0,9.0,202311W4,202311W5,13.759617661581592,interp,9.0,30.0,202311W5,202312,14.267041688938386,exact,30.0,30.0,202312,202312,7,3,3,2.0,17199.5,17150.0,0.463120213120213,52.0,empirical,,7.0,21.0,0.0,33.02036310628147
2023-11-21,12.956924178545773,interp,1.0,8.0,202311W4,202311W5,13.507782973188624,interp,8.0,29.0,202311W5,202312,13.996285545576573,interp,29.0,57.0,202312,202401,7,3,3,1.0,17407.0,17400.0,0.4294039294039294,52.0,empirical,,7.0,21.0,28.0,33.423819241982514
2023-11-22,11.22854782115676,exact,7.0,7.0,202311W5,202311W5,11.551218537098668,exact,14.0,14.0,202312W1,202312W1,13.227451640333184,interp,28.0,56.0,202312,202401,7,4,3,7.0,17308.5,17300.0,0.3766223564567221,47.0,empirical,202311W4(d0):dte=0 < 1,0.0,0.0,28.0,33.121227140206734
2023-11-23,10.464815406998593,interp,6.0,13.0,202311W5,202312W1,11.210361013433328,interp,13.0,27.0,202312W1,202312,12.821136671195358,interp,27.0,55.0,202312,202401,7,3,3,6.0,17319.0,17300.0,0.4080125721174545,49.0,empirical,,7.0,14.0,28.0,33.10861913596608
2023-11-24,10.452714768271116,interp,5.0,12.0,202311W5,202312W1,11.282800792080524,interp,12.0,26.0,202312W1,202312,12.829044142700784,interp,26.0,54.0,202312,202401,7,3,3,5.0,17310.0,17300.0,0.4157625075346594,49.0,empirical,,7.0,14.0,28.0,33.08340312748476
2023-11-27,12.273578516597295,interp,2.0,9.0,202311W5,202312W1,12.753623975364055,interp,9.0,23.0,202312W1,202312,13.554438708436006,interp,23.0,51.0,202312,202401,7,3,3,2.0,17172.5,17150.0,0.401339016619306,49.0,empirical,,7.0,14.0,28.0,32.869067055393586
2023-11-28,11.816076244831224,interp,1.0,8.0,202311W5,202312W1,12.544192709614144,interp,8.0,22.0,202312W1,202312,13.432609283216944,interp,22.0,50.0,202312,202401,7,3,3,1.0,17357.75,17350.0,0.317939444521723,52.0,empirical,,7.0,14.0,28.0,33.09601113172542
2023-11-29,11.244130644142476,exact,7.0,7.0,202312W1,202312W1,11.855892718160725,exact,14.0,14.0,202312W2,202312W2,13.223770455511476,interp,21.0,49.0,202312,202401,7,4,3,7.0,17347.5,17300.0,0.3153697680360756,47.0,empirical,202311W5(d0):dte=0 < 1,0.0,0.0,28.0,33.0707951232441
2023-11-30,11.683088398423134,interp,6.0,13.0,202312W1,202312W2,12.076497928634051,interp,13.0,20.0,202312W2,202312,13.181680533608873,interp,20.0,48.0,202312,202401,7,3,3,6.0,17398.5,17350.0,0.3367886508709293,48.0,empirical,,7.0,7.0,28.0,33.121227140206734
2023-12-01,11.57105797209742,interp,5.0,12.0,202312W1,202312W2,12.13750328657586,interp,12.0,19.0,202312W2,202312,13.266921702365376,interp,19.0,47.0,202312,202401,7,3,3,5.0,17424.5,17400.0,0.3846535031495282,49.0,empirical,,7.0,7.0,28.0,33.23469917837265
2023-12-04,12.175042876235114,interp,2.0,9.0,202312W1,202312W2,12.481336054257934,interp,9.0,16.0,202312W2,202312,13.291975748616554,interp,16.0,44.0,202312,202401,7,3,3,2.0,17429.5,17400.0,0.4192601329999399,49.0,empirical,,7.0,7.0,28.0,33.10861913596608
2023-12-05,12.050324471817982,interp,1.0,8.0,202312W1,202312W2,12.363126074718195,interp,8.0,15.0,202312W2,202312,13.175018933613062,interp,15.0,43.0,202312,202401,7,3,3,1.0,17320.0,17300.0,0.3641169866561385,49.0,empirical,,7.0,7.0,28.0,32.869067055393586
2023-12-06,11.67966025931043,exact,7.0,7.0,202312W2,202312W2,11.95352471926147,exact,14.0,14.0,202312,202312,12.973656582715332,interp,14.0,42.0,202312,202401,6,3,2,7.0,17389.0,17350.0,0.4341573033707865,50.0,empirical,202312W1(d0):dte=0 < 1,0.0,0.0,28.0,32.98253909355951
2023-12-07,11.719812671346794,interp,6.0,13.0,202312W2,202312,12.428764562978,interp,13.0,41.0,202312,202401,13.171554109084758,interp,13.0,41.0,202312,202401,6,2,2,6.0,17284.5,17250.0,0.45,50.0,empirical,,7.0,28.0,28.0,32.780811025708985
2023-12-08,11.543907030243991,interp,5.0,12.0,202312W2,202312,12.249993363558172,interp,12.0,40.0,202312,202401,13.18361932428856,interp,12.0,40.0,202312,202401,6,3,3,5.0,17383.0,17350.0,0.4632323232323232,50.0,empirical,,7.0,28.0,28.0,33.045579114762795
2023-12-11,12.51744452247832,interp,2.0,9.0,202312W2,202312,13.037393007096384,interp,9.0,37.0,202312,202401,13.609715270071268,interp,9.0,37.0,202312,202401,6,3,3,2.0,17427.0,17400.0,0.4182491582491582,50.0,empirical,,7.0,28.0,28.0,33.08340312748476
2023-12-12,12.41351024231565,interp,1.0,8.0,202312W2,202312,13.117091141068068,interp,8.0,36.0,202312,202401,13.625674891544776,interp,8.0,36.0,202312,202401,6,3,3,1.0,17471.75,17450.0,0.3764309764309764,50.0,empirical,,7.0,28.0,28.0,33.159051152928704
2023-12-13,11.260550993214054,exact,7.0,7.0,202312,202312,10.766054361414088,exact,14.0,14.0,202312W4,202312W4,13.046851137324818,interp,14.0,35.0,202312W4,202401,6,4,3,7.0,17454.5,17450.0,0.4012866566058055,47.0,empirical,202312W2(d0):dte=0 < 1,0.0,0.0,21.0,33.171659157169366
2023-12-14,10.432816306378385,interp,6.0,13.0,202312,202312W4,10.69965767702496,interp,13.0,34.0,202312W4,202401,12.713628323270472,interp,13.0,34.0,202312W4,202401,6,3,3,6.0,17664.0,17650.0,0.4178391053391053,48.0,empirical,,7.0,21.0,21.0,33.5751152928704
2023-12-15,10.062118512915394,interp,5.0,12.0,202312,202312W4,10.670708105193151,interp,12.0,33.0,202312W4,202401,12.669765550856834,interp,12.0,33.0,202312W4,202401,6,3,3,5.0,17674.0,17650.0,0.3518287910054792,52.0,empirical,,7.0,21.0,21.0,33.713803339517625
2023-12-18,10.833231379958043,interp,2.0,9.0,202312,202312W4,11.946791163295256,interp,9.0,30.0,202312W4,202401,13.19308273918435,exact,30.0,30.0,202401,202401,6,3,3,2.0,17656.0,17650.0,0.3711524625030638,52.0,empirical,,7.0,21.0,0.0,33.764235356480256
2023-12-19,10.332471918169444,interp,1.0,8.0,202312,202312W4,12.137018698635757,interp,8.0,29.0,202312W4,202401,13.260526300495425,interp,29.0,64.0,202401,202402,6,3,3,1.0,17575.0,17550.0,0.3240628730915502,52.0,empirical,,7.0,21.0,35.0,33.638155314073686
2023-12-20,9.541732938982756,exact,7.0,7.0,202312W4,202312W4,10.102952972472083,exact,14.0,14.0,202401W1,202401W1,12.96290856826356,interp,28.0,63.0,202401,202402,6,4,3,7.0,17672.0,17650.0,0.4542688591601635,48.0,empirical,202312(d0):dte=0 < 1,0.0,0.0,35.0,33.726411343758286
2023-12-21,10.077252146720063,interp,6.0,13.0,202312W4,202401W1,11.31000382490409,interp,13.0,27.0,202401W1,202401,13.6958478996824,interp,27.0,62.0,202401,202402,7,3,3,6.0,17534.5,17500.0,0.4902395740905058,49.0,empirical,,7.0,14.0,35.0,33.43642724622317
2023-12-22,9.809816448195877,interp,5.0,12.0,202312W4,202401W1,11.512579738036113,interp,12.0,26.0,202401W1,202401,13.748575135799298,interp,26.0,61.0,202401,202402,7,3,3,5.0,17561.5,17550.0,0.432876254180602,50.0,empirical,,7.0,14.0,35.0,33.52468327590776
2023-12-25,10.266165169747511,interp,2.0,9.0,202312W4,202401W1,12.505478009460315,interp,9.0,23.0,202401W1,202401,13.748728132580956,interp,23.0,58.0,202401,202402,7,3,3,2.0,17626.25,17600.0,0.4505276848755109,50.0,empirical,,7.0,14.0,35.0,33.663371322555
2023-12-26,9.835562963270796,interp,1.0,8.0,202312W4,202401W1,12.50531134953851,interp,8.0,22.0,202401W1,202401,13.525664250879233,interp,22.0,57.0,202401,202402,7,3,3,1.0,17737.75,17700.0,0.3864251207729468,50.0,empirical,,7.0,14.0,35.0,33.85249138616486
2023-12-27,9.874476592786252,exact,7.0,7.0,202401W1,202401W1,10.879125920009582,exact,14.0,14.0,202401W2,202401W2,13.652739190158512,interp,21.0,56.0,202401,202402,7,4,3,7.0,17871.0,17850.0,0.439378770376075,49.0,empirical,202312W4(d0):dte=0 < 1,0.0,0.0,35.0,34.230731513384576
2023-12-28,9.860378665977002,interp,6.0,13.0,202401W1,202401W2,11.47205019008704,interp,13.0,20.0,202401W2,202401,13.57859828421812,interp,20.0,55.0,202401,202402,7,3,3,6.0,17885.0,17850.0,0.483452587180839,51.0,empirical,,7.0,7.0,35.0,34.230731513384576
2023-12-29,10.063621668342176,interp,5.0,12.0,202401W1,202401W2,12.213694198892574,interp,12.0,19.0,202401W2,202401,13.681885967289215,interp,19.0,54.0,202401,202402,7,3,3,5.0,17892.0,17850.0,0.44613836867358,52.0,empirical,,7.0,7.0,35.0,34.15508348794063
2024-01-02,11.341604038861275,interp,1.0,8.0,202401W1,202401W2,14.452160336496922,interp,8.0,15.0,202401W2,202401,14.27065108409428,interp,15.0,50.0,202401,202402,7,3,3,1.0,17831.0,17800.0,0.3881349074993563,53.0,empirical,,7.0,7.0,35.0,34.016395441293405
2024-01-03,12.335886566301728,exact,7.0,7.0,202401W2,202401W2,15.088383967407529,exact,14.0,14.0,202401,202401,14.377957144283808,interp,14.0,49.0,202401,202402,6,3,2,7.0,17568.5,17550.0,0.5093203000681973,53.0,empirical,202401W1(d0):dte=0 < 1,0.0,0.0,35.0,33.423819241982514
2024-01-04,13.150169509912898,interp,6.0,13.0,202401W2,202401,15.080439120408348,interp,13.0,48.0,202401,202402,14.273638612624795,interp,13.0,48.0,202401,202402,6,2,2,6.0,17563.0,17550.0,0.4829734219269103,56.0,empirical,,7.0,35.0,35.0,33.41121123774185
2024-01-05,14.008414528647831,interp,5.0,12.0,202401W2,202401,15.457933906448371,interp,12.0,47.0,202401,202402,14.291038986967475,interp,12.0,47.0,202401,202402,6,2,2,5.0,17532.5,17500.0,0.4577723378212974,57.0,empirical,,7.0,35.0,35.0,33.32295520805725
2024-01-08,15.966266579308714,interp,2.0,9.0,202401W2,202401,15.140676571974527,interp,9.0,44.0,202401,202402,14.098091861720194,interp,9.0,44.0,202401,202402,6,2,2,2.0,17606.0,17600.0,0.4313545491636067,57.0,empirical,,7.0,35.0,35.0,33.47425125894514
2024-01-09,16.533576635172636,interp,1.0,8.0,202401W2,202401,15.183548962368034,interp,8.0,43.0,202401,202402,14.099941167848248,interp,8.0,43.0,202401,202402,6,2,2,1.0,17548.0,17500.0,0.3757649938800489,57.0,empirical,,7.0,35.0,35.0,33.53729128014842
2024-01-10,17.777171410421456,exact,7.0,7.0,202401,202401,15.716830386755753,exact,14.0,14.0,202401W4,202401W4,14.53006406592037,interp,14.0,42.0,202401W4,202402,6,3,2,7.0,17457.5,17450.0,0.4791666666666666,48.0,empirical,202401W2(d0):dte=0 < 1,0.0,0.0,28.0,33.36077922077923
2024-01-11,19.318718047893423,interp,6.0,13.0,202401,202401W4,17.229494596394673,interp,13.0,41.0,202401W4,202402,15.560443772998234,interp,13.0,41.0,202401W4,202402,6,2,2,6.0,17573.5,17550.0,0.5838611306591602,49.0,empirical,,7.0,28.0,28.0,33.49946726742645
2024-01-12,21.11599186335264,interp,5.0,12.0,202401,202401W4,18.443842435455583,interp,12.0,40.0,202401W4,202402,16.501018925948692,interp,12.0,40.0,202401W4,202402,6,3,3,5.0,17486.5,17450.0,0.5479187843719863,49.0,empirical,,7.0,28.0,28.0,33.44903525046382
2024-01-15,13.49453818518439,interp,2.0,9.0,202401,202401W4,13.223924480772862,interp,9.0,37.0,202401W4,202402,13.045425259790331,interp,9.0,37.0,202401W4,202402,6,3,3,2.0,17555.5,17550.0,0.4769463340891913,49.0,empirical,,7.0,28.0,28.0,33.53729128014842
2024-01-16,13.833461213027803,interp,1.0,8.0,202401,202401W4,13.4622340097844,interp,8.0,36.0,202401W4,202402,13.233432946013329,interp,8.0,36.0,202401W4,202402,6,3,3,1.0,17334.25,17300.0,0.416690384966247,50.0,empirical,,7.0,28.0,28.0,33.19687516565068
2024-01-17,14.966128346114257,exact,7.0,7.0,202401W4,202401W4,14.559548685176734,exact,14.0,14.0,202401W5,202401W5,14.083262141060002,interp,14.0,35.0,202401W5,202402,6,4,3,7.0,17223.5,17200.0,0.5488248945695754,47.0,empirical,202401(d0):dte=0 < 1,0.0,0.0,21.0,32.13780280943546
2024-01-18,13.772267774649473,interp,6.0,13.0,202401W4,202401W5,13.618764065269753,interp,13.0,34.0,202401W5,202402,13.370510396958451,interp,13.0,34.0,202401W5,202402,7,3,3,6.0,17260.0,17250.0,0.5674214130096483,51.0,empirical,,7.0,21.0,21.0,32.35213888152664
2024-01-19,12.781454760963582,interp,5.0,12.0,202401W4,202401W5,12.95178585673984,interp,12.0,33.0,202401W5,202402,13.025345479875558,interp,12.0,33.0,202401W5,202402,7,3,3,5.0,17670.5,17650.0,0.5788593215063803,51.0,empirical,,7.0,21.0,21.0,33.512075271667115
2024-01-22,13.754024418110276,interp,2.0,9.0,202401W4,202401W5,13.502558263851384,interp,9.0,30.0,202401W5,202402,13.319558740364997,exact,30.0,30.0,202402,202402,7,3,3,2.0,17823.5,17800.0,0.5123152709359605,58.0,empirical,,7.0,21.0,0.0,33.73901934799895
2024-01-23,13.027189624958286,interp,1.0,8.0,202401W4,202401W5,12.981955818868895,interp,8.0,29.0,202401W5,202402,13.04110599322645,interp,29.0,57.0,202402,202403,7,3,3,1.0,17864.75,17850.0,0.4857142857142857,60.0,empirical,,7.0,21.0,28.0,33.80205936920223
2024-01-24,12.76875602153123,exact,7.0,7.0,202401W5,202401W5,12.189453050071265,interp,7.0,22.0,202401W5,202402W1,12.938815425411017,interp,28.0,56.0,202402,202403,7,4,3,7.0,17882.5,17850.0,0.4736303123399897,49.0,empirical,202401W4(d0):dte=0 < 1,0.0,15.0,28.0,33.78945136496157
2024-01-25,12.289984310050672,interp,6.0,21.0,202401W5,202402W1,11.934919676353156,interp,6.0,21.0,202401W5,202402W1,12.793862586653276,interp,27.0,55.0,202402,202403,7,3,3,6.0,17989.5,17950.0,0.5085704532709141,49.0,empirical,,15.0,15.0,28.0,34.20551550490326
2024-01-26,12.221362706007149,interp,5.0,20.0,202401W5,202402W1,12.032120506812042,interp,5.0,20.0,202401W5,202402W1,13.135773334681089,interp,26.0,54.0,202402,202403,7,3,3,5.0,17987.0,17950.0,0.4716346153846154,52.0,empirical,,15.0,15.0,28.0,34.20551550490326
2024-01-29,11.486761433217705,interp,2.0,17.0,202401W5,202402W1,11.43779396569685,interp,2.0,17.0,202401W5,202402W1,13.014708608015052,interp,23.0,51.0,202402,202403,7,3,3,2.0,18117.0,18100.0,0.4231570512820513,52.0,empirical,,15.0,15.0,28.0,34.41985157699444
2024-01-30,11.103685146697536,interp,1.0,16.0,202401W5,202402W1,10.985535326027843,interp,1.0,16.0,202401W5,202402W1,12.990152636558744,interp,22.0,50.0,202402,202403,7,3,3,1.0,18075.25,18050.0,0.4217674482380364,55.0,empirical,,15.0,15.0,28.0,34.33159554730984
2024-01-31,,no_bracket,,,,,11.02411779570145,extrap,15.0,21.0,202402W1,202402,13.086803374978034,interp,21.0,49.0,202402,202403,6,3,2,15.0,17914.5,17900.0,0.5951048951048952,55.0,empirical,202401W5(d0):dte=0 < 1,,6.0,28.0,33.87770739464617
2024-02-01,,no_bracket,,,,,11.151537672277298,exact,14.0,14.0,202402W1,202402W1,13.226938801487256,interp,20.0,48.0,202402,202403,6,2,2,14.0,17978.5,17950.0,0.5384615384615384,55.0,empirical,,,0.0,28.0,33.87770739464617
2024-02-02,,no_bracket,,,,,10.709102095507957,interp,13.0,19.0,202402W1,202402,12.703442833201311,interp,19.0,47.0,202402,202403,6,2,2,13.0,18071.0,18050.0,0.5230769230769231,55.0,empirical,,,6.0,28.0,34.06682745825603
2024-02-05,,no_bracket,,,,,12.133794085241195,interp,10.0,16.0,202402W1,202402,13.472718670626874,interp,16.0,44.0,202402,202403,6,2,2,10.0,18073.5,18050.0,0.4972027972027972,55.0,empirical,,,6.0,28.0,34.2811635303472
2024-02-15,14.156430102315069,interp,6.0,14.0,202402,202402W4,13.830673696883805,exact,14.0,14.0,202402W4,202402W4,14.687177347548264,interp,14.0,34.0,202402W4,202403,6,4,3,6.0,18667.5,18600.0,0.4463327149041435,49.0,empirical,202402W1(d0):dte=0 < 1,8.0,0.0,20.0,35.89498807315134
2024-02-16,13.089879045780563,interp,5.0,13.0,202402,202402W4,13.52460539536858,interp,13.0,33.0,202402W4,202403,14.435425308841872,interp,13.0,33.0,202402W4,202403,6,3,3,5.0,18635.0,18600.0,0.4877512404999686,61.0,empirical,,8.0,20.0,20.0,35.63021998409754
2024-02-19,12.68145433188786,interp,2.0,10.0,202402,202402W4,13.331150104064882,interp,10.0,30.0,202402W4,202403,14.045251798774585,exact,30.0,30.0,202403,202403,6,3,3,2.0,18670.0,18650.0,0.4171958419697255,61.0,empirical,,8.0,20.0,0.0,35.579787967134905
2024-02-20,13.605704654854652,interp,1.0,9.0,202402,202402W4,13.928835222612651,interp,9.0,29.0,202402W4,202403,14.194493285326038,interp,29.0,57.0,202403,202404,6,3,3,1.0,18753.75,18750.0,0.3813720871804535,61.0,empirical,,8.0,20.0,28.0,35.71847601378214
2024-02-21,14.125424659348168,extrap,8.0,14.0,202402W4,202403W1,13.294077081672793,exact,14.0,14.0,202403W1,202403W1,14.307908869832604,interp,28.0,56.0,202403,202404,6,4,3,8.0,18698.0,18650.0,0.5013659784901615,51.0,empirical,202402(d0):dte=0 < 1,6.0,0.0,28.0,35.60500397561622
2024-02-22,11.13881670181832,exact,7.0,7.0,202402W4,202402W4,11.86231198276017,interp,13.0,27.0,202403W1,202403,13.457955414477354,interp,27.0,55.0,202403,202404,7,3,3,7.0,18890.0,18850.0,0.4858906525573192,52.0,empirical,,0.0,14.0,28.0,36.00846011131726
2024-02-23,9.992990463504576,interp,6.0,12.0,202402W4,202403W1,11.621921292086247,interp,12.0,26.0,202403W1,202403,13.299311545997966,interp,26.0,54.0,202403,202404,7,3,3,6.0,18910.0,18900.0,0.4071966275218308,54.0,empirical,,6.0,14.0,28.0,36.24801219188974
2024-02-26,10.93174395924166,interp,3.0,9.0,202402W4,202403W1,12.223063325524883,interp,9.0,23.0,202403W1,202403,13.235770743810503,interp,23.0,51.0,202403,202404,7,3,3,3.0,18964.5,18950.0,0.375003042472922,55.0,empirical,,6.0,14.0,28.0,36.29844420885237
2024-02-27,11.01727466048397,interp,2.0,8.0,202402W4,202403W1,12.437553378904736,interp,8.0,22.0,202403W1,202403,13.315602561847696,interp,22.0,50.0,202403,202404,7,3,3,2.0,18859.0,18850.0,0.3887308295013743,56.0,empirical,,6.0,14.0,28.0,36.14714815796449
2024-02-29,12.072038958480016,interp,6.0,13.0,202403W1,202403W2,12.65900141166946,interp,13.0,20.0,202403W2,202403,13.60536830332727,interp,20.0,48.0,202403,202404,7,4,3,6.0,18962.5,18950.0,0.3670761477281676,51.0,empirical,202402W4(d0):dte=0 < 1,7.0,7.0,28.0,36.13454015372383
2024-03-01,11.174967596099748,interp,5.0,12.0,202403W1,202403W2,11.993543702237163,interp,12.0,19.0,202403W2,202403,13.01926386896535,interp,19.0,47.0,202403,202404,7,3,3,5.0,18962.0,18950.0,0.4389787361485475,53.0,empirical,,7.0,7.0,28.0,36.00846011131726
2024-03-04,13.419861986069789,interp,2.0,9.0,202403W1,202403W2,13.840379264840982,interp,9.0,16.0,202403W2,202403,13.984106067479324,interp,16.0,44.0,202403,202404,7,3,3,2.0,19311.0,19300.0,0.4902665468703204,53.0,empirical,,7.0,7.0,28.0,37.05492446329181
2024-03-05,13.430221831401544,interp,1.0,8.0,202403W1,202403W2,13.809757068270162,interp,8.0,15.0,202403W2,202403,14.23499325070162,interp,15.0,43.0,202403,202404,7,3,3,1.0,19388.25,19350.0,0.3544926726279185,61.0,empirical,,7.0,7.0,28.0,37.35751656506759
2024-03-06,13.204871141884706,exact,7.0,7.0,202403W2,202403W2,13.933798478192266,exact,14.0,14.0,202403,202403,14.239007347249537,interp,14.0,42.0,202403,202404,6,3,2,7.0,19508.0,19500.0,0.401031746031746,63.0,empirical,202403W1(d0):dte=0 < 1,0.0,0.0,28.0,37.53402862443679
2024-03-07,15.652399286155896,interp,6.0,13.0,202403W2,202403,15.5105766436422,interp,13.0,41.0,202403,202404,15.671498595735104,interp,13.0,41.0,202403,202404,6,2,2,6.0,19694.5,19650.0,0.39865571321882,65.0,empirical,,7.0,28.0,28.0,38.40398091704215
2024-03-08,16.410140907803292,interp,5.0,12.0,202403W2,202403,16.720972488881554,interp,12.0,40.0,202403,202404,16.788492084126364,interp,12.0,40.0,202403,202404,6,3,3,5.0,19791.0,19750.0,0.4293381027836118,69.0,empirical,,7.0,28.0,28.0,38.94612509939041
2024-03-11,18.884700396348894,interp,2.0,9.0,202403W2,202403,17.85109143869504,interp,9.0,37.0,202403,202404,17.080942819932623,interp,9.0,37.0,202403,202404,6,3,3,2.0,19712.0,19700.0,0.4256445912990687,71.0,empirical,,7.0,28.0,28.0,38.555276967930034
2024-03-12,16.528087481927862,interp,1.0,8.0,202403W2,202403,16.327984464501686,interp,8.0,36.0,202403,202404,16.22172280610094,interp,8.0,36.0,202403,202404,6,3,3,1.0,19951.5,19950.0,0.3408734773575192,71.0,empirical,,7.0,28.0,28.0,38.95873310363107
2024-03-13,15.735564660177708,exact,7.0,7.0,202403,202403,15.64194525232031,exact,14.0,14.0,202403W4,202403W4,16.028637343066567,interp,14.0,35.0,202403W4,202404,6,4,3,7.0,19929.5,19900.0,0.4007782699643165,54.0,empirical,202403W2(d0):dte=0 < 1,0.0,0.0,21.0,39.147853167240925
2024-03-14,14.163083837400253,interp,6.0,13.0,202403,202403W4,14.514128979717023,interp,13.0,34.0,202403W4,202404,15.103198572515664,interp,13.0,34.0,202403W4,202404,6,3,3,6.0,19939.0,19900.0,0.4519605430458144,54.0,empirical,,7.0,21.0,21.0,39.11002915451896
2024-03-15,13.78632298720765,interp,5.0,12.0,202403,202403W4,14.20037364244119,interp,12.0,33.0,202403W4,202404,14.783565829538286,interp,12.0,33.0,202403W4,202404,6,3,3,5.0,19729.0,19700.0,0.3774660596366022,54.0,empirical,,7.0,21.0,21.0,38.58049297641135
2024-03-18,14.6131540437289,interp,2.0,9.0,202403,202403W4,14.636918853221836,interp,9.0,30.0,202403W4,202404,14.81948079303614,exact,30.0,30.0,202404,202404,6,3,3,2.0,19916.5,19900.0,0.3711884713789284,58.0,empirical,,7.0,21.0,0.0,38.93351709514975
2024-03-19,14.097967312250743,interp,1.0,8.0,202403,202403W4,14.282027531263129,interp,8.0,29.0,202403W4,202404,14.48832269984989,interp,29.0,57.0,202404,202405,6,3,3,1.0,19868.0,19850.0,0.4001198113567801,58.0,empirical,,7.0,21.0,28.0,38.84526106546515
2024-03-20,13.450019928075454,exact,7.0,7.0,202403W4,202403W4,13.704607469232943,exact,14.0,14.0,202404W1,202404W1,14.13986639373285,interp,28.0,56.0,202404,202405,6,4,3,7.0,19830.0,19800.0,0.5010197313057511,54.0,empirical,202403(d0):dte=0 < 1,0.0,0.0,28.0,38.63092499337397
2024-03-21,14.124098110951392,interp,6.0,13.0,202403W4,202404W1,14.4132107423017,interp,13.0,27.0,202404W1,202404,14.794048402691896,interp,27.0,55.0,202404,202405,7,3,3,6.0,20257.5,20250.0,0.4800320769847634,55.0,empirical,,7.0,14.0,28.0,39.68999734958919
2024-03-22,12.06886568240868,interp,5.0,12.0,202403W4,202404W1,12.793643529405792,interp,12.0,26.0,202404W1,202404,13.757761285603523,interp,26.0,54.0,202404,202405,7,3,3,5.0,20239.0,20200.0,0.4336319771656398,62.0,empirical,,7.0,14.0,28.0,39.63956533262656
2024-03-25,12.785639665376197,interp,2.0,9.0,202403W4,202404W1,13.29254170817333,interp,9.0,23.0,202404W1,202404,14.136125690195414,interp,23.0,51.0,202404,202405,7,3,3,2.0,20214.5,20200.0,0.3716076930047118,62.0,empirical,,7.0,14.0,28.0,39.71521335807051
2024-03-26,13.861542390730497,interp,1.0,8.0,202403W4,202404W1,14.32266641721414,interp,8.0,22.0,202404W1,202404,14.891603317389748,interp,22.0,50.0,202404,202405,7,3,3,1.0,20167.0,20150.0,0.3372561012444122,62.0,empirical,,7.0,14.0,28.0,39.740429366551815
2024-03-27,13.354392614039169,exact,7.0,7.0,202404W1,202404W1,12.996323654769997,exact,14.0,14.0,202404W2,202404W2,14.49563004879108,interp,21.0,49.0,202404,202405,7,4,3,7.0,20247.5,20200.0,0.3619467600982642,54.0,empirical,202403W4(d0):dte=0 < 1,0.0,0.0,28.0,39.75303737079248
2024-03-28,12.139304462668012,interp,6.0,13.0,202404W1,202404W2,12.414713534241766,interp,13.0,20.0,202404W2,202404,14.083410369170346,interp,20.0,48.0,202404,202405,7,3,3,6.0,20188.5,20150.0,0.3654360620652755,56.0,empirical,,7.0,7.0,28.0,39.56391730718262
2024-03-29,11.790650240459003,interp,5.0,12.0,202404W1,202404W2,12.525502972887928,interp,12.0,19.0,202404W2,202404,14.02636564051594,interp,19.0,47.0,202404,202405,7,3,3,5.0,20254.0,20250.0,0.4460833807970452,56.0,empirical,,7.0,7.0,28.0,39.81607739199576
2024-04-01,12.971316758204802,interp,2.0,9.0,202404W1,202404W2,13.443993824790148,interp,9.0,16.0,202404W2,202404,14.584180091170609,interp,16.0,44.0,202404,202405,7,3,3,2.0,20268.5,20250.0,0.385963441890166,58.0,empirical,,7.0,7.0,28.0,39.68999734958919
2024-04-02,12.706362856953954,interp,1.0,8.0,202404W1,202404W2,13.855560682009257,interp,8.0,15.0,202404W2,202404,14.999530848715438,interp,15.0,43.0,202404,202405,7,3,3,1.0,20479.25,20450.0,0.4109913793103448,58.0,empirical,,7.0,7.0,28.0,40.25735754041877
2024-04-03,12.52622395463564,exact,7.0,7.0,202404W2,202404W2,14.06477820527221,exact,14.0,14.0,202404,202404,14.932826077842224,interp,14.0,42.0,202404,202405,6,3,2,7.0,20334.5,20300.0,0.4357940446650123,62.0,empirical,202404W1(d0):dte=0 < 1,0.0,0.0,28.0,39.97998144712431
2024-04-08,13.65757579386188,interp,2.0,9.0,202404W2,202404,14.223475566533972,interp,9.0,37.0,202404,202405,14.72043173719205,interp,9.0,37.0,202404,202405,6,3,3,2.0,20430.0,20400.0,0.407550508357923,62.0,empirical,,7.0,28.0,28.0,40.206925523456135
2024-04-09,15.289745130468908,interp,1.0,8.0,202404W2,202404,15.537292804217598,interp,8.0,36.0,202404,202405,15.717932171806943,interp,8.0,36.0,202404,202405,6,3,3,1.0,20842.0,20800.0,0.3302747110231104,62.0,empirical,,7.0,28.0,28.0,41.16513384574609
2024-04-10,13.988611130453371,exact,7.0,7.0,202404,202404,15.569592455514847,exact,14.0,14.0,202404W4,202404W4,15.560474922529218,interp,14.0,35.0,202404W4,202405,6,4,3,7.0,20850.0,20850.0,0.4390743989635129,55.0,empirical,202404W2(d0):dte=0 < 1,0.0,0.0,21.0,41.102093824542806
2024-04-11,12.723151677749414,interp,6.0,13.0,202404,202404W4,14.551708473817357,interp,13.0,34.0,202404W4,202405,15.239265874210506,interp,13.0,34.0,202404W4,202405,6,3,3,6.0,20750.5,20750.0,0.4460337858186355,57.0,empirical,,7.0,21.0,21.0,40.97601378213624
2024-04-12,12.289751811786958,interp,5.0,12.0,202404,202404W4,13.95038056159578,interp,12.0,33.0,202404W4,202405,14.639880939912572,interp,12.0,33.0,202404W4,202405,6,3,3,5.0,20754.0,20750.0,0.4137500163672856,57.0,empirical,,7.0,21.0,21.0,40.87514974821097
2024-04-15,15.88510909212197,interp,2.0,9.0,202404,202404W4,15.921482255603534,interp,9.0,30.0,202404W4,202405,15.990629148451696,exact,30.0,30.0,202405,202405,6,3,3,2.0,20506.5,20500.0,0.3883710591473174,57.0,empirical,,7.0,21.0,0.0,40.34561357010337
2024-04-16,20.10463865847642,interp,1.0,8.0,202404,202404W4,19.199246995511377,interp,8.0,29.0,202404W4,202405,18.588893283382284,interp,29.0,64.0,202405,202406,6,3,3,1.0,19950.0,19950.0,0.4058890428972527,62.0,empirical,,7.0,21.0,35.0,39.24871720116619
2024-04-17,19.422286896477427,exact,7.0,7.0,202404W4,202404W4,18.17022837363366,interp,7.0,15.0,202404W4,202405W1,17.548309951497554,interp,28.0,63.0,202405,202406,6,4,3,7.0,20164.0,20150.0,0.4465377232199237,53.0,empirical,202404(d0):dte=0 < 1,0.0,8.0,35.0,39.68999734958919
2024-04-18,18.77524793189325,interp,6.0,14.0,202404W4,202405W1,17.592382510521443,exact,14.0,14.0,202405W1,202405W1,17.429211555440194,interp,27.0,62.0,202405,202406,7,3,3,6.0,20335.5,20300.0,0.4748661311914324,60.0,empirical,,8.0,0.0,35.0,40.080845481049565
2024-04-19,21.39864517603194,interp,5.0,13.0,202404W4,202405W1,20.75630973824,interp,13.0,26.0,202405W1,202405,20.444599269947787,interp,26.0,61.0,202405,202406,7,3,3,5.0,19547.0,19500.0,0.4297422665572685,62.0,empirical,,8.0,13.0,35.0,38.050956798303744
2024-04-22,21.12217509219286,interp,2.0,10.0,202404W4,202405W1,19.844785731789027,interp,10.0,23.0,202405W1,202405,19.135918248104275,interp,23.0,58.0,202405,202406,7,3,3,2.0,19511.5,19500.0,0.4587134251290878,70.0,empirical,,8.0,13.0,35.0,37.93748476013782
2024-04-23,17.159870697879402,interp,1.0,9.0,202404W4,202405W1,17.199517764268403,interp,9.0,22.0,202405W1,202405,17.451383535382053,interp,22.0,57.0,202405,202406,7,3,3,1.0,19634.5,19600.0,0.5167172756064909,72.0,empirical,,8.0,13.0,35.0,38.303116883116886
2024-04-24,18.23072672439227,extrap,8.0,14.0,202405W1,202405W2,16.821191021741246,exact,14.0,14.0,202405W2,202405W2,17.278562915508395,interp,21.0,56.0,202405,202406,7,4,3,8.0,20140.5,20100.0,0.4137956437910973,53.0,empirical,202404W4(d0):dte=0 < 1,6.0,0.0,35.0,39.42522926053538
2024-04-25,18.36675425511107,exact,7.0,7.0,202405W1,202405W1,17.728453599391834,interp,13.0,20.0,202405W2,202405,17.97128368878163,interp,20.0,55.0,202405,202406,7,3,3,7.0,19855.0,19850.0,0.4473797969656403,64.0,empirical,,0.0,7.0,35.0,38.70657301881792
2024-04-26,17.26517919220135,interp,6.0,12.0,202405W1,202405W2,17.21844461065864,interp,12.0,19.0,202405W2,202405,17.487940311521257,interp,19.0,54.0,202405,202406,7,3,3,6.0,20145.5,20100.0,0.5068468317715306,64.0,empirical,,6.0,7.0,35.0,39.33697323085079
2024-04-29,17.950713658285654,interp,3.0,9.0,202405W1,202405W2,18.0759467715846,interp,9.0,16.0,202405W2,202405,17.897063827568203,interp,16.0,51.0,202405,202406,7,3,3,3.0,20508.0,20500.0,0.541534192324855,64.0,empirical,,6.0,7.0,35.0,40.0430214683276
2024-04-30,18.48221813792762,interp,2.0,8.0,202405W1,202405W2,18.67678326784014,interp,8.0,15.0,202405W2,202405,18.15820321855385,interp,15.0,50.0,202405,202406,7,3,3,2.0,20374.0,20350.0,0.4039726156086334,72.0,empirical,,6.0,7.0,35.0,39.90433342168036
2024-05-02,17.83041571540665,interp,6.0,13.0,202405W2,202405,18.16019235878121,interp,13.0,48.0,202405,202406,17.898837742933015,interp,13.0,48.0,202405,202406,6,3,2,6.0,20270.0,20250.0,0.512719298245614,72.0,empirical,202405W1(d0):dte=0 < 1,7.0,35.0,35.0,39.37479724357276
2024-05-03,17.004242379500564,interp,5.0,12.0,202405W2,202405,17.642935747712464,interp,12.0,47.0,202405,202406,17.88219231841332,interp,12.0,47.0,202405,202406,6,2,2,5.0,20356.0,20350.0,0.5563430698739977,72.0,empirical,,7.0,35.0,35.0,39.57652531142327
2024-05-06,17.82179272159649,interp,2.0,9.0,202405W2,202405,17.69819027512541,interp,9.0,44.0,202405,202406,17.662320910749237,interp,9.0,44.0,202405,202406,6,2,2,2.0,20573.5,20550.0,0.4972079037800687,72.0,empirical,,7.0,35.0,35.0,40.14388550225285
2024-05-07,17.080499763104893,interp,1.0,8.0,202405W2,202405,17.291724128365626,interp,8.0,43.0,202405,202406,17.464370843092976,interp,8.0,43.0,202405,202406,6,2,2,1.0,20622.0,20600.0,0.4217687074829932,72.0,empirical,,7.0,35.0,35.0,40.37082957858468
2024-05-08,15.965156535966155,exact,7.0,7.0,202405,202405,15.795822796085568,exact,14.0,14.0,202405W4,202405W4,16.776712947678213,interp,14.0,42.0,202405W4,202406,6,3,2,7.0,20725.5,20700.0,0.4292105263157895,57.0,empirical,202405W2(d0):dte=0 < 1,0.0,0.0,28.0,40.52212562947257
2024-05-09,15.240968891389622,interp,6.0,13.0,202405,202405W4,15.50069848766668,interp,13.0,41.0,202405W4,202406,16.545154496413996,interp,13.0,41.0,202405W4,202406,6,2,2,6.0,20611.5,20600.0,0.3678947368421053,57.0,empirical,,7.0,28.0,28.0,40.471693612509945
2024-05-10,14.853365507278612,interp,5.0,12.0,202405,202405W4,15.451177263340185,interp,12.0,40.0,202405W4,202406,16.50768393780494,interp,12.0,40.0,202405W4,202406,6,3,3,5.0,20813.0,20800.0,0.4101693889897156,58.0,empirical,,7.0,28.0,28.0,40.76167771004506
2024-05-13,15.716869263669938,interp,2.0,9.0,202405,202405W4,16.080686371228165,interp,9.0,37.0,202405W4,202406,16.460143667451504,interp,9.0,37.0,202405W4,202406,6,3,3,2.0,20882.0,20850.0,0.4443920145190563,58.0,empirical,,7.0,28.0,28.0,41.17774184998675
2024-05-14,15.659879102189995,interp,1.0,8.0,202405,202405W4,15.991591407298674,interp,8.0,36.0,202405W4,202406,16.244087401843284,interp,8.0,36.0,202405W4,202406,6,3,3,1.0,21008.5,21000.0,0.4275109024934252,62.0,empirical,,7.0,28.0,28.0,41.455117943281216
2024-05-15,15.759266417628872,exact,7.0,7.0,202405W4,202405W4,16.01774184953819,exact,14.0,14.0,202405W5,202405W5,16.554269294008527,interp,14.0,35.0,202405W5,202406,6,4,3,7.0,21262.5,21250.0,0.4842522704958272,56.0,empirical,202405(d0):dte=0 < 1,0.0,0.0,21.0,42.02247813411079
2024-05-16,15.659543113465205,interp,6.0,13.0,202405W4,202405W5,16.298280753861896,interp,13.0,34.0,202405W5,202406,16.83638287134101,interp,13.0,34.0,202405W5,202406,7,3,3,6.0,21370.5,21350.0,0.5856704297880769,60.0,empirical,,7.0,21.0,21.0,42.2242062019613
2024-05-17,15.636481007863551,interp,5.0,12.0,202405W4,202405W5,16.625812572050616,interp,12.0,33.0,202405W5,202406,16.983016974106487,interp,12.0,33.0,202405W5,202406,7,3,3,5.0,21325.0,21300.0,0.4827915642000149,63.0,empirical,,7.0,21.0,21.0,42.17377418499868
2024-05-20,18.12020525179772,interp,2.0,9.0,202405W4,202405W5,17.855835007365474,interp,9.0,30.0,202405W5,202406,17.60938345551979,exact,30.0,30.0,202406,202406,7,3,3,2.0,21286.0,21250.0,0.3886086891720694,63.0,empirical,,7.0,21.0,0.0,42.161166180758016
2024-05-21,18.191296309615147,interp,1.0,8.0,202405W4,202405W5,17.844457089983422,interp,8.0,29.0,202405W5,202406,17.531166829753737,interp,29.0,57.0,202406,202407,7,3,3,1.0,21249.0,21200.0,0.4964289440345777,63.0,empirical,,7.0,21.0,28.0,42.11073416379539
2024-05-22,17.60965640744332,exact,7.0,7.0,202405W5,202405W5,17.57874630281011,exact,14.0,14.0,202406W1,202406W1,17.85050881249615,interp,28.0,56.0,202406,202407,7,4,3,7.0,21560.5,21550.0,0.5242021720969089,57.0,empirical,202405W4(d0):dte=0 < 1,0.0,0.0,28.0,42.86721441823483
2024-05-23,15.04160035374888,interp,6.0,13.0,202405W5,202406W1,15.896481048818616,interp,13.0,27.0,202406W1,202406,16.804106867194992,interp,27.0,55.0,202406,202407,7,3,3,6.0,21579.5,21550.0,0.4685000996669949,64.0,empirical,,7.0,14.0,28.0,43.195022528491926
2024-05-24,15.096330851624304,interp,5.0,12.0,202405W5,202406W1,15.978642555608918,interp,12.0,26.0,202406W1,202406,16.935472600861672,interp,26.0,54.0,202406,202407,7,3,3,5.0,21547.5,21500.0,0.3894688644688644,65.0,empirical,,7.0,14.0,28.0,43.01851046912272
2024-05-27,15.36246826254703,interp,2.0,9.0,202405W5,202406W1,16.129175647087813,interp,9.0,23.0,202406W1,202406,16.664761996454345,interp,23.0,51.0,202406,202407,7,3,3,2.0,21850.0,21850.0,0.476007326007326,65.0,empirical,,7.0,14.0,28.0,43.61108666843361
2024-05-28,15.01617975801643,interp,1.0,8.0,202405W5,202406W1,15.86426520253736,interp,8.0,22.0,202406W1,202406,16.485938378698517,interp,22.0,50.0,202406,202407,7,3,3,1.0,21918.0,21900.0,0.3864401727404189,69.0,empirical,,7.0,14.0,28.0,43.67412668963689
2024-05-29,15.334695189873097,exact,7.0,7.0,202406W1,202406W1,15.353091052889908,exact,14.0,14.0,202406W2,202406W2,17.078218628253442,interp,21.0,49.0,202406,202407,7,4,3,7.0,21712.5,21700.0,0.377071500230062,59.0,empirical,202405W5(d0):dte=0 < 1,0.0,0.0,28.0,43.081550490326
2024-05-30,16.31506319467705,interp,6.0,13.0,202406W1,202406W2,16.648767407553873,interp,13.0,20.0,202406W2,202406,17.806730081843295,interp,20.0,48.0,202406,202407,7,3,3,6.0,21372.5,21350.0,0.4179646936656283,63.0,empirical,,7.0,7.0,28.0,42.337678240127225
2024-05-31,16.851108871270377,interp,5.0,12.0,202406W1,202406W2,17.414988255383506,interp,12.0,19.0,202406W2,202406,18.162286742556493,interp,19.0,47.0,202406,202407,7,3,3,5.0,21269.0,21250.0,0.3338241838791591,68.0,empirical,,7.0,7.0,28.0,41.85857407898224
2024-06-03,17.02320700142974,interp,2.0,9.0,202406W1,202406W2,17.25561519566953,interp,9.0,16.0,202406W2,202406,17.54122470386112,interp,16.0,44.0,202406,202407,7,3,3,2.0,21625.5,21600.0,0.3761249567324333,72.0,empirical,,7.0,7.0,28.0,42.753742380068914
2024-06-04,18.89219219346517,interp,1.0,8.0,202406W1,202406W2,19.026123681195227,interp,8.0,15.0,202406W2,202406,18.883417289610648,interp,15.0,43.0,202406,202407,7,3,3,1.0,21310.0,21300.0,0.4114745586708203,72.0,empirical,,7.0,7.0,28.0,42.072910151073415
2024-06-05,17.60821878326319,exact,7.0,7.0,202406W2,202406W2,18.59586890939836,exact,14.0,14.0,202406,202406,18.264579949191766,interp,14.0,42.0,202406,202407,6,3,2,7.0,21454.0,21450.0,0.4694444444444444,72.0,empirical,202406W1(d0):dte=0 < 1,0.0,0.0,28.0,42.47636628677445
2024-06-06,16.24750942288497,interp,6.0,13.0,202406W2,202406,17.22974287318955,interp,13.0,41.0,202406,202407,17.448106225399567,interp,13.0,41.0,202406,202407,6,2,2,6.0,21864.0,21850.0,0.4582759412304866,72.0,empirical,,7.0,28.0,28.0,43.92628677445004
2024-06-07,15.502432368697214,interp,5.0,12.0,202406W2,202406,16.683966847556867,interp,12.0,40.0,202406,202407,16.94864314057767,interp,12.0,40.0,202406,202407,6,3,3,5.0,21893.0,21850.0,0.4606252947025611,73.0,empirical,,7.0,28.0,28.0,43.58587065995229
2024-06-11,18.51274894859227,interp,1.0,8.0,202406W2,202406,18.099752888397,interp,8.0,36.0,202406,202407,17.786929362852806,interp,8.0,36.0,202406,202407,6,3,3,1.0,21810.0,21800.0,0.4189621909338701,73.0,empirical,,7.0,28.0,28.0,43.699342698118215
2024-06-12,17.85613546424878,exact,7.0,7.0,202406,202406,17.194110545112448,exact,14.0,14.0,202406W4,202406W4,17.729518434744715,interp,14.0,35.0,202406W4,202407,6,4,3,7.0,22046.5,22000.0,0.4604261093993755,58.0,empirical,202406W2(d0):dte=0 < 1,0.0,0.0,21.0,44.48103896103897
2024-06-13,15.8013232960611,interp,6.0,13.0,202406,202406W4,16.439094503794212,interp,13.0,34.0,202406W4,202407,17.304348084687792,interp,13.0,34.0,202406W4,202407,6,3,3,6.0,22324.0,22300.0,0.4671598588749752,64.0,empirical,,7.0,21.0,21.0,45.12404717731248
2024-06-14,15.291787196043114,interp,5.0,12.0,202406,202406W4,16.3303716857423,interp,12.0,33.0,202406W4,202407,17.555264687582113,interp,12.0,33.0,202406W4,202407,6,3,3,5.0,22509.5,22500.0,0.444936020113325,70.0,empirical,,7.0,21.0,21.0,45.38881526636629
2024-06-17,17.573467728015473,interp,2.0,9.0,202406,202406W4,17.926079001186597,interp,9.0,30.0,202406W4,202407,18.40704713846259,exact,30.0,30.0,202407,202407,6,3,3,2.0,22476.0,22450.0,0.4138864584008468,74.0,empirical,,7.0,21.0,0.0,45.38881526636629
2024-06-18,17.3584965872822,interp,1.0,8.0,202406,202406W4,18.47850327920212,interp,8.0,29.0,202406W4,202407,19.14787899471644,interp,29.0,64.0,202407,202408,6,3,3,1.0,22786.0,22750.0,0.4325944649685656,74.0,empirical,,7.0,21.0,35.0,46.14529552080573
2024-06-19,19.916684855430468,exact,7.0,7.0,202406W4,202406W4,19.45453755362717,exact,14.0,14.0,202407W1,202407W1,19.89479420455176,interp,28.0,63.0,202407,202408,6,4,3,7.0,23223.5,23200.0,0.5356686460649939,61.0,empirical,202406(d0):dte=0 < 1,0.0,0.0,35.0,47.3934879406308
2024-06-20,16.18493689512373,interp,6.0,13.0,202406W4,202407W1,17.17767059992158,interp,13.0,27.0,202407W1,202407,18.788440794363048,interp,27.0,62.0,202407,202408,7,3,3,6.0,23464.5,23450.0,0.571599794677022,71.0,empirical,,7.0,14.0,35.0,47.847376093294464
2024-06-21,18.42040258528884,interp,5.0,12.0,202406W4,202407W1,19.03271137662297,interp,12.0,26.0,202407W1,202407,19.812136639422143,interp,26.0,61.0,202407,202408,7,3,3,5.0,23282.5,23250.0,0.4944816266371889,75.0,empirical,,7.0,14.0,35.0,47.55739199575935
2024-06-24,22.62116669570812,interp,2.0,9.0,202406W4,202407W1,22.14789704074165,interp,9.0,23.0,202407W1,202407,21.298583492530724,interp,23.0,58.0,202407,202408,7,3,3,2.0,22851.0,22850.0,0.5372056409741064,75.0,empirical,,7.0,14.0,35.0,46.39745560561887
2024-06-25,20.87604161420258,interp,1.0,8.0,202406W4,202407W1,21.652889248705023,interp,8.0,22.0,202407W1,202407,21.25470090110673,interp,22.0,57.0,202407,202408,7,3,3,1.0,22858.5,22850.0,0.4144789468395136,75.0,empirical,,7.0,14.0,35.0,46.372239597137565
2024-06-26,19.655496895360976,exact,7.0,7.0,202407W1,202407W1,20.576428916955795,exact,14.0,14.0,202407W2,202407W2,21.299639777293567,interp,21.0,56.0,202407,202408,7,4,3,7.0,22913.0,22900.0,0.6516350115566275,62.0,empirical,202406W4(d0):dte=0 < 1,0.0,0.0,35.0,46.73787172011662
2024-06-27,19.93568498260313,interp,6.0,13.0,202407W1,202407W2,20.493563575147267,interp,13.0,20.0,202407W2,202407,21.01841886648319,interp,20.0,55.0,202407,202408,7,3,3,6.0,22831.0,22800.0,0.5494450934579439,64.0,empirical,,7.0,7.0,35.0,46.72526371587597
2024-06-28,18.464589031759697,interp,5.0,12.0,202407W1,202407W2,19.59540267948848,interp,12.0,19.0,202407W2,202407,20.19874744812449,interp,19.0,54.0,202407,202408,7,3,3,5.0,23022.5,23000.0,0.5049214693665628,64.0,empirical,,7.0,7.0,35.0,47.01524781341108
2024-07-01,19.026812301992425,interp,2.0,9.0,202407W1,202407W2,20.36789820836648,interp,9.0,16.0,202407W2,202407,20.07141770927557,interp,16.0,51.0,202407,202408,7,3,3,2.0,23019.5,23000.0,0.4919082993849349,65.0,empirical,,7.0,7.0,35.0,47.053071826133056
2024-07-02,18.98790935747438,interp,1.0,8.0,202407W1,202407W2,20.33268000985433,interp,8.0,15.0,202407W2,202407,20.069159607473683,interp,15.0,50.0,202407,202408,7,3,3,1.0,22861.0,22850.0,0.4474067780609836,66.0,empirical,,7.0,7.0,35.0,46.73787172011662
2024-07-03,16.78526721532552,exact,7.0,7.0,202407W2,202407W2,19.18840702543295,exact,14.0,14.0,202407,202407,18.934689538185577,interp,14.0,49.0,202407,202408,6,3,2,7.0,23164.0,23150.0,0.5461432506887053,66.0,empirical,202407W1(d0):dte=0 < 1,0.0,0.0,35.0,47.3052319109462
2024-07-04,16.93666909876047,interp,6.0,13.0,202407W2,202407,18.888298428521978,interp,13.0,48.0,202407,202408,18.9343424499144,interp,13.0,48.0,202407,202408,6,2,2,6.0,23584.0,23550.0,0.5834914611005693,68.0,empirical,,7.0,35.0,35.0,48.54081632653062
2024-07-05,17.18909113125152,interp,5.0,12.0,202407W2,202407,18.662502064748164,interp,12.0,47.0,202407,202408,18.86334506433203,interp,12.0,47.0,202407,202408,6,2,2,5.0,23544.5,23500.0,0.53828125,75.0,empirical,,7.0,35.0,35.0,48.364304267161415
2024-07-08,19.962114448023524,interp,2.0,9.0,202407W2,202407,19.807500789496647,interp,9.0,44.0,202407,202408,19.6095463719252,interp,9.0,44.0,202407,202408,6,2,2,2.0,23866.5,23850.0,0.491140642303433,77.0,empirical,,7.0,35.0,35.0,49.88987278028095
2024-07-09,21.45236241359092,interp,1.0,8.0,202407W2,202407,20.986750069628656,interp,8.0,43.0,202407,202408,20.67254457697016,interp,8.0,43.0,202407,202408,6,2,2,1.0,23864.5,23850.0,0.3949769666902906,83.0,empirical,,7.0,35.0,35.0,49.83944076331832
2024-07-10,22.34075839535872,exact,7.0,7.0,202407,202407,20.78000097710826,interp,7.0,16.0,202407,202407W4,20.9561293654856,interp,16.0,42.0,202407W4,202408,6,3,2,7.0,24003.5,24000.0,0.292016806722689,63.0,empirical,202407W2(d0):dte=0 < 1,0.0,9.0,26.0,50.01595282268752
2024-07-11,20.12599301150017,interp,6.0,15.0,202407,202407W4,19.456119301832544,interp,6.0,15.0,202407,202407W4,20.42507979350854,interp,15.0,41.0,202407W4,202408,6,2,2,6.0,24364.5,24350.0,0.5595705253978636,66.0,empirical,,9.0,9.0,26.0,51.125457195865366
2024-07-12,20.47005347396324,interp,5.0,14.0,202407,202407W4,20.63497324762791,exact,14.0,14.0,202407W4,202407W4,20.886372361096672,interp,14.0,40.0,202407W4,202408,6,3,3,5.0,23809.0,23800.0,0.45906020940695,74.0,empirical,,9.0,0.0,26.0,49.51163265306123
2024-07-15,23.71274403979921,interp,2.0,11.0,202407,202407W4,23.32842019503259,interp,11.0,37.0,202407W4,202408,23.53654503270603,interp,11.0,37.0,202407W4,202408,6,3,3,2.0,23852.5,23850.0,0.5034447960938946,74.0,empirical,,9.0,26.0,26.0,49.59988868274583
2024-07-16,21.164619374781964,interp,1.0,10.0,202407,202407W4,21.636186284707755,interp,10.0,36.0,202407W4,202408,22.42869811755005,interp,10.0,36.0,202407W4,202408,6,3,3,1.0,23997.0,23950.0,0.4970609603064526,75.0,empirical,,9.0,26.0,26.0,49.6377126954678
2024-07-17,20.129705648607874,extrap,9.0,14.0,202407W4,202407W5,22.97732184961833,exact,14.0,14.0,202407W5,202407W5,22.443193888587533,interp,14.0,35.0,202407W5,202408,6,4,3,9.0,23775.5,23750.0,0.576300566343042,64.0,empirical,202407(d0):dte=0 < 1,5.0,0.0,21.0,48.944272462231645
2024-07-18,21.55504878024617,extrap,8.0,13.0,202407W4,202407W5,23.498806137819688,interp,13.0,34.0,202407W5,202408,23.29059951821956,interp,13.0,34.0,202407W5,202408,7,3,3,8.0,23415.0,23400.0,0.6004120094639798,68.0,empirical,,5.0,21.0,21.0,48.06171216538564
2024-07-19,18.07426865664556,exact,7.0,7.0,202407W4,202407W4,22.270020116308302,interp,12.0,33.0,202407W5,202408,22.69274773745736,interp,12.0,33.0,202407W5,202408,7,3,3,7.0,22945.0,22900.0,0.5694128525196487,75.0,empirical,,0.0,21.0,21.0,46.964815796448455
2024-07-22,23.62710583309924,interp,4.0,9.0,202407W4,202407W5,24.00401184146772,interp,9.0,30.0,202407W5,202408,23.572587685010102,exact,30.0,30.0,202408,202408,7,3,3,4.0,22406.5,22400.0,0.4906760473245278,85.0,empirical,,5.0,21.0,0.0,45.56532732573549
2024-07-23,20.934442904277063,interp,3.0,8.0,202407W4,202407W5,21.558213158713187,interp,8.0,29.0,202407W5,202408,21.735149697657288,interp,29.0,57.0,202408,202409,7,3,3,3.0,22839.0,22800.0,0.4291117660656495,96.0,empirical,,5.0,21.0,28.0,46.97742380068912
2024-07-26,25.736157033147865,interp,5.0,12.0,202407W5,202408W1,24.87204363961898,interp,12.0,26.0,202408W1,202408,24.6209747174012,interp,26.0,54.0,202408,202409,7,4,3,5.0,22146.0,22100.0,0.3950873438424331,62.0,empirical,202407W4(d0):dte=0 < 1,7.0,14.0,28.0,45.136655181553145
2024-07-29,24.83092764640293,interp,2.0,9.0,202407W5,202408W1,24.541402243989964,interp,9.0,23.0,202408W1,202408,24.033049328106664,interp,23.0,51.0,202408,202409,7,3,3,2.0,22276.5,22250.0,0.4433159412632366,75.0,empirical,,7.0,14.0,28.0,45.54011131725418
2024-07-30,24.434077553629745,interp,1.0,8.0,202407W5,202408W1,24.290132999765568,interp,8.0,22.0,202408W1,202408,23.944151152503707,interp,22.0,50.0,202408,202409,7,3,3,1.0,22268.0,22250.0,0.4203936331814279,75.0,empirical,,7.0,14.0,28.0,45.54011131725418
2024-07-31,24.9952311879126,exact,7.0,7.0,202408W1,202408W1,24.86548057472909,exact,14.0,14.0,202408W2,202408W2,24.108827324196287,interp,21.0,49.0,202408,202409,7,4,3,7.0,22281.5,22250.0,0.4211719964163604,59.0,empirical,202407W5(d0):dte=0 < 1,0.0,0.0,28.0,45.603151338457465
2024-08-01,22.358027099266103,interp,6.0,13.0,202408W1,202408W2,23.1975155600938,interp,13.0,20.0,202408W2,202408,23.625586874079723,interp,20.0,48.0,202408,202409,7,3,3,6.0,22646.0,22600.0,0.4883880665640971,61.0,empirical,,7.0,7.0,28.0,46.39745560561887
2024-08-02,30.36448733542357,interp,5.0,12.0,202408W1,202408W2,29.67077519456295,interp,12.0,19.0,202408W2,202408,28.89418481242454,interp,19.0,47.0,202408,202409,7,3,3,5.0,21580.5,21550.0,0.4869625520110957,70.0,empirical,,7.0,7.0,28.0,44.05236681685661
2024-08-05,36.08431573195946,extrap,9.0,16.0,202408W2,202408,49.19619551942825,interp,9.0,16.0,202408W2,202408,45.27523841264865,interp,16.0,44.0,202408,202409,6,3,2,9.0,19465.0,19400.0,0.2615898058252427,80.0,empirical,"202408W1(d2):F=19305 低於最低履約價 19400 (階梯 19400~25200),put 翼缺失",7.0,7.0,28.0,40.03041346408693
2024-08-06,50.616948038980766,interp,1.0,8.0,202408W1,202408W2,46.767436849794834,interp,8.0,15.0,202408W2,202408,40.185906550844365,interp,15.0,43.0,202408,202409,7,3,3,1.0,20469.0,20450.0,0.3454715219421101,114.0,empirical,,7.0,7.0,28.0,42.23681420620196
2024-08-07,41.73994045548503,exact,7.0,7.0,202408W2,202408W2,38.71236949638634,exact,14.0,14.0,202408,202408,34.75931597760278,interp,14.0,42.0,202408,202409,6,3,2,7.0,21181.0,21150.0,0.5568086883876358,114.0,empirical,202408W1(d0):dte=0 < 1,0.0,0.0,28.0,43.91367877020939
2024-08-08,41.10004209008059,interp,6.0,13.0,202408W2,202408,39.48247920226719,interp,13.0,41.0,202408,202409,36.09543958473525,interp,13.0,41.0,202408,202409,6,2,2,6.0,20774.0,20750.0,0.6239198743126473,114.0,empirical,,7.0,28.0,28.0,43.00590246488206
2024-08-09,34.16961265927362,interp,5.0,12.0,202408W2,202408,33.2258163450578,interp,12.0,40.0,202408,202409,32.79545913796159,interp,12.0,40.0,202408,202409,6,3,3,5.0,21483.5,21450.0,0.4254208042110634,114.0,empirical,,7.0,28.0,28.0,44.34235091439173
2024-08-12,33.535056098836066,interp,2.0,9.0,202408W2,202408,32.520245481667,interp,9.0,37.0,202408,202409,31.944227664491947,interp,9.0,37.0,202408,202409,6,3,3,2.0,21690.5,21650.0,0.4280331295811172,114.0,empirical,,7.0,28.0,28.0,44.89710310098066
2024-08-13,29.60056269895608,interp,1.0,8.0,202408W2,202408,30.26155697643485,interp,8.0,36.0,202408,202409,30.777942760325782,interp,8.0,36.0,202408,202409,6,3,3,1.0,21773.0,21750.0,0.346168409402033,114.0,empirical,,7.0,28.0,28.0,45.010575139146574
2024-08-14,26.5591326159682,exact,7.0,7.0,202408,202408,25.599594277751315,exact,14.0,14.0,202408W4,202408W4,27.47293232223732,interp,14.0,35.0,202408W4,202409,6,4,3,7.0,21982.0,21950.0,0.3317284410504749,59.0,empirical,202408W2(d0):dte=0 < 1,0.0,0.0,21.0,45.57793532997615
2024-08-15,25.093887719525416,interp,6.0,13.0,202408,202408W4,24.7648221079851,interp,13.0,34.0,202408W4,202409,26.32467012219578,interp,13.0,34.0,202408W4,202409,6,3,3,6.0,21843.0,21800.0,0.3001546135789094,64.0,empirical,,7.0,21.0,21.0,45.22491121123775
2024-08-16,22.41198753898973,interp,5.0,12.0,202408,202408W4,23.464450657140432,interp,12.0,33.0,202408W4,202409,24.507569414217446,interp,12.0,33.0,202408W4,202409,6,3,3,5.0,22367.5,22350.0,0.4637493228602383,64.0,empirical,,7.0,21.0,21.0,46.24615955473099
2024-08-19,23.618386892189505,interp,2.0,9.0,202408,202408W4,24.348688844433124,interp,9.0,30.0,202408W4,202409,25.14273972626786,exact,30.0,30.0,202409,202409,6,3,3,2.0,22361.0,22350.0,0.3716054060881648,70.0,empirical,,7.0,21.0,0.0,46.30919957593427
2024-08-20,22.321537501525658,interp,1.0,8.0,202408,202408W4,23.683611590096127,interp,8.0,29.0,202408W4,202409,24.51915773593461,interp,29.0,57.0,202409,202410,6,3,3,1.0,22437.0,22400.0,0.3699966826679155,72.0,empirical,,7.0,21.0,28.0,46.33441558441559
2024-08-21,22.81968398826628,exact,7.0,7.0,202408W4,202408W4,23.3329183680244,exact,14.0,14.0,202409W1,202409W1,25.296935264040005,interp,28.0,56.0,202409,202410,6,4,3,7.0,22240.0,22200.0,0.5486467236467237,60.0,empirical,202408(d0):dte=0 < 1,0.0,0.0,28.0,45.84270341902996
2024-08-22,21.761974867907654,interp,6.0,13.0,202408W4,202409W1,23.092315845646205,interp,13.0,27.0,202409W1,202409,24.962511666320733,interp,27.0,55.0,202409,202410,7,3,3,6.0,22139.0,22100.0,0.4078042328042328,63.0,empirical,,7.0,14.0,28.0,45.603151338457465
2024-08-23,22.81831880781095,interp,5.0,12.0,202408W4,202409W1,23.77639285573857,interp,12.0,26.0,202409W1,202409,24.694348957975247,interp,26.0,54.0,202409,202410,7,3,3,5.0,22167.5,22150.0,0.3806980056980057,65.0,empirical,,7.0,14.0,28.0,45.62836734693877
2024-08-26,23.611945011552564,interp,2.0,9.0,202408W4,202409W1,24.63950588394673,interp,9.0,23.0,202409W1,202409,24.86035904900272,interp,23.0,51.0,202409,202410,7,3,3,2.0,22234.5,22200.0,0.3888176638176638,65.0,empirical,,7.0,14.0,28.0,45.70401537238272
2024-08-27,22.830884649212653,interp,1.0,8.0,202408W4,202409W1,23.897474583484293,interp,8.0,22.0,202409W1,202409,23.99483552606118,interp,22.0,50.0,202409,202410,7,3,3,1.0,22188.5,22150.0,0.4208689458689458,65.0,empirical,,7.0,14.0,28.0,45.5022873045322
2024-08-28,25.34382271994848,exact,7.0,7.0,202409W1,202409W1,24.021930965118045,exact,14.0,14.0,202409W2,202409W2,24.48119318266305,interp,21.0,49.0,202409,202410,7,4,3,7.0,22433.5,22400.0,0.4317780580075662,61.0,empirical,202408W4(d0):dte=0 < 1,0.0,0.0,28.0,46.14529552080573
2024-08-29,21.36414395240085,interp,6.0,13.0,202409W1,202409W2,21.99908445663804,interp,13.0,20.0,202409W2,202409,22.92648703437296,interp,20.0,48.0,202409,202410,7,3,3,6.0,22203.0,22200.0,0.3693910256410256,64.0,empirical,,7.0,7.0,28.0,45.514895308772864
2024-08-30,18.406959450850195,interp,5.0,12.0,202409W1,202409W2,20.228100638829684,interp,12.0,19.0,202409W2,202409,21.720336129164785,interp,19.0,47.0,202409,202410,7,3,3,5.0,22346.5,22300.0,0.336698717948718,64.0,empirical,,7.0,7.0,28.0,45.72923138086404
2024-09-02,20.074669240619148,interp,2.0,9.0,202409W1,202409W2,20.82941287994382,interp,9.0,16.0,202409W2,202409,21.14607687769364,interp,16.0,44.0,202409,202410,7,3,3,2.0,22256.0,22250.0,0.4197115384615384,64.0,empirical,,7.0,7.0,28.0,45.603151338457465
2024-09-03,20.039417443331185,interp,1.0,8.0,202409W1,202409W2,20.900331831440173,interp,8.0,15.0,202409W2,202409,20.685666409881065,interp,15.0,43.0,202409,202410,7,3,3,1.0,22093.5,22050.0,0.3015224358974359,64.0,empirical,,7.0,7.0,28.0,45.40142327060695
2024-09-04,34.049724858700266,exact,7.0,7.0,202409W2,202409W2,36.08786058275057,exact,14.0,14.0,202409,202409,29.29142340090296,interp,14.0,42.0,202409,202410,6,3,2,7.0,20982.0,20900.0,0.4911616161616161,66.0,empirical,202409W1(d0):dte=0 < 1,0.0,0.0,28.0,43.182414524251264
2024-09-05,31.999867134066427,interp,6.0,13.0,202409W2,202409,31.276871185892453,interp,13.0,41.0,202409,202410,27.58013085921805,interp,13.0,41.0,202409,202410,6,2,2,6.0,21213.0,21200.0,0.5053688141923436,84.0,empirical,,7.0,28.0,28.0,43.44718261330507
2024-09-06,32.92386627474709,interp,5.0,12.0,202409W2,202409,31.04566191884141,interp,12.0,40.0,202409,202410,27.8543887438097,interp,12.0,40.0,202409,202410,6,3,3,5.0,21349.5,21300.0,0.4070794465241963,84.0,empirical,,7.0,28.0,28.0,44.06497482109727
2024-09-09,33.83808179472246,interp,2.0,9.0,202409W2,202409,31.060644588381304,interp,9.0,37.0,202409,202410,28.79612698955107,interp,9.0,37.0,202409,202410,6,3,3,2.0,21118.5,21100.0,0.3910595390804297,84.0,empirical,,7.0,28.0,28.0,43.38414259210178
2024-09-10,32.17208921575248,interp,1.0,8.0,202409W2,202409,29.822393823980555,interp,8.0,36.0,202409,202410,28.178089690989555,interp,8.0,36.0,202409,202410,6,3,3,1.0,21035.0,21000.0,0.3254637265082564,84.0,empirical,,7.0,28.0,28.0,43.45979061754572
2024-09-11,33.36717221483738,exact,7.0,7.0,202409,202409,28.606688977088133,exact,14.0,14.0,202409W4,202409W4,28.1340877878826,interp,14.0,35.0,202409W4,202410,6,4,3,7.0,21000.0,21000.0,0.2216895254278431,57.0,empirical,202409W2(d0):dte=0 < 1,0.0,0.0,21.0,43.33371057513915
2024-09-12,25.15084950008451,interp,6.0,13.0,202409,202409W4,25.234738945913733,interp,13.0,34.0,202409W4,202410,25.406578772490978,interp,13.0,34.0,202409W4,202410,6,3,3,6.0,21709.5,21700.0,0.4590086090332032,57.0,empirical,,7.0,21.0,21.0,44.96014312218394
2024-09-13,21.5466276567308,interp,5.0,12.0,202409,202409W4,23.124256174746385,interp,12.0,33.0,202409W4,202410,23.72739540646512,interp,12.0,33.0,202409W4,202410,6,3,3,5.0,21813.5,21800.0,0.3154347210421976,70.0,empirical,,7.0,21.0,21.0,44.98535913066526
2024-09-16,23.63379909533321,interp,2.0,9.0,202409,202409W4,23.879818751359817,interp,9.0,30.0,202409W4,202410,23.92218296837845,exact,30.0,30.0,202410,202410,6,3,3,2.0,21813.5,21800.0,0.3620146727623363,72.0,empirical,,7.0,21.0,0.0,45.07361516034986
2024-09-18,27.79107931482692,exact,7.0,7.0,202409W4,202409W4,24.50330210186033,interp,7.0,16.0,202409W4,202410W1,25.253157723072142,interp,28.0,63.0,202410,202411,6,4,3,7.0,21694.5,21650.0,0.4361877321642884,59.0,empirical,202409(d0):dte=0 < 1,0.0,9.0,35.0,44.84667108401803
2024-09-19,20.531740003502403,interp,6.0,15.0,202409W4,202410W1,19.76275252823472,interp,6.0,15.0,202409W4,202410W1,22.63471317957777,interp,27.0,62.0,202410,202411,7,3,3,6.0,22065.5,22050.0,0.5085785212405652,62.0,empirical,,9.0,9.0,35.0,45.42663927908826
2024-09-20,17.73264049911035,interp,5.0,14.0,202409W4,202410W1,17.93888673540725,exact,14.0,14.0,202410W1,202410W1,21.700692746091256,interp,26.0,61.0,202410,202411,7,3,3,5.0,22194.0,22150.0,0.3480346237355582,66.0,empirical,,9.0,0.0,35.0,46.00660747415849
2024-09-23,17.910240599592615,interp,2.0,11.0,202409W4,202410W1,18.90371450293915,interp,11.0,23.0,202410W1,202410,21.41678797551353,interp,23.0,58.0,202410,202411,7,3,3,2.0,22306.0,22300.0,0.3959272494044346,68.0,empirical,,9.0,12.0,35.0,46.20833554200902
2024-09-24,16.611483380768206,interp,1.0,10.0,202409W4,202410W1,18.53363374907969,interp,10.0,22.0,202410W1,202410,20.85669144302778,interp,22.0,57.0,202410,202411,7,3,3,1.0,22452.0,22450.0,0.3362508035405231,72.0,empirical,,9.0,12.0,35.0,46.64961569043202
2024-09-25,15.370119806837554,extrap,9.0,14.0,202410W1,202410W2,20.10750638261534,exact,14.0,14.0,202410W2,202410W2,21.57580485708928,interp,21.0,56.0,202410,202411,7,4,3,9.0,22756.5,22750.0,0.3779138952036148,60.0,empirical,202409W4(d0):dte=0 < 1,5.0,0.0,35.0,47.343055923668175
2024-09-26,14.45747041032837,extrap,8.0,13.0,202410W1,202410W2,20.1168364821436,interp,13.0,20.0,202410W2,202410,21.7988933818956,interp,20.0,55.0,202410,202411,7,3,3,8.0,22916.5,22900.0,0.3356713605159847,67.0,empirical,,5.0,7.0,35.0,47.73390405512856
2024-09-27,18.00901137765112,exact,7.0,7.0,202410W1,202410W1,22.26369137347653,interp,12.0,19.0,202410W2,202410,22.864134757686514,interp,19.0,54.0,202410,202411,7,3,3,7.0,22848.5,22800.0,0.3479968907187737,69.0,empirical,,0.0,7.0,35.0,47.63304002120329
2024-09-30,25.640488078485006,interp,4.0,9.0,202410W1,202410W2,26.08236142286665,interp,9.0,16.0,202410W2,202410,25.31208633722828,interp,16.0,51.0,202410,202411,7,3,3,4.0,22298.5,22250.0,0.3989225219991438,69.0,empirical,,5.0,7.0,35.0,46.38484760137821
2024-10-01,24.113803770055515,interp,3.0,8.0,202410W1,202410W2,25.14035318076353,interp,8.0,15.0,202410W2,202410,24.987108186273897,interp,15.0,50.0,202410,202411,7,3,3,3.0,22364.5,22350.0,0.4094190886078061,72.0,empirical,,5.0,7.0,35.0,46.29659157169362
2024-10-04,25.31732239350816,interp,5.0,12.0,202410W2,202410,25.14275862621588,interp,12.0,47.0,202410,202411,25.380516599130576,interp,12.0,47.0,202410,202411,6,3,2,5.0,22269.0,22250.0,0.5429292929292929,72.0,empirical,202410W1(d0):dte=0 < 1,7.0,35.0,35.0,46.29659157169362
2024-10-07,24.53868351058531,interp,2.0,9.0,202410W2,202410,24.66158547292397,interp,9.0,44.0,202410,202411,25.016583309143552,interp,9.0,44.0,202410,202411,6,2,2,2.0,22744.5,22700.0,0.4924863387978142,72.0,empirical,,7.0,35.0,35.0,47.44391995759343
2024-10-08,24.80874888972196,interp,1.0,8.0,202410W2,202410,25.23375505833623,interp,8.0,43.0,202410,202411,25.5913913556523,interp,8.0,43.0,202410,202411,6,2,2,1.0,22558.0,22550.0,0.3205555555555556,72.0,empirical,,7.0,35.0,35.0,47.2169758812616
2024-10-09,23.125257985268465,exact,7.0,7.0,202410,202410,23.90363734347885,exact,14.0,14.0,202410W4,202410W4,24.98074972631805,interp,14.0,42.0,202410W4,202411,6,3,2,7.0,22700.5,22700.0,0.2653770491803278,61.0,empirical,202410W2(d0):dte=0 < 1,0.0,0.0,28.0,47.65825602968461
2024-10-11,20.78017378694556,interp,5.0,12.0,202410,202410W4,22.57747989447561,interp,12.0,40.0,202410W4,202411,23.83203031649906,interp,12.0,40.0,202410W4,202411,6,3,3,5.0,22913.5,22900.0,0.3588467116779195,62.0,empirical,,7.0,28.0,28.0,48.452560296846016
2024-10-14,23.642514414406296,interp,2.0,9.0,202410,202410W4,23.897109655734265,interp,9.0,37.0,202410W4,202411,24.12022742596894,interp,9.0,37.0,202410W4,202411,6,3,3,2.0,23003.0,23000.0,0.3777154592680546,67.0,empirical,,7.0,28.0,28.0,48.49038430956799
2024-10-15,23.730378694277608,interp,1.0,8.0,202410,202410W4,24.483392836640167,interp,8.0,36.0,202410W4,202411,24.9942527889265,interp,8.0,36.0,202410W4,202411,6,3,3,1.0,23227.5,23200.0,0.3752779150197629,69.0,empirical,,7.0,28.0,28.0,49.52424065730189
2024-10-16,25.251733499566225,exact,7.0,7.0,202410W4,202410W4,24.06846280956315,exact,14.0,14.0,202410W5,202410W5,25.787030993255783,interp,14.0,35.0,202410W5,202411,6,4,3,7.0,23043.0,23000.0,0.4958282458282458,63.0,empirical,202410(d0):dte=0 < 1,0.0,0.0,21.0,48.66689636893719
2024-10-17,25.59843950039101,interp,6.0,13.0,202410W4,202410W5,24.078595298926825,interp,13.0,34.0,202410W5,202411,25.722334148393216,interp,13.0,34.0,202410W5,202411,7,3,3,6.0,23225.5,23200.0,0.6385080347928646,68.0,empirical,,7.0,21.0,21.0,48.742544394381135
2024-10-18,20.205086510163785,interp,5.0,12.0,202410W4,202410W5,21.742458512286728,interp,12.0,33.0,202410W5,202411,24.161092161470783,interp,12.0,33.0,202410W5,202411,7,3,3,5.0,23606.5,23600.0,0.5742211864502886,68.0,empirical,,7.0,21.0,21.0,49.95291280148423
2024-10-21,21.337592222311606,interp,2.0,9.0,202410W4,202410W5,22.96222752923274,interp,9.0,30.0,202410W5,202411,24.65608854882333,exact,30.0,30.0,202411,202411,7,3,3,2.0,23525.0,23500.0,0.4541371158392435,72.0,empirical,,7.0,21.0,0.0,49.94030479724358
2024-10-22,21.06872650234195,interp,1.0,8.0,202410W4,202410W5,23.31443981139519,interp,8.0,29.0,202410W5,202411,24.762567668807662,interp,29.0,57.0,202411,202412,7,3,3,1.0,23575.5,23550.0,0.4305457052797478,72.0,empirical,,7.0,21.0,28.0,49.75118473363372
2024-10-23,20.68701557192304,exact,7.0,7.0,202410W5,202410W5,23.848995349637683,exact,14.0,14.0,202411W1,202411W1,25.06495974751415,interp,28.0,56.0,202411,202412,7,4,3,7.0,23370.0,23350.0,0.4973404255319149,63.0,empirical,202410W4(d0):dte=0 < 1,0.0,0.0,28.0,49.42337662337663
2024-10-24,21.36609107287327,interp,6.0,13.0,202410W5,202411W1,23.39583780385163,interp,13.0,27.0,202411W1,202411,25.257632512058017,interp,27.0,55.0,202411,202412,7,3,3,6.0,23242.5,23200.0,0.4261587506268356,66.0,empirical,,7.0,14.0,28.0,49.12078452160085
2024-10-25,20.473204834466166,interp,5.0,12.0,202410W5,202411W1,23.53971820316153,interp,12.0,26.0,202411W1,202411,25.063549633907765,interp,26.0,54.0,202411,202412,7,3,3,5.0,23432.5,23400.0,0.4743892828999212,69.0,empirical,,7.0,14.0,28.0,49.52424065730189
2024-10-28,24.589166627181584,interp,2.0,9.0,202410W5,202411W1,25.688442087088937,interp,9.0,23.0,202411W1,202411,25.95605153333312,interp,23.0,51.0,202411,202412,7,3,3,2.0,23276.5,23250.0,0.5188440058930346,69.0,empirical,,7.0,14.0,28.0,49.43598462761729
2024-10-29,26.36614662092953,interp,1.0,8.0,202410W5,202411W1,27.166003542748403,interp,8.0,22.0,202411W1,202411,27.14092396819585,interp,22.0,50.0,202411,202412,7,3,3,1.0,22958.0,22950.0,0.4338361256723884,69.0,empirical,,7.0,14.0,28.0,48.28865624171747
2024-10-30,25.91355508717489,exact,7.0,7.0,202411W1,202411W1,27.785506723434462,exact,14.0,14.0,202411W2,202411W2,27.73228554096861,interp,21.0,49.0,202411,202412,7,4,3,7.0,22895.5,22850.0,0.5486777099680326,62.0,empirical,202410W5(d0):dte=0 < 1,0.0,0.0,28.0,48.364304267161415
2024-11-01,27.29222232226094,interp,5.0,12.0,202411W1,202411W2,28.770999757227788,interp,12.0,19.0,202411W2,202411,28.18462200597992,interp,19.0,47.0,202411,202412,7,3,3,5.0,22724.5,22700.0,0.5424715378872714,64.0,empirical,,7.0,7.0,28.0,48.03649615690433
2024-11-04,31.283833965237523,interp,2.0,9.0,202411W1,202411W2,30.509901458032097,interp,9.0,16.0,202411W2,202411,28.195506276604583,interp,16.0,44.0,202411,202412,7,3,3,2.0,22998.0,22950.0,0.4714037420679358,64.0,empirical,,7.0,7.0,28.0,48.65428836469653
2024-11-05,31.62257672621796,interp,1.0,8.0,202411W1,202411W2,29.756586463471034,interp,8.0,15.0,202411W2,202411,27.531863746069767,interp,15.0,43.0,202411,202412,7,3,3,1.0,23103.5,23100.0,0.4801088236138628,65.0,empirical,,7.0,7.0,28.0,48.830800424065735
2024-11-06,25.809514429528697,exact,7.0,7.0,202411W2,202411W2,26.025584427708147,exact,14.0,14.0,202411,202411,25.050000862754978,interp,14.0,42.0,202411,202412,6,3,2,7.0,23311.0,23300.0,0.6100217864923747,68.0,empirical,202411W1(d0):dte=0 < 1,0.0,0.0,28.0,49.22164855552611
2024-11-07,21.977483010254986,interp,6.0,13.0,202411W2,202411,22.476700407056164,interp,13.0,41.0,202411,202412,23.02441025148468,interp,13.0,41.0,202411,202412,6,2,2,6.0,23498.0,23450.0,0.6553735255570118,70.0,empirical,,7.0,28.0,28.0,49.78900874635568
2024-11-08,20.40533085864925,interp,5.0,12.0,202411W2,202411,21.181048293681933,interp,12.0,40.0,202411,202412,21.99325342493184,interp,12.0,40.0,202411,202412,6,3,3,5.0,23737.5,23700.0,0.4013970492231362,74.0,empirical,,7.0,28.0,28.0,50.179856877816064
2024-11-11,22.434881443377314,interp,2.0,9.0,202411W2,202411,22.507938516748,interp,9.0,37.0,202411,202412,22.71429696299623,interp,9.0,37.0,202411,202412,6,3,3,2.0,23550.0,23550.0,0.3365781710914454,78.0,empirical,,7.0,28.0,28.0,50.20507288629738
2024-11-12,26.72668120476115,interp,1.0,8.0,202411W2,202411,25.50183257069329,interp,8.0,36.0,202411,202412,24.69049238822024,interp,8.0,36.0,202411,202412,6,3,3,1.0,22861.0,22850.0,0.4036144736798834,78.0,empirical,,7.0,28.0,28.0,48.919056453750336
2024-11-13,25.916462019831897,exact,7.0,7.0,202411,202411,24.461877402688057,exact,14.0,14.0,202411W4,202411W4,24.75202492951098,interp,14.0,35.0,202411W4,202412,6,4,3,7.0,22785.5,22750.0,0.2597180187495386,62.0,empirical,202411W2(d0):dte=0 < 1,0.0,0.0,21.0,48.6038563477339
2024-11-14,24.60636753956841,interp,6.0,13.0,202411,202411W4,24.0265765849792,interp,13.0,34.0,202411W4,202412,24.65303751915718,interp,13.0,34.0,202411W4,202412,6,3,3,6.0,22682.0,22650.0,0.3928442028985507,64.0,empirical,,7.0,21.0,21.0,48.1625761993109
2024-11-15,22.085841807861403,interp,5.0,12.0,202411,202411W4,22.71810164281949,interp,12.0,33.0,202411W4,202412,24.09245544943958,interp,12.0,33.0,202411W4,202412,6,3,3,5.0,22764.0,22750.0,0.3085760347278841,67.0,empirical,,7.0,21.0,21.0,48.50299231380864
2024-11-18,24.83367702202309,interp,2.0,9.0,202411,202411W4,25.212000632968497,interp,9.0,30.0,202411W4,202412,25.781696094113943,exact,30.0,30.0,202412,202412,6,3,3,2.0,22574.0,22550.0,0.4077945464058378,67.0,empirical,,7.0,21.0,0.0,47.82216008481315
2024-11-19,22.776004602006992,interp,1.0,8.0,202411,202411W4,23.21798207323118,interp,8.0,29.0,202411W4,202412,23.41586824087216,interp,29.0,57.0,202412,202501,6,3,3,1.0,22851.0,22850.0,0.4412675018422992,70.0,empirical,,7.0,21.0,28.0,48.47777630532733
2024-11-20,23.58889019751385,exact,7.0,7.0,202411W4,202411W4,22.508941667196044,exact,14.0,14.0,202412W1,202412W1,23.72030707744708,interp,28.0,56.0,202412,202501,6,4,3,7.0,22777.5,22750.0,0.4575806944303024,61.0,empirical,202411(d0):dte=0 < 1,0.0,0.0,28.0,48.27604823747681
2024-11-21,21.4337221087238,interp,6.0,13.0,202411W4,202412W1,21.388734064265734,interp,13.0,27.0,202412W1,202412,22.60273095276632,interp,27.0,55.0,202412,202501,7,3,3,6.0,22567.5,22550.0,0.3915307971014492,64.0,empirical,,7.0,14.0,28.0,47.7465120593692
2024-11-22,19.22670032777349,interp,5.0,12.0,202411W4,202412W1,19.96442331878007,interp,12.0,26.0,202412W1,202412,21.032621847535346,interp,26.0,54.0,202412,202501,7,3,3,5.0,23014.5,23000.0,0.5045234958278436,66.0,empirical,,7.0,14.0,28.0,48.67950437317785
2024-11-25,20.31524120519212,interp,2.0,9.0,202411W4,202412W1,20.64530344203615,interp,9.0,23.0,202412W1,202412,20.858389546789567,interp,23.0,51.0,202412,202501,7,3,3,2.0,23049.5,23000.0,0.4027965761255832,67.0,empirical,,7.0,14.0,28.0,48.50299231380864
2024-11-26,20.96137059815648,interp,1.0,8.0,202411W4,202412W1,21.466078058893647,interp,8.0,22.0,202412W1,202412,21.307379237666595,interp,22.0,50.0,202412,202501,7,3,3,1.0,22627.5,22600.0,0.371331141152113,68.0,empirical,,7.0,14.0,28.0,47.87259210177578
2024-11-27,21.267315449623663,exact,7.0,7.0,202412W1,202412W1,21.161865300583088,exact,14.0,14.0,202412W2,202412W2,21.64830183246972,interp,21.0,49.0,202412,202501,7,4,3,7.0,22336.0,22300.0,0.3630602490461616,61.0,empirical,202411W4(d0):dte=0 < 1,0.0,0.0,28.0,47.17915186853963
2024-11-28,20.772262947623148,interp,6.0,13.0,202412W1,202412W2,21.39788735489029,interp,13.0,20.0,202412W2,202412,21.67179493535281,interp,20.0,48.0,202412,202501,7,3,3,6.0,22331.0,22300.0,0.3406265772586344,67.0,empirical,,7.0,7.0,28.0,47.10350384309569
2024-11-29,21.385522648842624,interp,5.0,12.0,202412W1,202412W2,21.949595003475714,interp,12.0,19.0,202412W2,202412,21.601944068014497,interp,19.0,47.0,202412,202501,7,3,3,5.0,22301.5,22300.0,0.3421726073899986,69.0,empirical,,7.0,7.0,28.0,47.2169758812616
2024-12-02,22.44365501719848,interp,2.0,9.0,202412W1,202412W2,22.39485990138472,interp,9.0,16.0,202412W2,202412,21.53719904139128,interp,16.0,44.0,202412,202501,7,3,3,2.0,22799.0,22750.0,0.3624624624624624,69.0,empirical,,7.0,7.0,28.0,48.33908825868009
2024-12-03,20.65623016775585,interp,1.0,8.0,202412W1,202412W2,20.803392894281508,interp,8.0,15.0,202412W2,202412,20.624159360298624,interp,15.0,43.0,202412,202501,7,3,3,1.0,23086.0,23050.0,0.4172905825079738,70.0,empirical,,7.0,7.0,28.0,48.99470447919428
2024-12-04,19.61397276687332,exact,7.0,7.0,202412W2,202412W2,20.07475886437817,exact,14.0,14.0,202412,202412,20.09127193724532,interp,14.0,42.0,202412,202501,6,3,2,7.0,23280.5,23250.0,0.4526213790289678,76.0,empirical,202412W1(d0):dte=0 < 1,0.0,0.0,28.0,49.284688576729394
2024-12-05,17.959526936467373,interp,6.0,13.0,202412W2,202412,18.448697401262425,interp,13.0,41.0,202412,202501,18.9429294645926,interp,13.0,41.0,202412,202501,6,2,2,6.0,23248.0,23200.0,0.5195005611672279,81.0,empirical,,7.0,28.0,28.0,49.5494566657832
2024-12-06,18.06696704107732,interp,5.0,12.0,202412W2,202412,18.77672649276549,interp,12.0,40.0,202412,202501,19.07082890309571,interp,12.0,40.0,202412,202501,6,3,3,5.0,23178.5,23150.0,0.3030562203922311,81.0,empirical,,7.0,28.0,28.0,49.36033660217334
2024-12-09,18.91730048502965,interp,2.0,9.0,202412W2,202412,18.806666135526584,interp,9.0,37.0,202412,202501,18.90201137982213,interp,9.0,37.0,202412,202501,6,3,3,2.0,23252.5,23250.0,0.338364682072848,81.0,empirical,,7.0,28.0,28.0,49.42337662337663
2024-12-10,18.969821915364594,interp,1.0,8.0,202412W2,202412,18.74318044257045,interp,8.0,36.0,202412,202501,18.65650584522253,interp,8.0,36.0,202412,202501,6,3,3,1.0,23098.5,23050.0,0.3160713808671493,82.0,empirical,,7.0,28.0,28.0,49.07035250463822
2024-12-11,18.368669555650847,exact,7.0,7.0,202412,202412,18.25342777488545,exact,14.0,14.0,202412W4,202412W4,18.96085566150366,interp,14.0,35.0,202412W4,202501,6,4,3,7.0,22866.0,22850.0,0.2730482045483988,62.0,empirical,202412W2(d0):dte=0 < 1,0.0,0.0,21.0,48.64168036045587
2024-12-12,16.71490031973281,interp,6.0,13.0,202412,202412W4,17.025581214953046,interp,13.0,34.0,202412W4,202501,18.14356007135861,interp,13.0,34.0,202412W4,202501,6,3,3,6.0,23107.0,23100.0,0.3667639342972253,66.0,empirical,,7.0,21.0,21.0,49.209040551285455
2024-12-13,16.529502058399203,interp,5.0,12.0,202412,202412W4,16.944447277687217,interp,12.0,33.0,202412W4,202501,17.79213979735584,interp,12.0,33.0,202412W4,202501,6,3,3,5.0,22985.5,22950.0,0.3829878639644017,66.0,empirical,,7.0,21.0,21.0,49.246864564007424
2024-12-16,18.68943842332997,interp,2.0,9.0,202412,202412W4,18.521930693213573,interp,9.0,30.0,202412W4,202501,18.672047049611404,exact,30.0,30.0,202501,202501,6,3,3,2.0,22961.0,22950.0,0.3060700308639434,66.0,empirical,,7.0,21.0,0.0,49.44859263185794
2024-12-17,17.1130620917765,interp,1.0,8.0,202412,202412W4,17.71495958807136,interp,8.0,29.0,202412W4,202501,18.155764809765536,interp,29.0,64.0,202501,202502,6,3,3,1.0,23030.0,23000.0,0.3284928275416544,66.0,empirical,,7.0,21.0,35.0,49.70075271667108
2024-12-18,15.844887335577948,exact,7.0,7.0,202412W4,202412W4,15.836859557066338,interp,7.0,15.0,202412W4,202501W1,17.604240949740984,interp,28.0,63.0,202501,202502,6,4,3,7.0,23159.0,23150.0,0.3711502903108033,62.0,empirical,202412(d0):dte=0 < 1,0.0,8.0,35.0,49.70075271667108
2024-12-19,19.374192640107623,interp,6.0,14.0,202412W4,202501W1,18.16673804893548,exact,14.0,14.0,202501W1,202501W1,19.10514807433724,interp,27.0,62.0,202501,202502,7,3,3,6.0,22843.0,22800.0,0.4581771402487102,65.0,empirical,,8.0,0.0,35.0,49.01992048767559
2024-12-20,19.317745776872005,interp,5.0,13.0,202412W4,202501W1,18.79081087427248,interp,13.0,26.0,202501W1,202501,19.46563106016181,interp,26.0,61.0,202501,202502,7,3,3,5.0,22633.0,22600.0,0.4463226038482288,67.0,empirical,,8.0,13.0,35.0,48.566032335011926
2024-12-23,18.57741059016665,interp,2.0,10.0,202412W4,202501W1,18.72413564470035,interp,10.0,23.0,202501W1,202501,19.132996911458005,interp,23.0,58.0,202501,202502,7,3,3,2.0,23211.0,23200.0,0.4588487282463186,75.0,empirical,,8.0,13.0,35.0,49.73857672939306
2024-12-24,16.6159525549468,interp,1.0,9.0,202412W4,202501W1,17.746912264160333,interp,9.0,22.0,202501W1,202501,18.527737475150605,interp,22.0,57.0,202501,202502,7,3,3,1.0,23185.0,23150.0,0.3553413654618474,75.0,empirical,,8.0,13.0,35.0,49.87726477604029
2024-12-25,13.168910014563338,extrap,8.0,14.0,202501W1,202501W2,15.735499722250273,exact,14.0,14.0,202501W2,202501W2,17.703823002298588,interp,21.0,56.0,202501,202502,7,4,3,8.0,23310.0,23300.0,0.4306749578961005,62.0,empirical,202412W4(d0):dte=0 < 1,6.0,0.0,35.0,50.02856082692818
2024-12-26,13.27062800305151,exact,7.0,7.0,202501W1,202501W1,15.550398681375071,interp,13.0,20.0,202501W2,202501,17.34618778289858,interp,20.0,55.0,202501,202502,7,3,3,7.0,23310.0,23300.0,0.4839423483407314,64.0,empirical,,0.0,7.0,35.0,49.99073681420621
2024-12-27,13.642602221479796,interp,6.0,12.0,202501W1,202501W2,15.405995586783757,interp,12.0,19.0,202501W2,202501,17.008252090661617,interp,19.0,54.0,202501,202502,7,3,3,6.0,23346.5,23300.0,0.3997866465863454,64.0,empirical,,6.0,7.0,35.0,50.15464086933475
2024-12-30,16.366610900669322,interp,3.0,9.0,202501W1,202501W2,17.327917476495998,interp,9.0,16.0,202501W2,202501,17.923200044365682,interp,16.0,51.0,202501,202502,7,3,3,3.0,23157.5,23150.0,0.3819473698991771,66.0,empirical,,6.0,7.0,35.0,49.87726477604029
2024-12-31,16.84303967967575,interp,2.0,8.0,202501W1,202501W2,17.597754146877772,interp,8.0,15.0,202501W2,202501,18.040733328790143,interp,15.0,50.0,202501,202502,7,3,3,2.0,23031.0,23000.0,0.3407616479905637,66.0,empirical,,6.0,7.0,35.0,49.36033660217334
2025-01-02,17.553528223985584,interp,6.0,13.0,202501W2,202501,17.96180875135614,interp,13.0,48.0,202501,202502,18.33106719464625,interp,13.0,48.0,202501,202502,6,3,2,6.0,22855.0,22850.0,0.4348089751364463,68.0,empirical,202501W1(d0):dte=0 < 1,7.0,35.0,35.0,48.931664457991
2025-01-03,16.712414530036227,interp,5.0,12.0,202501W2,202501,17.547188311707725,interp,12.0,47.0,202501,202502,17.869278366326462,interp,12.0,47.0,202501,202502,6,2,2,5.0,22962.5,22950.0,0.4886363636363636,72.0,empirical,,7.0,35.0,35.0,49.42337662337663
2025-01-06,18.69830450407261,interp,2.0,9.0,202501W2,202501,18.411074775125115,interp,9.0,44.0,202501,202502,18.261590001445622,interp,9.0,44.0,202501,202502,6,2,2,2.0,23577.5,23550.0,0.5170454545454546,72.0,empirical,,7.0,35.0,35.0,50.97416114497748
2025-01-07,18.221593249559067,interp,1.0,8.0,202501W2,202501,18.315678268910293,interp,8.0,43.0,202501,202502,18.40848349218461,interp,8.0,43.0,202501,202502,6,2,2,1.0,23712.0,23700.0,0.3635531135531135,78.0,empirical,,7.0,35.0,35.0,51.541521335807055
2025-01-08,18.162320787558965,exact,7.0,7.0,202501,202501,20.479878160772984,exact,14.0,14.0,202501W4,202501W4,19.68385219489724,interp,14.0,42.0,202501W4,202502,6,3,2,7.0,23453.5,23450.0,0.2828181164629763,65.0,empirical,202501W2(d0):dte=0 < 1,0.0,0.0,28.0,50.77243307712696
2025-01-09,20.122118118531024,interp,6.0,13.0,202501,202501W4,21.184623286013,interp,13.0,41.0,202501W4,202502,20.16661240727318,interp,13.0,41.0,202501W4,202502,6,2,2,6.0,23105.5,23100.0,0.349112826764188,69.0,empirical,,7.0,28.0,28.0,50.192464882056726
2025-01-10,20.88839172946768,interp,5.0,12.0,202501,202501W4,21.602670617103445,interp,12.0,40.0,202501W4,202502,20.45841927896865,interp,12.0,40.0,202501W4,202502,6,3,3,5.0,23048.5,23000.0,0.3480047470701676,75.0,empirical,,7.0,28.0,28.0,50.179856877816064
2025-01-13,27.214585554486547,interp,2.0,9.0,202501,202501W4,24.97746333621713,interp,9.0,37.0,202501W4,202502,23.037785267589303,interp,9.0,37.0,202501W4,202502,6,3,3,2.0,22531.5,22500.0,0.3832244161806384,76.0,empirical,,7.0,28.0,28.0,49.01992048767559
2025-01-14,26.050728290018853,interp,1.0,8.0,202501,202501W4,23.901385629973337,interp,8.0,36.0,202501W4,202502,22.234355100068047,interp,8.0,36.0,202501W4,202502,6,3,3,1.0,22751.5,22750.0,0.4033558173093056,84.0,empirical,,7.0,28.0,28.0,49.32251258945136
2025-01-15,26.93541883075846,exact,7.0,7.0,202501W4,202501W4,23.28998257981755,interp,7.0,19.0,202501W4,202501W5,22.366114981726923,interp,19.0,35.0,202501W5,202502,6,4,3,7.0,22484.0,22450.0,0.4828788676482157,61.0,empirical,202501(d0):dte=0 < 1,0.0,12.0,16.0,48.944272462231645
2025-01-16,24.29347282347856,interp,6.0,18.0,202501W4,202501W5,21.958667184589327,interp,6.0,18.0,202501W4,202501W5,21.045926724490155,interp,18.0,34.0,202501W5,202502,7,3,3,6.0,23002.5,23000.0,0.4536481490664066,67.0,empirical,,12.0,12.0,16.0,49.94030479724358
2025-01-17,17.964731389961564,interp,5.0,17.0,202501W4,202501W5,19.07469780682392,interp,5.0,17.0,202501W4,202501W5,19.95401470312707,interp,17.0,33.0,202501W5,202502,7,3,3,5.0,23151.5,23150.0,0.4710071367048111,72.0,empirical,,12.0,12.0,16.0,49.49902464882057
2025-01-20,20.048550928629425,interp,2.0,14.0,202501W4,202501W5,19.51064114907746,exact,14.0,14.0,202501W5,202501W5,20.05296743467992,exact,30.0,30.0,202502,202502,7,3,3,2.0,23311.0,23300.0,0.5017484261670307,74.0,empirical,,12.0,0.0,0.0,50.00334481844686
2025-01-21,19.09430950251511,interp,1.0,13.0,202501W4,202501W5,19.00342502771856,interp,13.0,29.0,202501W5,202502,19.74566352216744,interp,29.0,57.0,202502,202503,7,3,3,1.0,23328.0,23300.0,0.4242675928722439,77.0,empirical,,12.0,16.0,28.0,50.10420885237212
2025-01-22,,no_bracket,,,,,20.544428187957724,exact,14.0,14.0,202502W1,202502W1,20.16045867730184,interp,28.0,56.0,202502,202503,7,4,3,12.0,23687.5,23650.0,0.5304232804232805,63.0,empirical,202501W4(d0):dte=0 < 1,,0.0,28.0,50.7598250728863
2025-02-03,27.51237288676177,interp,2.0,9.0,202502W1,202502W2,25.685978071620507,interp,9.0,16.0,202502W2,202502,24.797395634217946,interp,16.0,44.0,202502,202503,7,4,3,2.0,22590.5,22500.0,0.4066177051251678,63.0,empirical,202501W5(d0):dte=0 < 1,7.0,7.0,28.0,48.59124834349324
2025-02-04,22.53968342678829,interp,1.0,8.0,202502W1,202502W2,22.08366183333229,interp,8.0,15.0,202502W2,202502,22.684078456644325,interp,15.0,43.0,202502,202503,7,3,3,1.0,22810.0,22800.0,0.3076923076923077,78.0,empirical,,7.0,7.0,28.0,48.88123244102836
2025-02-05,18.67941721650461,exact,7.0,7.0,202502W2,202502W2,19.523321271164384,exact,14.0,14.0,202502,202502,20.661780518015743,interp,14.0,42.0,202502,202503,6,3,2,7.0,23110.5,23100.0,0.5015698587127159,78.0,empirical,202502W1(d0):dte=0 < 1,0.0,0.0,28.0,49.62510469122714
2025-02-06,17.6639544081116,interp,6.0,13.0,202502W2,202502,18.726757445461967,interp,13.0,41.0,202502,202503,19.602612492856192,interp,13.0,41.0,202502,202503,6,2,2,6.0,23273.0,23250.0,0.5018853695324283,78.0,empirical,,7.0,28.0,28.0,49.83944076331832
2025-02-07,16.390949424498114,interp,5.0,12.0,202502W2,202502,17.615488804215065,interp,12.0,40.0,202502,202503,18.69152937960612,interp,12.0,40.0,202502,202503,6,3,3,5.0,23408.0,23400.0,0.4003394663588838,78.0,empirical,,7.0,28.0,28.0,50.06638483965016
2025-02-10,19.39487944807392,interp,2.0,9.0,202502W2,202502,19.399013775245912,interp,9.0,37.0,202502,202503,19.53862115255337,interp,9.0,37.0,202502,202503,6,3,3,2.0,23227.0,23200.0,0.3294261294261294,78.0,empirical,,7.0,28.0,28.0,49.49902464882057
2025-02-11,18.368278020355422,interp,1.0,8.0,202502W2,202502,19.01393614892846,interp,8.0,36.0,202502,202503,19.47030352469651,interp,8.0,36.0,202502,202503,6,3,3,1.0,23330.0,23300.0,0.3192363192363192,78.0,empirical,,7.0,28.0,28.0,49.801616750596345
2025-02-12,17.467918641864287,exact,7.0,7.0,202502,202502,17.51734194332614,exact,14.0,14.0,202502W4,202502W4,19.25265415204689,interp,14.0,35.0,202502W4,202503,6,4,3,7.0,23314.0,23300.0,0.3208754208754208,63.0,empirical,202502W2(d0):dte=0 < 1,0.0,0.0,21.0,49.7259687251524
2025-02-13,16.017784810463066,interp,6.0,13.0,202502,202502W4,16.885971184660463,interp,13.0,34.0,202502W4,202503,18.905869102159084,interp,13.0,34.0,202502W4,202503,6,3,3,6.0,23401.5,23400.0,0.4304362304362304,65.0,empirical,,7.0,21.0,21.0,49.51163265306123
2025-02-14,17.672428769905704,interp,5.0,12.0,202502,202502W4,18.235478956226363,interp,12.0,33.0,202502W4,202503,19.771643934213408,interp,12.0,33.0,202502W4,202503,6,3,3,5.0,23182.5,23150.0,0.3675102675102675,65.0,empirical,,7.0,21.0,21.0,48.919056453750336
2025-02-17,17.217986860861544,interp,2.0,9.0,202502,202502W4,18.541055547997136,interp,9.0,30.0,202502W4,202503,19.83080682310592,exact,30.0,30.0,202503,202503,6,3,3,2.0,23506.0,23500.0,0.4038810277616247,67.0,empirical,,7.0,21.0,0.0,49.66292870394911
2025-02-18,16.24371795930162,interp,1.0,8.0,202502,202502W4,18.14022363346215,interp,8.0,29.0,202502W4,202503,19.353306924857232,interp,29.0,57.0,202503,202504,6,3,3,1.0,23649.5,23600.0,0.3509065813413639,69.0,empirical,,7.0,21.0,28.0,49.83944076331832
2025-02-19,15.525073710678653,exact,7.0,7.0,202502W4,202502W4,16.789284694258686,exact,14.0,14.0,202503W1,202503W1,18.943057988195555,interp,28.0,56.0,202503,202504,6,4,3,7.0,23615.0,23600.0,0.3561039635525937,64.0,empirical,202502(d0):dte=0 < 1,0.0,0.0,28.0,49.75118473363372
2025-02-20,15.00904878881747,interp,6.0,13.0,202502W4,202503W1,16.60327937692503,interp,13.0,27.0,202503W1,202503,18.429491972234192,interp,27.0,55.0,202503,202504,7,3,3,6.0,23548.5,23500.0,0.39614640984504,65.0,empirical,,7.0,14.0,28.0,49.56206467002386
2025-02-21,14.458766218406172,interp,5.0,12.0,202502W4,202503W1,15.926858496167076,interp,12.0,26.0,202503W1,202503,17.74315419271027,interp,26.0,54.0,202503,202504,7,3,3,5.0,23754.5,23750.0,0.4227934743166803,67.0,empirical,,7.0,14.0,28.0,49.91508878876226
2025-02-24,17.13262072574749,interp,2.0,9.0,202502W4,202503W1,18.136463437523624,interp,9.0,23.0,202503W1,202503,18.93765230845211,interp,23.0,51.0,202503,202504,7,3,3,2.0,23574.5,23550.0,0.4147235470764882,68.0,empirical,,7.0,14.0,28.0,49.47380864033925
2025-02-25,18.245327908068067,interp,1.0,8.0,202502W4,202503W1,19.215766514540466,interp,8.0,22.0,202503W1,202503,19.57801218662403,interp,22.0,50.0,202503,202504,7,3,3,1.0,23316.0,23300.0,0.4103073661897191,68.0,empirical,,7.0,14.0,28.0,48.830800424065735
2025-02-26,18.72371742023883,exact,7.0,7.0,202503W1,202503W1,18.91961481609849,exact,14.0,14.0,202503W2,202503W2,19.888883515400178,interp,21.0,49.0,202503,202504,7,4,3,7.0,23435.0,23400.0,0.3417882167882167,63.0,empirical,202502W4(d0):dte=0 < 1,0.0,0.0,28.0,49.09556851311953
2025-02-27,19.089030698806297,interp,6.0,13.0,202503W1,202503W2,19.40573559931893,interp,13.0,20.0,202503W2,202503,19.89924265821647,interp,20.0,48.0,202503,202504,7,3,3,6.0,23204.0,23200.0,0.3585835835835835,65.0,empirical,,7.0,7.0,28.0,48.54081632653062
2025-03-03,21.96884987816567,interp,2.0,9.0,202503W1,202503W2,21.844716563088543,interp,9.0,16.0,202503W2,202503,20.94872985086265,interp,16.0,44.0,202503,202504,7,3,3,2.0,22738.0,22700.0,0.3676891994969798,69.0,empirical,,7.0,7.0,28.0,47.41870394911212
2025-03-04,23.72763290578889,interp,1.0,8.0,202503W1,202503W2,23.714240491590104,interp,8.0,15.0,202503W2,202503,21.980046066537533,interp,15.0,43.0,202503,202504,7,3,3,1.0,22606.5,22600.0,0.3552186332674137,75.0,empirical,,7.0,7.0,28.0,47.10350384309569
2025-03-05,22.62168637121835,exact,7.0,7.0,202503W2,202503W2,22.661611279487243,exact,14.0,14.0,202503,202503,21.18887043216561,interp,14.0,42.0,202503,202504,6,3,2,7.0,22904.0,22900.0,0.5501538461538461,78.0,empirical,202503W1(d0):dte=0 < 1,0.0,0.0,28.0,47.72129605088789
2025-03-06,22.82888041722759,interp,6.0,13.0,202503W2,202503,22.634392565254604,interp,13.0,41.0,202503,202504,21.28758094143752,interp,13.0,41.0,202503,202504,6,2,2,6.0,22777.5,22750.0,0.5077123397435898,78.0,empirical,,7.0,28.0,28.0,47.431311953352775
2025-03-07,25.286986214050305,interp,5.0,12.0,202503W2,202503,24.54422483419296,interp,12.0,40.0,202503,202504,22.55865428404818,interp,12.0,40.0,202503,202504,6,3,3,5.0,22540.5,22500.0,0.4464693710740398,78.0,empirical,,7.0,28.0,28.0,46.99003180492976
2025-03-10,25.324170680860192,interp,2.0,9.0,202503W2,202503,23.62020957586073,interp,9.0,37.0,202503,202504,22.23911591580045,interp,9.0,37.0,202503,202504,6,3,3,2.0,22466.5,22450.0,0.3867545502522911,78.0,empirical,,7.0,28.0,28.0,46.71265571163531
2025-03-11,27.28914987963751,interp,1.0,8.0,202503W2,202503,25.25180124659331,interp,8.0,36.0,202503,202504,23.771674769286125,interp,8.0,36.0,202503,202504,6,3,3,1.0,22064.0,22050.0,0.3770071982281284,80.0,empirical,,7.0,28.0,28.0,45.89313543599258
2025-03-12,24.65885610162122,exact,7.0,7.0,202503,202503,23.51514391773436,exact,14.0,14.0,202503W4,202503W4,22.54227270181105,interp,14.0,35.0,202503W4,202504,6,4,3,7.0,22232.5,22200.0,0.2528244979832745,59.0,empirical,202503W2(d0):dte=0 < 1,0.0,0.0,21.0,46.0948635038431
2025-03-13,26.705660586627744,interp,6.0,13.0,202503,202503W4,24.55106358328884,interp,13.0,34.0,202503W4,202504,23.09906347809481,interp,13.0,34.0,202503W4,202504,6,3,3,6.0,21927.0,21900.0,0.240686196253725,64.0,empirical,,7.0,21.0,21.0,45.66619135966075
2025-03-14,24.856845548556866,interp,5.0,12.0,202503,202503W4,24.02311436223828,interp,12.0,33.0,202503W4,202504,23.05423742908188,interp,12.0,33.0,202503W4,202504,6,3,3,5.0,21960.5,21950.0,0.4200089126559714,66.0,empirical,,7.0,21.0,21.0,45.514895308772864
2025-03-17,22.79045215469675,interp,2.0,9.0,202503,202503W4,22.252250084505096,interp,9.0,30.0,202503W4,202504,21.928499829358863,exact,30.0,30.0,202504,202504,6,3,3,2.0,22157.5,22150.0,0.3707664884135472,66.0,empirical,,7.0,21.0,0.0,45.905743440233245
2025-03-18,20.89412910840537,interp,1.0,8.0,202503,202503W4,21.181067118383464,interp,8.0,29.0,202503W4,202504,21.367431904465747,interp,29.0,64.0,202504,202505,6,3,3,1.0,22231.0,22200.0,0.3945335710041592,66.0,empirical,,7.0,21.0,35.0,46.0948635038431
2025-03-19,22.51051108914166,exact,7.0,7.0,202503W4,202503W4,21.555001483587787,exact,14.0,14.0,202504W1,202504W1,21.34900416063917,interp,28.0,63.0,202504,202505,6,4,3,7.0,22045.0,22000.0,0.5416238657764082,59.0,empirical,202503(d0):dte=0 < 1,0.0,0.0,35.0,45.527503313013526
2025-03-20,17.975763226478715,interp,6.0,13.0,202503W4,202504W1,18.965369651258808,interp,13.0,27.0,202504W1,202504,19.39883270261332,interp,27.0,62.0,202504,202505,7,3,3,6.0,22372.5,22350.0,0.4958818958818958,65.0,empirical,,7.0,14.0,35.0,46.51092764378479
2025-03-21,18.55733974314765,interp,5.0,12.0,202503W4,202504W1,19.341804491901133,interp,12.0,26.0,202504W1,202504,19.538994292111955,interp,26.0,61.0,202504,202505,7,3,3,5.0,22193.0,22150.0,0.4258021390374331,68.0,empirical,,7.0,14.0,35.0,46.13268751656507
2025-03-24,20.448187162718888,interp,2.0,9.0,202503W4,202504W1,20.44622402475292,interp,9.0,23.0,202504W1,202504,20.38496257173837,interp,23.0,58.0,202504,202505,7,3,3,2.0,22171.5,22150.0,0.4093137254901961,68.0,empirical,,7.0,14.0,35.0,46.08225549960244
2025-03-25,18.50335289749028,interp,1.0,8.0,202503W4,202504W1,19.00835750353168,interp,8.0,22.0,202504W1,202504,19.353352557077365,interp,22.0,57.0,202504,202505,7,3,3,1.0,22303.5,22300.0,0.3988413547237077,68.0,empirical,,7.0,14.0,35.0,46.56135966074742
2025-03-26,17.538344944410852,exact,7.0,7.0,202504W1,202504W1,17.629596483825512,exact,14.0,14.0,202504W2,202504W2,18.90811699110228,interp,21.0,56.0,202504,202505,7,4,3,7.0,22297.0,22250.0,0.4129530600118835,60.0,empirical,202503W4(d0):dte=0 < 1,0.0,0.0,35.0,46.52353564802545
2025-03-27,19.84752091545931,interp,6.0,13.0,202504W1,202504W2,19.650592619873887,interp,13.0,20.0,202504W2,202504,20.15536878452092,interp,20.0,55.0,202504,202505,7,3,3,6.0,21971.0,21950.0,0.4178698752228164,60.0,empirical,,7.0,7.0,35.0,45.64097535117944
2025-03-28,21.050491019978548,interp,5.0,12.0,202504W1,202504W2,21.683855545738208,interp,12.0,19.0,202504W2,202504,21.490841455494404,interp,19.0,54.0,202504,202505,7,3,3,5.0,21607.0,21600.0,0.3954248366013072,66.0,empirical,,7.0,7.0,35.0,45.18708719851577
2025-03-31,30.44284948076707,interp,2.0,9.0,202504W1,202504W2,29.54557216234983,interp,9.0,16.0,202504W2,202504,25.97768420449346,interp,16.0,51.0,202504,202505,7,3,3,2.0,20776.5,20700.0,0.4565458315458315,72.0,empirical,,7.0,7.0,35.0,43.56065465147098
2025-04-01,25.72032123804421,interp,1.0,8.0,202504W1,202504W2,26.38313196717433,interp,8.0,15.0,202504W2,202504,24.17927325396832,interp,15.0,50.0,202504,202505,7,3,3,1.0,21187.5,21150.0,0.3342109409525139,89.0,empirical,,7.0,7.0,35.0,44.45582295255765
2025-04-02,28.44330345378049,exact,7.0,7.0,202504W2,202504W2,27.54291398159628,exact,14.0,14.0,202504,202504,24.745433512500803,interp,14.0,49.0,202504,202505,6,3,2,7.0,21296.5,21250.0,0.5469000802568218,89.0,empirical,202504W1(d0):dte=0 < 1,0.0,0.0,35.0,44.38017492711371
2025-04-07,37.127604966967546,interp,2.0,9.0,202504W2,202504,43.46259985660852,interp,9.0,44.0,202504,202505,48.129626861815616,interp,9.0,44.0,202504,202505,6,2,2,2.0,19164.0,19100.0,0.307935393258427,89.0,empirical,,7.0,35.0,35.0,39.94215743440234
2025-04-08,57.09969528044427,interp,1.0,8.0,202504W2,202504,48.50898206945212,interp,8.0,43.0,202504,202505,41.78275655602795,interp,8.0,43.0,202504,202505,6,2,2,1.0,18352.5,18300.0,0.3714733542319749,116.0,empirical,,7.0,35.0,35.0,38.64353299761464
2025-04-09,69.99398760606152,exact,7.0,7.0,202504,202504,51.11181831449711,exact,14.0,14.0,202504W4,202504W4,45.92204617476783,interp,14.0,42.0,202504W4,202505,6,3,2,7.0,17200.0,17200.0,0.2030379746835443,50.0,empirical,202504W2(d0):dte=0 < 1,0.0,0.0,28.0,36.86580439968195
2025-04-10,50.43698513696483,interp,6.0,13.0,202504,202504W4,43.529016020075936,interp,13.0,41.0,202504W4,202505,39.99730417476356,interp,13.0,41.0,202504W4,202505,6,2,2,6.0,19591.5,19550.0,0.4218724778046812,70.0,empirical,,7.0,28.0,28.0,40.54734163795389
2025-04-11,49.17891605743849,interp,5.0,12.0,202504,202504W4,46.7636194172213,interp,12.0,40.0,202504W4,202505,42.16061062045315,interp,12.0,40.0,202504W4,202505,6,3,3,5.0,19525.5,19500.0,0.4286739891287876,82.0,empirical,,7.0,28.0,28.0,41.49294195600319
2025-04-14,54.40372491374024,interp,2.0,9.0,202504,202504W4,48.79036413341827,interp,9.0,37.0,202504W4,202505,43.28323188120709,interp,9.0,37.0,202504W4,202505,6,3,3,2.0,19492.5,19450.0,0.3533579811366615,92.0,empirical,,7.0,28.0,28.0,41.27860588391201
2025-04-15,40.82113179839968,interp,1.0,8.0,202504,202504W4,38.30925913886976,interp,8.0,36.0,202504W4,202505,36.37093602238296,interp,8.0,36.0,202504W4,202505,6,3,3,1.0,19800.0,19800.0,0.3806788106902997,92.0,empirical,,7.0,28.0,28.0,41.694670023853696
2025-04-16,44.975724864934,exact,7.0,7.0,202504W4,202504W4,35.55714521218483,exact,14.0,14.0,202504W5,202504W5,36.29165312235452,interp,14.0,35.0,202504W5,202505,6,4,3,7.0,19375.0,19350.0,0.398846116457665,54.0,empirical,202504(d0):dte=0 < 1,0.0,0.0,21.0,40.93818976941426
2025-04-17,40.73913374292153,interp,6.0,13.0,202504W4,202504W5,35.20153630725764,interp,13.0,34.0,202504W5,202505,33.66271996185116,interp,13.0,34.0,202504W5,202505,7,3,3,6.0,19407.5,19400.0,0.5084449894582849,61.0,empirical,,7.0,21.0,21.0,40.4843016167506
2025-04-18,28.922520110046413,interp,5.0,12.0,202504W4,202504W5,28.98201821655304,interp,12.0,33.0,202504W5,202505,29.52529707906668,interp,12.0,33.0,202504W5,202505,7,3,3,5.0,19363.0,19350.0,0.4585576802899638,63.0,empirical,,7.0,21.0,21.0,40.5725576464352
2025-04-21,34.04497470145901,interp,2.0,9.0,202504W4,202504W5,32.67984867080894,interp,9.0,30.0,202504W5,202505,32.05347987639944,exact,30.0,30.0,202505,202505,7,3,3,2.0,19124.5,19100.0,0.4940907386576678,63.0,empirical,,7.0,21.0,0.0,39.99258945136496
2025-04-22,34.392509552732,interp,1.0,8.0,202504W4,202504W5,33.603054451276336,interp,8.0,29.0,202504W5,202505,32.978431598761574,interp,29.0,57.0,202505,202506,7,3,3,1.0,18822.0,18800.0,0.4442774544486287,69.0,empirical,,7.0,21.0,28.0,39.32436522661013
2025-04-23,29.0709011214757,exact,7.0,7.0,202504W5,202504W5,28.67880826429177,exact,14.0,14.0,202505W1,202505W1,29.61865718952326,interp,28.0,56.0,202505,202506,7,4,3,7.0,19585.0,19550.0,0.4541329193946146,51.0,empirical,202504W4(d0):dte=0 < 1,0.0,0.0,28.0,41.06426981182084
2025-04-24,29.471741764512576,interp,6.0,13.0,202504W5,202505W1,29.908086556892687,interp,13.0,27.0,202505W1,202505,30.37893314591204,interp,27.0,55.0,202505,202506,7,3,3,6.0,19496.5,19450.0,0.4742436719499369,69.0,empirical,,7.0,14.0,28.0,40.82471773124835
2025-04-25,28.66904583850184,interp,5.0,12.0,202504W5,202505W1,29.55635924197909,interp,12.0,26.0,202505W1,202505,30.339168430003472,interp,26.0,54.0,202505,202506,7,3,3,5.0,19898.5,19850.0,0.4651426503531947,69.0,empirical,,7.0,14.0,28.0,41.79553405777896
2025-04-28,30.181597043356884,interp,2.0,9.0,202504W5,202505W1,30.779321803939258,interp,9.0,23.0,202505W1,202505,30.49530645994412,interp,23.0,51.0,202505,202506,7,3,3,2.0,19989.0,19950.0,0.4825849471518762,74.0,empirical,,7.0,14.0,28.0,42.14855817651736
2025-04-29,27.00646306961071,interp,1.0,8.0,202504W5,202505W1,28.811370511759502,interp,8.0,22.0,202505W1,202505,28.914964758880707,interp,22.0,50.0,202505,202506,7,3,3,1.0,20192.0,20150.0,0.4271738759927736,77.0,empirical,,7.0,14.0,28.0,42.31246223164591
2025-04-30,27.16860687045485,exact,7.0,7.0,202505W1,202505W1,26.31833446889773,exact,14.0,14.0,202505W2,202505W2,28.54524708463518,interp,21.0,49.0,202505,202506,7,4,3,7.0,20190.5,20150.0,0.3897151744920774,54.0,empirical,202504W5(d0):dte=0 < 1,0.0,0.0,28.0,42.51419029949643
2025-05-02,27.913176780425296,interp,5.0,12.0,202505W1,202505W2,28.449275019588978,interp,12.0,19.0,202505W2,202505,29.014500311103266,interp,19.0,47.0,202505,202506,7,3,3,5.0,20706.0,20700.0,0.3509769612131816,54.0,empirical,,7.0,7.0,28.0,43.74977471508084
2025-05-05,32.749336213769865,interp,2.0,9.0,202505W1,202505W2,33.9594669653363,interp,9.0,16.0,202505W2,202505,31.53354563984239,interp,16.0,44.0,202505,202506,7,3,3,2.0,20464.0,20450.0,0.3724648055356717,66.0,empirical,,7.0,7.0,28.0,43.35892658362046
2025-05-06,32.8326662736454,interp,1.0,8.0,202505W1,202505W2,34.1272358559725,interp,8.0,15.0,202505W2,202505,31.564461839705448,interp,15.0,43.0,202505,202506,7,3,3,1.0,20435.5,20400.0,0.3910376305601096,66.0,empirical,,7.0,7.0,28.0,43.11937450304798
2025-05-07,35.974298113957005,exact,7.0,7.0,202505W2,202505W2,35.771224348445216,exact,14.0,14.0,202505,202505,32.49250413243671,interp,14.0,42.0,202505,202506,6,3,2,7.0,20429.0,20400.0,0.5550468715936342,66.0,empirical,202505W1(d0):dte=0 < 1,0.0,0.0,28.0,42.95547044791943
2025-05-08,32.31974274239071,interp,6.0,13.0,202505W2,202505,32.65635168782309,interp,13.0,41.0,202505,202506,30.928757792408803,interp,13.0,41.0,202505,202506,6,2,2,6.0,20641.0,20600.0,0.5778138528138528,66.0,empirical,,7.0,28.0,28.0,43.52283063874901
2025-05-09,27.48626886971984,interp,5.0,12.0,202505W2,202505,28.406482023908147,interp,12.0,40.0,202505,202506,28.294394845959864,interp,12.0,40.0,202505,202506,6,3,3,5.0,20898.5,20850.0,0.4696248196248196,66.0,empirical,,7.0,28.0,28.0,44.06497482109727
2025-05-12,27.10808448507237,interp,2.0,9.0,202505W2,202505,26.98976457768843,interp,9.0,37.0,202505,202506,26.91873343442868,interp,9.0,37.0,202505,202506,6,3,3,2.0,21118.0,21100.0,0.3836630358369489,69.0,empirical,,7.0,28.0,28.0,44.55668698648291
2025-05-13,25.76366743028606,interp,1.0,8.0,202505W2,202505,25.96207696610931,interp,8.0,36.0,202505,202506,26.10519339684248,interp,8.0,36.0,202505,202506,6,3,3,1.0,21385.0,21350.0,0.3614593066647861,74.0,empirical,,7.0,28.0,28.0,45.09883116883117
2025-05-14,25.83619658069892,exact,7.0,7.0,202505,202505,23.698192798636043,exact,14.0,14.0,202505W4,202505W4,25.396110147772323,interp,14.0,35.0,202505W4,202506,6,4,3,7.0,21764.0,21750.0,0.275233361440258,58.0,empirical,202505W2(d0):dte=0 < 1,0.0,0.0,21.0,46.120079512324416
2025-05-15,23.79549095374445,interp,6.0,13.0,202505,202505W4,23.148736294432865,interp,13.0,34.0,202505W4,202506,24.61951849117393,interp,13.0,34.0,202505W4,202506,6,3,3,6.0,21693.0,21650.0,0.2783757694401842,67.0,empirical,,7.0,21.0,21.0,46.019215478399154
2025-05-16,20.55391253397764,interp,5.0,12.0,202505,202505W4,22.038248091309857,interp,12.0,33.0,202505W4,202506,23.7876547878173,interp,12.0,33.0,202505W4,202506,6,3,3,5.0,21824.0,21800.0,0.404785803646762,67.0,empirical,,7.0,21.0,21.0,46.14529552080573
2025-05-19,24.72666264213532,interp,2.0,9.0,202505,202505W4,25.391123338978343,interp,9.0,30.0,202505W4,202506,26.161212044806703,exact,30.0,30.0,202506,202506,6,3,3,2.0,21539.0,21500.0,0.2838536380735869,69.0,empirical,,7.0,21.0,0.0,45.5022873045322
2025-05-20,23.240520985997243,interp,1.0,8.0,202505,202505W4,25.13243490518469,interp,8.0,29.0,202505W4,202506,26.34689745676862,interp,29.0,57.0,202506,202507,6,3,3,1.0,21540.0,21500.0,0.3820146416054344,69.0,empirical,,7.0,21.0,28.0,45.59054333421681
2025-05-21,21.233416264813275,exact,7.0,7.0,202505W4,202505W4,22.724247376021324,exact,14.0,14.0,202506W1,202506W1,25.28319288685833,interp,28.0,56.0,202506,202507,6,4,3,7.0,21770.5,21750.0,0.4131267699483591,58.0,empirical,202505(d0):dte=0 < 1,0.0,0.0,28.0,46.29659157169362
2025-05-22,21.444982630925537,interp,6.0,13.0,202505W4,202506W1,23.43271856989001,interp,13.0,27.0,202506W1,202506,25.31745106947143,interp,27.0,55.0,202506,202507,7,3,3,6.0,21622.0,21600.0,0.4607236312399356,64.0,empirical,,7.0,14.0,28.0,45.79227140206732
2025-05-23,20.96689594819067,interp,5.0,12.0,202505W4,202506W1,23.19970156772718,interp,12.0,26.0,202506W1,202506,24.84798556132416,interp,26.0,54.0,202506,202507,7,3,3,5.0,21595.0,21550.0,0.3914625028755463,64.0,empirical,,7.0,14.0,28.0,45.603151338457465
2025-05-26,24.04514918085048,interp,2.0,9.0,202505W4,202506W1,25.084474588792844,interp,9.0,23.0,202506W1,202506,25.93865666255792,interp,23.0,51.0,202506,202507,7,3,3,2.0,21532.0,21500.0,0.4614389233954452,64.0,empirical,,7.0,14.0,28.0,45.552719321494834
2025-05-27,24.665594316001453,interp,1.0,8.0,202505W4,202506W1,25.500230614678586,interp,8.0,22.0,202506W1,202506,26.315266317201534,interp,22.0,50.0,202506,202507,7,3,3,1.0,21373.5,21350.0,0.4258144985047158,64.0,empirical,,7.0,14.0,28.0,45.14926318579381
2025-05-28,25.82506541488766,exact,7.0,7.0,202506W1,202506W1,24.40985224534955,exact,14.0,14.0,202506W2,202506W2,26.48164592233591,interp,21.0,49.0,202506,202507,7,4,3,7.0,21380.0,21350.0,0.4017028475001766,57.0,empirical,202505W4(d0):dte=0 < 1,0.0,0.0,28.0,45.22491121123775
2025-05-29,25.46474648183544,interp,6.0,13.0,202506W1,202506W2,25.22913987086829,interp,13.0,20.0,202506W2,202506,26.70164150536869,interp,20.0,48.0,202506,202507,7,3,3,6.0,21447.5,21400.0,0.3774111896657066,57.0,empirical,,7.0,7.0,28.0,45.325775245163
2025-06-02,25.62199524556345,interp,2.0,9.0,202506W1,202506W2,26.96332676290559,interp,9.0,16.0,202506W2,202506,26.910094264453043,interp,16.0,44.0,202506,202507,7,3,3,2.0,20991.5,20950.0,0.4023013587035582,57.0,empirical,,7.0,7.0,28.0,44.35495891863239
2025-06-03,24.22987744703416,interp,1.0,8.0,202506W1,202506W2,26.028096368258208,interp,8.0,15.0,202506W2,202506,26.047610841208456,interp,15.0,43.0,202506,202507,7,3,3,1.0,21099.0,21050.0,0.3967166775385953,63.0,empirical,,7.0,7.0,28.0,44.670159024648825
2025-06-04,21.93407507751352,exact,7.0,7.0,202506W2,202506W2,24.02671090791169,exact,14.0,14.0,202506,202506,24.298608059706133,interp,14.0,42.0,202506,202507,6,3,2,7.0,21557.0,21550.0,0.5284343953408701,63.0,empirical,202506W1(d0):dte=0 < 1,0.0,0.0,28.0,45.71662337662338
2025-06-05,20.650831253539724,interp,6.0,13.0,202506W2,202506,22.024845906466464,interp,13.0,41.0,202506,202507,22.359463319944,interp,13.0,41.0,202506,202507,6,2,2,6.0,21634.5,21600.0,0.5440821256038648,69.0,empirical,,7.0,28.0,28.0,45.80487940630798
2025-06-06,21.19587706967459,interp,5.0,12.0,202506W2,202506,22.335123216680568,interp,12.0,40.0,202506,202507,22.452561183779,interp,12.0,40.0,202506,202507,6,3,3,5.0,21645.5,21600.0,0.3757035911291231,70.0,empirical,,7.0,28.0,28.0,45.88052743175192
2025-06-09,21.63876703663756,interp,2.0,9.0,202506W2,202506,21.969866452791067,interp,9.0,37.0,202506,202507,22.296744953882488,interp,9.0,37.0,202506,202507,6,3,3,2.0,21806.5,21800.0,0.4140802656760103,70.0,empirical,,7.0,28.0,28.0,46.32180758017493
2025-06-10,21.93794046461732,interp,1.0,8.0,202506W2,202506,22.18918325141384,interp,8.0,36.0,202506,202507,22.402788620962376,interp,8.0,36.0,202506,202507,6,3,3,1.0,22194.0,22150.0,0.3063625988424227,72.0,empirical,,7.0,28.0,28.0,47.57000000000001
2025-06-11,20.796834288579824,exact,7.0,7.0,202506,202506,20.747475643147165,exact,14.0,14.0,202506W4,202506W4,22.3201009706552,interp,14.0,35.0,202506W4,202507,6,4,3,7.0,22347.5,22300.0,0.2344878742457435,59.0,empirical,202506W2(d0):dte=0 < 1,0.0,0.0,21.0,
2025-06-12,20.06818970975528,interp,6.0,13.0,202506,202506W4,21.083711399953,interp,13.0,34.0,202506W4,202507,22.71139619424149,interp,13.0,34.0,202506W4,202507,6,3,3,6.0,22252.5,22250.0,0.33396023425872,64.0,empirical,,7.0,21.0,21.0,
2025-06-13,24.88604410562172,interp,5.0,12.0,202506,202506W4,24.29000934400112,interp,12.0,33.0,202506W4,202507,25.337437040910448,interp,12.0,33.0,202506W4,202507,6,3,3,5.0,21937.0,21900.0,0.3843024008283182,64.0,empirical,,7.0,21.0,21.0,
2025-06-16,23.2968437788106,interp,2.0,9.0,202506,202506W4,24.103400103947376,interp,9.0,30.0,202506W4,202507,24.911718009584355,exact,30.0,30.0,202507,202507,6,3,3,2.0,22034.0,22000.0,0.3105006579089281,68.0,empirical,,7.0,21.0,0.0,
2025-06-17,23.084521700277268,interp,1.0,8.0,202506,202506W4,24.27226602810827,interp,8.0,29.0,202506W4,202507,25.00118730223445,interp,29.0,64.0,202507,202508,6,3,3,1.0,22162.0,22150.0,0.3125175262624302,68.0,empirical,,7.0,21.0,35.0,
2025-06-18,22.3172535395146,exact,7.0,7.0,202506W4,202506W4,22.4205563754644,exact,14.0,14.0,202507W1,202507W1,24.88301619099422,interp,28.0,63.0,202507,202508,6,4,3,7.0,22196.5,22150.0,0.4339424781436677,61.0,empirical,202506(d0):dte=0 < 1,0.0,0.0,35.0,47.57
2025-06-19,23.052816940989825,interp,6.0,13.0,202506W4,202507W1,23.78419963321844,interp,13.0,27.0,202507W1,202507,26.01585864180637,interp,27.0,62.0,202507,202508,7,3,3,6.0,21969.0,21950.0,0.4818088951752318,63.0,empirical,,7.0,14.0,35.0,47.1
2025-06-20,22.98861234650824,interp,5.0,12.0,202506W4,202507W1,24.161016046975263,interp,12.0,26.0,202507W1,202507,25.843677182271435,interp,26.0,61.0,202507,202508,7,3,3,5.0,21928.5,21900.0,0.4708688260130361,66.0,empirical,,7.0,14.0,35.0,47.03
2025-06-23,24.866832674075063,interp,2.0,9.0,202506W4,202507W1,26.317410043316887,interp,9.0,23.0,202507W1,202507,26.39343394997475,interp,23.0,58.0,202507,202508,7,3,3,2.0,21748.5,21700.0,0.5076181531196599,66.0,empirical,,7.0,14.0,35.0,46.64
2025-06-24,22.0722457233589,interp,1.0,8.0,202506W4,202507W1,24.140341762100004,interp,8.0,22.0,202507W1,202507,24.539020144426267,interp,22.0,57.0,202507,202508,7,3,3,1.0,22216.0,22200.0,0.6849843149522413,71.0,empirical,,7.0,14.0,35.0,47.49
2025-06-25,21.05101117299709,exact,7.0,7.0,202507W1,202507W1,21.185216796135087,exact,14.0,14.0,202507W2,202507W2,23.68008799470872,interp,21.0,56.0,202507,202508,7,4,3,7.0,22305.5,22300.0,0.3930494180796514,61.0,empirical,202506W4(d0):dte=0 < 1,0.0,0.0,35.0,48.18
2025-06-26,20.465412152683648,interp,6.0,13.0,202507W1,202507W2,21.32406972692913,interp,13.0,20.0,202507W2,202507,23.328656644536,interp,20.0,55.0,202507,202508,7,3,3,6.0,22277.0,22250.0,0.4051469846668545,65.0,empirical,,7.0,7.0,35.0,48.24
2025-06-27,21.36639289419203,interp,5.0,12.0,202507W1,202507W2,22.7157552667404,exact,14.0,14.0,202507F2,202507F2,23.75981652123816,interp,19.0,54.0,202507,202508,8,4,4,5.0,22301.0,22300.0,0.277212492964491,61.0,empirical,,7.0,0.0,35.0,48.29
2025-06-30,23.80261117208936,interp,2.0,9.0,202507W1,202507W2,24.77153728021223,interp,11.0,16.0,202507F2,202507,24.425749580212845,interp,16.0,51.0,202507,202508,8,4,4,2.0,22321.5,22300.0,0.3200492318139377,63.0,empirical,,7.0,5.0,35.0,48.36
2025-07-01,23.28186682877353,interp,1.0,8.0,202507W1,202507W2,25.14740010307402,interp,10.0,15.0,202507F2,202507,24.31492181341892,interp,15.0,50.0,202507,202508,8,4,4,1.0,22512.5,22500.0,0.33271511955617,67.0,empirical,,7.0,5.0,35.0,48.64
2025-07-02,21.78251534426911,exact,7.0,7.0,202507W2,202507W2,25.11843054239234,exact,14.0,14.0,202507,202507,24.30929967155431,interp,14.0,49.0,202507,202508,7,4,3,7.0,22472.0,22450.0,0.3776768332251785,67.0,empirical,202507W1(d0):dte=0 < 1,0.0,0.0,35.0,48.65
2025-07-03,23.27072726423217,interp,6.0,8.0,202507W2,202507F2,25.147420389274444,interp,13.0,48.0,202507,202508,23.87042236643968,interp,13.0,48.0,202507,202508,7,3,3,6.0,22735.0,22700.0,0.4866608984065181,67.0,empirical,,2.0,35.0,35.0,49.32
2025-07-04,26.03420505012545,exact,7.0,7.0,202507F2,202507F2,25.748255884317604,exact,14.0,14.0,202507F3,202507F3,24.47808477322048,interp,14.0,47.0,202507F3,202508,8,4,4,5.0,22506.5,22500.0,0.3354714819179356,61.0,empirical,,0.0,0.0,33.0,48.86
2025-07-07,29.80717808363773,interp,4.0,9.0,202507F2,202507,27.396681973318422,interp,11.0,44.0,202507F3,202508,25.05537738033427,interp,11.0,44.0,202507F3,202508,8,4,4,2.0,22385.0,22350.0,0.459263252147154,64.0,empirical,,5.0,33.0,33.0,48.57
2025-07-08,28.706369496112394,interp,3.0,8.0,202507F2,202507,26.80326681251524,interp,10.0,43.0,202507F3,202508,24.711788319553644,interp,10.0,43.0,202507F3,202508,8,4,4,1.0,22304.5,22300.0,0.3489131594574031,66.0,empirical,,5.0,33.0,33.0,48.35
2025-07-09,23.7132215279453,exact,7.0,7.0,202507,202507,23.17549758886511,exact,14.0,14.0,202507W4,202507W4,22.91410769364981,interp,14.0,42.0,202507W4,202508,8,5,4,2.0,22467.5,22450.0,0.2510968046907129,59.0,empirical,202507W2(d0):dte=0 < 1,0.0,0.0,28.0,48.85
2025-07-10,23.96281038788877,interp,6.0,8.0,202507,202507F3,22.46228733266713,interp,13.0,41.0,202507W4,202508,22.41074919145757,interp,13.0,41.0,202507W4,202508,8,4,4,1.0,22651.0,22650.0,0.2477132330238342,63.0,empirical,,2.0,28.0,28.0,49.41
2025-07-11,23.81598487493645,exact,7.0,7.0,202507F3,202507F3,21.90507432800752,exact,14.0,14.0,202507F4,202507F4,21.92423158162807,interp,14.0,40.0,202507F4,202508,8,6,5,5.0,22743.0,22700.0,0.2014505982484273,61.0,"empirical,fsp",202507F2(d0):dte=0 < 1,0.0,0.0,26.0,49.62
2025-07-14,25.37422970294521,interp,4.0,9.0,202507F3,202507W4,23.59204655725917,interp,11.0,37.0,202507F4,202508,22.89332787651902,interp,11.0,37.0,202507F4,202508,8,5,5,2.0,22548.0,22500.0,0.419880972917026,62.0,"empirical,fsp",,5.0,26.0,26.0,49.33
2025-07-15,23.70730697760606,interp,3.0,8.0,202507F3,202507W4,22.745120406439256,interp,10.0,36.0,202507F4,202508,22.02491003694724,interp,10.0,36.0,202507F4,202508,8,5,5,1.0,22807.5,22800.0,0.2336646208070004,64.0,"empirical,fsp",,5.0,26.0,26.0,50.0
2025-07-16,22.55894133799991,exact,7.0,7.0,202507W4,202507W4,21.25444125249504,exact,14.0,14.0,202507W5,202507W5,21.78186424973717,interp,14.0,35.0,202507W5,202508,8,6,5,2.0,23031.5,23000.0,0.3667468101856207,61.0,"empirical,fsp",202507(d0):dte=0 < 1,0.0,0.0,21.0,50.4
2025-07-17,20.730189397959386,interp,6.0,8.0,202507W4,202507F4,20.163554398311785,interp,13.0,34.0,202507W5,202508,21.144834032169385,interp,13.0,34.0,202507W5,202508,9,5,5,1.0,23232.0,23200.0,0.2943935793935793,65.0,"empirical,fsp",,2.0,21.0,21.0,50.7
2025-07-18,19.05279237573169,exact,7.0,7.0,202507F4,202507F4,19.982608075273617,exact,14.0,14.0,202508F1,202508F1,20.381084029325223,interp,14.0,33.0,202508F1,202508,9,6,5,5.0,23337.5,23300.0,0.2676355905117336,62.0,"empirical,fsp",202507F3(d0):dte=0 < 1,0.0,0.0,19.0,51.45
2025-07-21,18.90016352802084,interp,4.0,9.0,202507F4,202507W5,20.825951890430915,interp,11.0,30.0,202508F1,202508,20.945023580640093,exact,30.0,30.0,202508,202508,9,5,5,2.0,23300.5,23300.0,0.2108028872405341,68.0,"empirical,fsp",,5.0,19.0,0.0,50.9
2025-07-22,19.983141104499467,interp,3.0,8.0,202507F4,202507W5,22.21952275067872,interp,10.0,29.0,202508F1,202508,22.549040512771267,interp,29.0,57.0,202508,202509,9,5,5,1.0,23042.5,23000.0,0.2339367666137375,68.0,"empirical,fsp",,5.0,19.0,28.0,50.55
2025-07-23,19.48029325516569,exact,7.0,7.0,202507W5,202507W5,21.260534335835125,exact,14.0,14.0,202508W1,202508W1,22.16776847352616,interp,28.0,56.0,202508,202509,9,6,5,2.0,23240.5,23200.0,0.2995532316441459,62.0,"empirical,fsp",202507W4(d0):dte=0 < 1,0.0,0.0,28.0,50.7
2025-07-24,19.687456204541228,interp,6.0,8.0,202507W5,202508F1,20.81433046381625,interp,13.0,27.0,202508W1,202508,21.728902919903152,interp,27.0,55.0,202508,202509,9,5,5,1.0,23363.0,23350.0,0.2780998079004102,69.0,"empirical,fsp",,2.0,14.0,28.0,51.0
2025-07-25,22.551808248062382,exact,7.0,7.0,202508F1,202508F1,21.871403457824805,exact,14.0,14.0,202508F2,202508F2,22.47026259503768,interp,26.0,54.0,202508,202509,9,6,5,5.0,23309.0,23300.0,0.2660003965291317,63.0,"empirical,fsp",202507F4(d0):dte=0 < 1,0.0,0.0,28.0,50.9
2025-07-28,23.08563105124033,interp,4.0,9.0,202508F1,202508W1,22.79544503820445,interp,11.0,23.0,202508F2,202508,22.90785608623069,interp,23.0,51.0,202508,202509,9,5,5,2.0,23465.5,23450.0,0.2617570088654486,63.0,"empirical,fsp",,5.0,12.0,28.0,51.05
2025-07-29,24.331681319670512,interp,3.0,8.0,202508F1,202508W1,24.168961848866243,interp,10.0,22.0,202508F2,202508,24.22355745105854,interp,22.0,50.0,202508,202509,9,5,5,1.0,23211.0,23200.0,0.2642966356097996,63.0,"empirical,fsp",,5.0,12.0,28.0,50.45
2025-07-30,23.4983937418652,exact,7.0,7.0,202508W1,202508W1,22.62778412105337,exact,14.0,14.0,202508W2,202508W2,23.816813857298072,interp,21.0,49.0,202508,202509,9,6,5,2.0,23401.5,23400.0,0.3042556413751325,63.0,fsp,202507W5(d0):dte=0 < 1,0.0,0.0,28.0,51.0
2025-07-31,22.83241998167524,interp,6.0,8.0,202508W1,202508F2,22.32956648010392,interp,13.0,20.0,202508W2,202508,23.56601572217575,interp,20.0,48.0,202508,202509,9,5,5,1.0,23629.5,23600.0,0.2990003009984181,69.0,fsp,,2.0,7.0,28.0,51.55
2025-08-01,22.167729775357955,exact,7.0,7.0,202508F2,202508F2,21.94332862148336,exact,14.0,14.0,202508F3,202508F3,23.457792166867616,interp,19.0,47.0,202508,202509,9,6,5,5.0,23380.0,23350.0,0.2704150984839845,63.0,fsp,202508F1(d0):dte=0 < 1,0.0,0.0,28.0,51.1
2025-08-04,22.447360080017173,interp,4.0,9.0,202508F2,202508W2,23.5397830128774,interp,11.0,16.0,202508F3,202508,23.8771387392326,interp,16.0,44.0,202508,202509,9,5,5,2.0,23305.0,23300.0,0.2279640577890549,65.0,fsp,,5.0,5.0,28.0,50.8
2025-08-05,19.410958643402893,interp,3.0,8.0,202508F2,202508W2,21.559003218557034,interp,10.0,15.0,202508F3,202508,22.667724125308293,interp,15.0,43.0,202508,202509,9,5,5,1.0,23614.0,23600.0,0.3233862088304322,65.0,fsp,,5.0,5.0,28.0,51.45
2025-08-06,19.99920775607304,exact,7.0,7.0,202508W2,202508W2,22.11427879079022,exact,14.0,14.0,202508,202508,22.512478335005635,interp,14.0,42.0,202508,202509,8,5,4,2.0,23461.0,23450.0,0.4036425902864259,69.0,fsp,202508W1(d0):dte=0 < 1,0.0,0.0,28.0,51.0
2025-08-07,18.41977697387209,interp,6.0,8.0,202508W2,202508F3,20.17785927741249,interp,13.0,41.0,202508,202509,21.188624480772088,interp,13.0,41.0,202508,202509,8,4,4,1.0,24014.5,24000.0,0.3709268229262747,69.0,fsp,,2.0,28.0,28.0,52.45
2025-08-08,17.970488645624304,exact,7.0,7.0,202508F3,202508F3,18.349125312699872,exact,14.0,14.0,202508F4,202508F4,20.47146594464288,interp,14.0,40.0,202508F4,202509,8,6,5,5.0,23966.0,23950.0,0.2590920693126258,64.0,fsp,202508F2(d0):dte=0 < 1,0.0,0.0,26.0,52.45
2025-08-11,18.221977297393007,interp,4.0,9.0,202508F3,202508,19.0167796440064,interp,11.0,37.0,202508F4,202509,20.094989856942096,interp,11.0,37.0,202508F4,202509,8,5,5,2.0,24167.5,24150.0,0.2679792205924648,64.0,fsp,,5.0,26.0,26.0,52.85
2025-08-12,17.46731338192363,interp,3.0,8.0,202508F3,202508,18.71852164193836,interp,10.0,36.0,202508F4,202509,19.6504013069764,interp,10.0,36.0,202508F4,202509,8,5,5,1.0,24145.5,24100.0,0.2318990354140485,67.0,fsp,,5.0,26.0,26.0,52.9
2025-08-13,15.642252142747578,exact,7.0,7.0,202508,202508,16.700184724057475,exact,14.0,14.0,202508W4,202508W4,18.76996384420892,interp,14.0,35.0,202508W4,202509,8,6,5,2.0,24350.5,24350.0,0.2230024861201251,65.0,fsp,202508W2(d0):dte=0 < 1,0.0,0.0,21.0,53.35
2025-08-14,15.841699745891768,interp,6.0,8.0,202508,202508F4,17.12264667163546,interp,13.0,34.0,202508W4,202509,19.77498421302139,interp,13.0,34.0,202508W4,202509,8,5,5,1.0,24282.0,24250.0,0.1886888760880696,70.0,fsp,,2.0,21.0,21.0,53.15
2025-08-15,15.33750941652802,exact,7.0,7.0,202508F4,202508F4,17.380498031980014,exact,14.0,14.0,202508F5,202508F5,19.816524103890345,interp,14.0,33.0,202508F5,202509,8,6,5,5.0,24311.0,24300.0,0.1110309459805427,65.0,fsp,202508F3(d0):dte=0 < 1,0.0,0.0,19.0,53.15
2025-08-18,16.07178858398057,interp,4.0,9.0,202508F4,202508W4,18.486241939231785,interp,11.0,30.0,202508F5,202509,19.86579096508326,exact,30.0,30.0,202509,202509,8,5,5,2.0,24425.5,24400.0,0.2664358626414776,67.0,fsp,,5.0,19.0,0.0,53.3
2025-08-19,16.27235848349669,interp,3.0,8.0,202508F4,202508W4,18.9244290848588,interp,10.0,29.0,202508F5,202509,20.231544735726565,interp,29.0,57.0,202509,202510,8,5,5,1.0,24343.0,24300.0,0.2004766216056538,70.0,fsp,,5.0,19.0,28.0,53.2
2025-08-20,21.959233490819503,exact,7.0,7.0,202508W4,202508W4,21.322832730837685,exact,14.0,14.0,202509W1,202509W1,23.568216092559304,interp,28.0,56.0,202509,202510,8,6,5,2.0,23719.0,23700.0,0.2691346805862935,65.0,fsp,202508(d0):dte=0 < 1,0.0,0.0,28.0,51.7
2025-08-21,19.561735678102224,interp,6.0,8.0,202508W4,202508F5,20.5226967267124,interp,13.0,27.0,202509W1,202509,22.48501845721783,interp,27.0,55.0,202509,202510,9,5,5,1.0,23900.0,23900.0,0.2339521357647223,79.0,fsp,,2.0,14.0,28.0,52.0
2025-08-22,22.654921542155392,exact,7.0,7.0,202508F5,202508F5,22.17389145680457,exact,14.0,14.0,202509F1,202509F1,24.07171435541588,interp,26.0,54.0,202509,202510,9,6,5,5.0,23787.0,23750.0,0.1956891314523598,65.0,fsp,202508F4(d0):dte=0 < 1,0.0,0.0,28.0,51.75
2025-08-25,19.89537932055479,interp,4.0,9.0,202508F5,202509W1,21.435206786986555,interp,11.0,23.0,202509F1,202509,22.351741896093365,interp,23.0,51.0,202509,202510,9,5,5,2.0,24302.5,24300.0,0.2849084304020087,68.0,fsp,,5.0,12.0,28.0,52.7
2025-08-26,19.073066319158784,interp,3.0,8.0,202508F5,202509W1,21.10805795792065,interp,10.0,22.0,202509F1,202509,21.904630531540104,interp,22.0,50.0,202509,202510,9,5,5,1.0,24313.0,24300.0,0.1907906661753428,75.0,fsp,,5.0,12.0,28.0,52.75
2025-08-27,18.143632482295864,exact,7.0,7.0,202509W1,202509W1,18.72672299862605,exact,14.0,14.0,202509W2,202509W2,21.109190363619987,interp,21.0,49.0,202509,202510,9,6,5,2.0,24511.5,24500.0,0.2976322727225137,65.0,fsp,202508W4(d0):dte=0 < 1,0.0,0.0,28.0,53.0
2025-08-28,17.107555960004152,interp,6.0,8.0,202509W1,202509F1,18.492883992904748,interp,13.0,20.0,202509W2,202509,20.68259953930356,interp,20.0,48.0,202509,202510,9,5,5,1.0,24294.0,24250.0,0.2170383376825273,70.0,fsp,,2.0,7.0,28.0,52.5
2025-08-29,15.833296933155832,exact,7.0,7.0,202509F1,202509F1,17.40378894905897,exact,14.0,14.0,202509F2,202509F2,19.664294659422257,interp,19.0,47.0,202509,202510,9,6,5,5.0,24313.0,24300.0,0.1747458849482436,65.0,fsp,202508F5(d0):dte=0 < 1,0.0,0.0,28.0,52.5
2025-09-01,18.861457566296693,interp,4.0,9.0,202509F1,202509W2,21.13399979316175,interp,11.0,16.0,202509F2,202509,21.207729175942,interp,16.0,44.0,202509,202510,9,5,5,2.0,24059.0,24050.0,0.1803710936430866,65.0,fsp,,5.0,5.0,28.0,52.0
2025-09-02,19.703848322871835,interp,3.0,8.0,202509F1,202509W2,21.64209545381507,interp,10.0,15.0,202509F2,202509,21.450165140718784,interp,15.0,43.0,202509,202510,9,5,5,1.0,24008.0,24000.0,0.235916116077212,69.0,fsp,,5.0,5.0,28.0,52.0
2025-09-03,19.696892570299013,exact,7.0,7.0,202509W2,202509W2,21.906758436697974,exact,14.0,14.0,202509,202509,21.26031483809552,interp,14.0,42.0,202509,202510,8,5,4,2.0,24025.5,24000.0,0.2773460144927536,69.0,fsp,202509W1(d0):dte=0 < 1,0.0,0.0,28.0,51.95
2025-09-04,18.308926319279507,interp,6.0,8.0,202509W2,202509F2,20.05314732166586,interp,13.0,41.0,202509,202510,20.354026366853663,interp,13.0,41.0,202509,202510,8,4,4,1.0,24180.5,24150.0,0.2696717625899281,69.0,fsp,,2.0,28.0,28.0,52.3
2025-09-05,16.773278317718095,exact,7.0,7.0,202509F2,202509F2,18.282989359182448,exact,14.0,14.0,202509F3,202509F3,18.87786569270574,interp,14.0,40.0,202509F3,202510,8,6,5,5.0,24454.5,24450.0,0.264434641445511,64.0,fsp,202509F1(d0):dte=0 < 1,0.0,0.0,26.0,52.85
2025-09-08,17.972958853269144,interp,4.0,9.0,202509F2,202509,18.62741427920372,interp,11.0,37.0,202509F3,202510,18.98763448332252,interp,11.0,37.0,202509F3,202510,8,5,5,2.0,24586.0,24550.0,0.2967195663111156,71.0,fsp,,5.0,26.0,26.0,53.35
2025-09-09,17.197629899547078,interp,3.0,8.0,202509F2,202509,17.970675540095975,interp,10.0,36.0,202509F3,202510,18.131486332282115,interp,10.0,36.0,202509F3,202510,8,5,5,1.0,24832.5,24800.0,0.2757769005211675,73.0,fsp,,5.0,26.0,26.0,53.9
2025-09-10,17.7974823298122,exact,7.0,7.0,202509,202509,17.872780823362177,exact,14.0,14.0,202509W4,202509W4,19.14846386815077,interp,14.0,35.0,202509W4,202510,8,6,5,2.0,25196.0,25150.0,0.191011617947754,67.0,fsp,202509W2(d0):dte=0 < 1,0.0,0.0,21.0,54.95
2025-09-11,19.30873875370581,interp,6.0,8.0,202509,202509F3,19.32130974895197,interp,13.0,34.0,202509W4,202510,20.64382434303428,interp,13.0,34.0,202509W4,202510,8,5,5,1.0,25258.0,25250.0,0.1779567176973762,74.0,fsp,,2.0,21.0,21.0,55.45
2025-09-12,18.25080292161988,exact,7.0,7.0,202509F3,202509F3,18.312005209606767,exact,14.0,14.0,202509F4,202509F4,19.46720879047191,interp,14.0,33.0,202509F4,202510,8,6,5,5.0,25462.5,25450.0,0.1781833977166531,68.0,fsp,202509F2(d0):dte=0 < 1,0.0,0.0,19.0,56.0
2025-09-15,20.179238722353496,interp,4.0,9.0,202509F3,202509W4,20.14933401901332,interp,11.0,30.0,202509F4,202510,20.382422251151816,exact,30.0,30.0,202510,202510,8,5,5,2.0,25351.0,25350.0,0.2726549409788441,73.0,fsp,,5.0,19.0,0.0,56.0
2025-09-16,19.38132662175184,interp,3.0,8.0,202509F3,202509W4,19.962655582241663,interp,10.0,29.0,202509F4,202510,20.133604839810708,interp,29.0,64.0,202510,202511,8,5,5,1.0,25628.0,25600.0,0.2417496318488972,73.0,fsp,,5.0,19.0,35.0,56.75
2025-09-17,20.45731149089193,exact,7.0,7.0,202509W4,202509W4,19.131056509904298,exact,14.0,14.0,202510W1,202510W1,20.86694492744598,interp,28.0,63.0,202510,202511,8,6,5,2.0,25466.0,25450.0,0.2289669052324308,68.0,fsp,202509(d0):dte=0 < 1,0.0,0.0,35.0,56.35
2025-09-18,15.525090659828432,interp,6.0,8.0,202509W4,202509F4,16.71152951287563,interp,13.0,27.0,202510W1,202510,18.96825468039252,interp,27.0,62.0,202510,202511,9,5,5,1.0,25707.0,25700.0,0.2832373475140792,72.0,fsp,,2.0,14.0,35.0,56.95
2025-09-19,16.63508842844529,exact,7.0,7.0,202509F4,202509F4,17.266390548368467,exact,14.0,14.0,202510F1,202510F1,19.827370557040062,interp,26.0,61.0,202510,202511,9,6,5,5.0,25652.0,25650.0,0.1963008860854761,69.0,fsp,202509F3(d0):dte=0 < 1,0.0,0.0,35.0,57.0
2025-09-22,17.175280150167723,interp,4.0,9.0,202509F4,202510W1,18.39433078114641,interp,11.0,23.0,202510F1,202510,19.896033903348226,interp,23.0,58.0,202510,202511,9,5,5,2.0,25871.5,25850.0,0.2976586918021136,72.0,fsp,,5.0,12.0,35.0,57.4
2025-09-23,17.319098329164465,interp,3.0,8.0,202509F4,202510W1,18.8702502120688,interp,10.0,22.0,202510F1,202510,20.03466590313844,interp,22.0,57.0,202510,202511,9,5,5,1.0,26252.0,26250.0,0.3117753300869223,75.0,fsp,,5.0,12.0,35.0,58.45
2025-09-24,17.604401083781145,exact,7.0,7.0,202510W1,202510W1,18.52722034125656,exact,14.0,14.0,202510W2,202510W2,20.88101239286868,interp,21.0,56.0,202510,202511,9,6,5,2.0,26224.0,26200.0,0.2386182264995155,69.0,fsp,202509W4(d0):dte=0 < 1,0.0,0.0,35.0,58.4
2025-09-25,16.892559124366127,interp,6.0,8.0,202510W1,202510F1,17.96971650004487,interp,13.0,20.0,202510W2,202510,20.398738368011568,interp,20.0,55.0,202510,202511,9,5,5,1.0,26082.0,26050.0,0.2401376421712235,71.0,fsp,,2.0,7.0,35.0,58.2
2025-09-26,20.405710794477937,exact,7.0,7.0,202510F1,202510F1,19.209409617345027,interp,12.0,17.0,202510W2,202510F2,22.524616473130205,interp,19.0,54.0,202510,202511,9,6,5,5.0,25654.5,25650.0,0.1913891366258654,70.0,fsp,202509F4(d0):dte=0 < 1,0.0,5.0,35.0,57.25
2025-09-30,18.33188223413245,interp,3.0,8.0,202510F1,202510W2,19.78144013303958,interp,13.0,15.0,202510F2,202510,21.91038327429837,interp,15.0,50.0,202510,202511,9,5,5,1.0,25929.5,25900.0,0.274474937358725,78.0,fsp,,5.0,2.0,35.0,57.8
2025-10-01,19.29965717991105,exact,7.0,7.0,202510W2,202510W2,21.885991166827505,exact,14.0,14.0,202510,202510,22.64165232364758,interp,14.0,49.0,202510,202511,8,5,4,2.0,26023.5,26000.0,0.309352871754524,78.0,fsp,202510W1(d0):dte=0 < 1,0.0,0.0,35.0,58.1
2025-10-02,18.877357884934234,interp,6.0,11.0,202510W2,202510F2,21.462725098346382,interp,13.0,48.0,202510,202511,22.718545386941187,interp,13.0,48.0,202510,202511,8,4,4,1.0,26410.5,26400.0,0.3167567527323625,78.0,fsp,,5.0,35.0,35.0,59.2
2025-10-03,18.02066470543792,interp,5.0,10.0,202510W2,202510F2,22.34414697588393,exact,14.0,14.0,202510F3,202510F3,23.26097487133537,interp,14.0,47.0,202510F3,202511,8,5,4,5.0,26724.5,26700.0,0.230708245243129,71.0,fsp,202510F1(d0):dte=0 < 1,5.0,0.0,33.0,60.05
2025-10-07,20.146776520322867,interp,6.0,8.0,202510F2,202510,24.280884881449776,interp,10.0,43.0,202510F3,202511,24.00321229531901,interp,10.0,43.0,202510F3,202511,8,4,4,1.0,27295.0,27250.0,0.2005049824939402,79.0,fsp,,2.0,33.0,33.0,61.7
2025-10-08,20.10097360261045,exact,7.0,7.0,202510,202510,22.240834146406662,exact,14.0,14.0,202510W4,202510W4,23.442160828410536,interp,14.0,42.0,202510W4,202511,8,5,4,5.0,27091.5,27050.0,0.182961337785643,73.0,fsp,202510W2(d0):dte=0 < 1,0.0,0.0,28.0,61.15
2025-10-09,21.26090715331672,interp,6.0,8.0,202510,202510F3,21.984996199817104,interp,13.0,41.0,202510W4,202511,22.96706443006867,interp,13.0,41.0,202510W4,202511,8,4,4,4.0,27332.5,27300.0,0.1794923348951823,75.0,fsp,,2.0,28.0,28.0,61.6
2025-10-13,27.82673796399744,interp,4.0,9.0,202510F3,202510W4,24.37086839303708,exact,14.0,14.0,202510F4,202510F4,25.59240326244779,interp,14.0,37.0,202510F4,202511,8,6,5,2.0,26908.5,26900.0,0.1887998241640625,73.0,fsp,202510F2(d0):dte=0 < 1,5.0,0.0,23.0,61.0
2025-10-14,28.857918699131947,interp,3.0,8.0,202510F3,202510W4,26.101190986363083,interp,13.0,36.0,202510F4,202511,27.09111837293454,interp,13.0,36.0,202510F4,202511,8,5,5,1.0,26718.5,26700.0,0.2870625779825319,80.0,fsp,,5.0,23.0,23.0,60.7
2025-10-15,25.75600738546608,exact,7.0,7.0,202510W4,202510W4,24.628390094254133,exact,14.0,14.0,202510W5,202510W5,26.106065162623583,interp,14.0,35.0,202510W5,202511,8,6,5,2.0,27270.0,27250.0,0.2677813125957346,71.0,fsp,202510(d0):dte=0 < 1,0.0,0.0,21.0,61.8
2025-10-16,23.46126852159108,interp,6.0,11.0,202510W4,202510F4,23.995540211754843,interp,13.0,34.0,202510W5,202511,26.38883004675733,interp,13.0,34.0,202510W5,202511,9,5,5,1.0,27782.5,27750.0,0.2520820077765995,82.0,fsp,,5.0,21.0,21.0,63.0
2025-10-17,26.44260658663398,interp,5.0,10.0,202510W4,202510F4,28.1485438066739,exact,14.0,14.0,202510F5,202510F5,30.300328814439336,interp,14.0,33.0,202510F5,202511,9,6,5,5.0,27296.0,27250.0,0.2596451914098973,75.0,fsp,202510F3(d0):dte=0 < 1,5.0,0.0,19.0,62.05
2025-10-20,23.00747806943379,exact,7.0,7.0,202510F4,202510F4,26.0701615403254,interp,11.0,30.0,202510F5,202511,26.63866777113476,exact,30.0,30.0,202511,202511,9,5,5,2.0,27756.5,27750.0,0.3741093474426807,81.0,fsp,,0.0,19.0,0.0,63.1
2025-10-21,21.39302995145664,interp,6.0,8.0,202510F4,202510W5,24.86662875367308,interp,10.0,29.0,202510F5,202511,25.734081186034103,interp,29.0,57.0,202511,202512,9,5,5,1.0,27791.5,27750.0,0.3116666666666666,81.0,fsp,,2.0,19.0,28.0,63.2
2025-10-22,20.55842238780335,exact,7.0,7.0,202510W5,202510W5,23.402470367154528,exact,14.0,14.0,202511W1,202511W1,25.52722643982724,interp,28.0,56.0,202511,202512,9,6,5,5.0,27683.0,27650.0,0.2364834285038104,75.0,fsp,202510W4(d0):dte=0 < 1,0.0,0.0,28.0,62.7
2025-10-23,23.033378386773123,interp,6.0,8.0,202510W5,202510F5,23.82614307703185,interp,13.0,27.0,202511W1,202511,26.16520461696077,interp,27.0,55.0,202511,202512,9,5,5,4.0,27523.5,27500.0,0.3480254780221445,77.0,fsp,,2.0,14.0,28.0,62.35
2025-10-27,23.233786603435025,interp,4.0,9.0,202510F5,202511W1,23.892491216307192,interp,11.0,23.0,202511F1,202511,24.944133002266494,interp,23.0,51.0,202511,202512,9,6,5,2.0,28190.0,28150.0,0.2699812732543344,74.0,fsp,202510F4(d0):dte=0 < 1,5.0,12.0,28.0,63.8
2025-10-28,22.311866616453543,interp,3.0,8.0,202510F5,202511W1,24.22936462112009,interp,10.0,22.0,202511F1,202511,25.680056776844744,interp,22.0,50.0,202511,202512,9,5,5,1.0,27960.0,27950.0,0.2500255437224085,83.0,fsp,,5.0,12.0,28.0,63.35
2025-10-29,21.413694367010308,exact,7.0,7.0,202511W1,202511W1,22.29316402811787,exact,14.0,14.0,202511W2,202511W2,25.31761869045484,interp,21.0,49.0,202511,202512,9,6,5,2.0,28375.0,28350.0,0.2937022843265408,75.0,fsp,202510W5(d0):dte=0 < 1,0.0,0.0,28.0,64.4
2025-10-30,20.37298696766108,interp,6.0,8.0,202511W1,202511F1,22.52871361335547,interp,13.0,20.0,202511W2,202511,25.93225380006637,interp,20.0,48.0,202511,202512,9,5,5,1.0,28351.0,28350.0,0.290436151371063,82.0,fsp,,2.0,7.0,28.0,64.4
2025-10-31,19.257867752163808,exact,7.0,7.0,202511F1,202511F1,21.64028166019474,exact,14.0,14.0,202511F2,202511F2,25.175721796007444,interp,19.0,47.0,202511,202512,9,6,5,5.0,28395.0,28350.0,0.1755723570497205,76.0,fsp,202510F5(d0):dte=0 < 1,0.0,0.0,28.0,64.75
2025-11-03,19.88076357598008,interp,4.0,9.0,202511F1,202511W2,23.23873142657064,interp,11.0,16.0,202511F2,202511,25.56910097082853,interp,16.0,44.0,202511,202512,9,5,5,2.0,28308.0,28300.0,0.1931600286164486,76.0,fsp,,5.0,5.0,28.0,64.15
2025-11-04,21.24229346811426,interp,3.0,8.0,202511F1,202511W2,24.802214512601537,interp,10.0,15.0,202511F2,202511,26.132210374710525,interp,15.0,43.0,202511,202512,9,5,5,1.0,28077.5,28050.0,0.2127161899858987,77.0,fsp,,5.0,5.0,28.0,63.95
2025-11-05,24.677152662644254,exact,7.0,7.0,202511W2,202511W2,27.29645093286858,exact,14.0,14.0,202511,202511,28.560913541737587,interp,14.0,42.0,202511,202512,8,5,4,2.0,27778.5,27750.0,0.2964915982611765,79.0,fsp,202511W1(d0):dte=0 < 1,0.0,0.0,28.0,63.15
2025-11-06,21.45719793974236,interp,6.0,8.0,202511W2,202511F2,24.61891562292814,interp,13.0,41.0,202511,202512,26.622456694347505,interp,13.0,41.0,202511,202512,8,4,4,1.0,27979.0,27950.0,0.2985751240061585,87.0,fsp,,2.0,28.0,28.0,63.3
2025-11-07,24.73016612924418,exact,7.0,7.0,202511F2,202511F2,24.86718398512016,exact,14.0,14.0,202511F3,202511F3,27.79945808242597,interp,14.0,40.0,202511F3,202512,8,6,5,5.0,27705.5,27700.0,0.2848187516756246,73.0,fsp,202511F1(d0):dte=0 < 1,0.0,0.0,26.0,62.55
2025-11-10,23.4374512047266,interp,4.0,9.0,202511F2,202511,24.267897106334136,interp,11.0,37.0,202511F3,202512,25.4061865997428,interp,11.0,37.0,202511F3,202512,8,5,5,2.0,27975.0,27950.0,0.3999143110870141,79.0,fsp,,5.0,26.0,26.0,63.35
2025-11-11,23.724752939129026,interp,3.0,8.0,202511F2,202511,24.881107937928817,interp,10.0,36.0,202511F3,202512,26.07352392688443,interp,10.0,36.0,202511F3,202512,8,5,5,1.0,27743.5,27700.0,0.2882354023743365,79.0,fsp,,5.0,26.0,26.0,62.9
2025-11-12,20.091903978955973,exact,7.0,7.0,202511,202511,21.14142357668412,exact,14.0,14.0,202511W4,202511W4,24.99548713962892,interp,14.0,35.0,202511W4,202512,8,6,5,2.0,28023.0,28000.0,0.3924459437114284,73.0,fsp,202511W2(d0):dte=0 < 1,0.0,0.0,21.0,63.2
2025-11-13,20.58415054402018,interp,6.0,8.0,202511,202511F3,21.20993541842066,interp,13.0,34.0,202511W4,202512,24.531949671350432,interp,13.0,34.0,202511W4,202512,8,5,5,1.0,27958.5,27950.0,0.331295469649641,77.0,fsp,,2.0,21.0,21.0,62.9
2025-11-14,25.03682475292577,exact,7.0,7.0,202511F3,202511F3,23.56254167867292,exact,14.0,14.0,202511F4,202511F4,26.48986732501897,interp,14.0,33.0,202511F4,202512,8,6,5,5.0,27403.5,27400.0,0.342116165736159,73.0,fsp,202511F2(d0):dte=0 < 1,0.0,0.0,19.0,61.7
2025-11-17,24.59235654561809,interp,4.0,9.0,202511F3,202511W4,24.835217384186915,interp,11.0,30.0,202511F4,202512,26.109391045451645,exact,30.0,30.0,202512,202512,8,5,5,2.0,27477.0,27450.0,0.2544210656416081,83.0,fsp,,5.0,19.0,0.0,61.9
2025-11-18,28.70844106840556,interp,3.0,8.0,202511F3,202511W4,28.333896438249628,interp,10.0,29.0,202511F4,202512,28.92051372627027,interp,29.0,64.0,202512,202601,8,5,5,1.0,26810.0,26800.0,0.2609675538930166,83.0,fsp,,5.0,19.0,35.0,60.45
2025-11-19,28.51951382081319,exact,7.0,7.0,202511W4,202511W4,26.61696787634023,exact,14.0,14.0,202512W1,202512W1,28.084554165495472,interp,28.0,63.0,202512,202601,8,6,5,2.0,26627.0,26600.0,0.3233928980526918,72.0,fsp,202511(d0):dte=0 < 1,0.0,0.0,35.0,60.05
2025-11-20,21.08951430106793,interp,6.0,8.0,202511W4,202511F4,21.72135535737864,interp,13.0,27.0,202512W1,202512,24.17452825706104,interp,27.0,62.0,202512,202601,9,5,5,1.0,27473.5,27450.0,0.2588299319727891,75.0,fsp,,2.0,14.0,35.0,61.9
2025-11-21,30.34241106641816,exact,7.0,7.0,202511F4,202511F4,27.922749515748585,exact,14.0,14.0,202512F1,202512F1,30.36061492891044,interp,26.0,61.0,202512,202601,9,6,5,5.0,26503.0,26500.0,0.2641022441355122,73.0,fsp,202511F3(d0):dte=0 < 1,0.0,0.0,35.0,59.85
2025-11-24,26.890767652875613,interp,4.0,9.0,202511F4,202512W1,28.24806993749864,interp,11.0,23.0,202512F1,202512,28.151662339995003,interp,23.0,58.0,202512,202601,9,5,5,2.0,26615.0,26600.0,0.1862145058692373,92.0,fsp,,5.0,12.0,35.0,59.55
2025-11-25,23.712478138847903,interp,3.0,8.0,202511F4,202512W1,26.53210353841867,interp,10.0,22.0,202512F1,202512,26.837896740627087,interp,22.0,57.0,202512,202601,9,5,5,1.0,26932.5,26900.0,0.1598051675519706,92.0,fsp,,5.0,12.0,35.0,60.35
2025-11-26,20.73504138832187,exact,7.0,7.0,202512W1,202512W1,21.78005897679484,exact,14.0,14.0,202512W2,202512W2,24.736947110546968,interp,21.0,56.0,202512,202601,9,6,5,2.0,27336.5,27300.0,0.2326749076442171,72.0,fsp,202511W4(d0):dte=0 < 1,0.0,0.0,35.0,61.35
2025-11-27,18.9830607430214,interp,6.0,8.0,202512W1,202512F1,20.83364942877284,interp,13.0,20.0,202512W2,202512,23.785650323458032,interp,20.0,55.0,202512,202601,9,5,5,1.0,27559.5,27550.0,0.2674952279957582,82.0,fsp,,2.0,7.0,35.0,61.9
2025-11-28,19.802370527541456,exact,7.0,7.0,202512F1,202512F1,21.65816932896221,exact,14.0,14.0,202512F2,202512F2,23.83801281754402,interp,19.0,54.0,202512,202601,9,6,5,5.0,27711.5,27700.0,0.2094767441860465,75.0,fsp,202511F4(d0):dte=0 < 1,0.0,0.0,35.0,62.35
2025-12-01,22.72613776929408,interp,4.0,9.0,202512F1,202512W2,25.21628667174952,interp,11.0,16.0,202512F2,202512,25.144047559000505,interp,16.0,51.0,202512,202601,9,5,5,2.0,27391.5,27350.0,0.3387407712313132,76.0,fsp,,5.0,5.0,35.0,61.5
2025-12-02,20.847134646608723,interp,3.0,8.0,202512F1,202512W2,23.657565239069385,interp,10.0,15.0,202512F2,202512,24.27641309303466,interp,15.0,50.0,202512,202601,9,5,5,1.0,27533.5,27500.0,0.2093764544062303,79.0,fsp,,5.0,5.0,35.0,61.7
2025-12-03,19.08736583077708,exact,7.0,7.0,202512W2,202512W2,22.77123589895084,exact,14.0,14.0,202512,202512,23.678111545748425,interp,14.0,49.0,202512,202601,8,5,4,2.0,27763.0,27750.0,0.3443793069227455,79.0,fsp,202512W1(d0):dte=0 < 1,0.0,0.0,35.0,62.3
2025-12-04,18.238866819951145,interp,6.0,8.0,202512W2,202512F2,20.709260352972723,interp,13.0,48.0,202512,202601,22.453263414801565,interp,13.0,48.0,202512,202601,8,4,4,1.0,27803.5,27800.0,0.2795914513878866,82.0,fsp,,2.0,35.0,35.0,62.2
2025-12-05,17.861231249003914,exact,7.0,7.0,202512F2,202512F2,18.688906927347443,exact,14.0,14.0,202512F3,202512F3,20.99028532240312,interp,14.0,47.0,202512F3,202601,8,5,4,5.0,28004.5,28000.0,0.2898771031156854,73.0,fsp,202512F1(d0):dte=0 < 1,0.0,0.0,33.0,62.75
2025-12-08,19.13890604521793,interp,4.0,9.0,202512F2,202512,19.63679732701932,interp,11.0,44.0,202512F3,202601,20.620223830171074,interp,11.0,44.0,202512F3,202601,8,4,4,2.0,28269.5,28250.0,0.2516124176063237,77.0,col,,5.0,33.0,33.0,63.7
2025-12-09,19.151782542040785,interp,3.0,8.0,202512F2,202512,19.97617119776212,interp,10.0,43.0,202512F3,202601,20.639490626660447,interp,10.0,43.0,202512F3,202601,8,4,4,1.0,28222.5,28200.0,0.2811612730198462,85.0,col,,5.0,33.0,33.0,63.6
2025-12-10,18.4854549818103,exact,7.0,7.0,202512,202512,18.47388126110023,exact,14.0,14.0,202512W4,202512W4,19.931072585829764,interp,14.0,42.0,202512W4,202601,8,5,4,2.0,28363.5,28350.0,0.6954358596742168,76.0,col,202512W2(d0):dte=0 < 1,0.0,0.0,28.0,64.05
2025-12-11,19.10988281311899,interp,6.0,8.0,202512,202512F3,19.102599543199016,interp,13.0,41.0,202512W4,202601,20.60987840805556,interp,13.0,41.0,202512W4,202601,8,4,4,1.0,28086.5,28050.0,0.6852288162651254,81.0,col,,2.0,28.0,28.0,63.35
2025-12-12,16.9451951581343,exact,7.0,7.0,202512F3,202512F3,16.371238995963104,exact,14.0,14.0,202512F4,202512F4,19.309658529114863,interp,14.0,40.0,202512F4,202601,8,6,5,5.0,28286.5,28250.0,0.276961593801362,75.0,col,202512F2(d0):dte=0 < 1,0.0,0.0,26.0,63.45
2025-12-15,19.966131133465986,interp,4.0,9.0,202512F3,202512W4,19.39742680201893,interp,11.0,37.0,202512F4,202601,21.12140381992209,interp,11.0,37.0,202512F4,202601,8,5,5,2.0,27907.5,27900.0,0.725648911340186,78.0,col,,5.0,26.0,26.0,62.8
2025-12-16,20.22453362646422,interp,3.0,8.0,202512F3,202512W4,19.97801414155836,interp,10.0,36.0,202512F4,202601,21.24014410804628,interp,10.0,36.0,202512F4,202601,8,5,5,1.0,27625.5,27600.0,0.6876798912528981,82.0,col,,5.0,26.0,26.0,62.25
2025-12-17,19.716267477560937,exact,7.0,7.0,202512W4,202512W4,18.38204310661067,exact,14.0,14.0,202512W5,202512W5,20.88977934547541,interp,14.0,35.0,202512W5,202601,8,6,5,2.0,27634.0,27600.0,0.7908336432529982,74.0,col,202512(d0):dte=0 < 1,0.0,0.0,21.0,61.9
2025-12-18,19.8643232607131,interp,6.0,8.0,202512W4,202512F4,19.261628164985908,interp,13.0,34.0,202512W5,202601,21.6535253891397,interp,13.0,34.0,202512W5,202601,9,5,5,1.0,27517.0,27500.0,0.7676820854240209,74.0,col,,2.0,21.0,21.0,61.9
2025-12-19,16.197004353705395,exact,7.0,7.0,202512F4,202512F4,17.012635305336044,exact,14.0,14.0,202601F1,202601F1,20.46264839147191,interp,14.0,33.0,202601F1,202601,9,6,5,5.0,27807.0,27800.0,0.2618560427324472,74.0,col,202512F3(d0):dte=0 < 1,0.0,0.0,19.0,62.5
2025-12-22,13.798936670295625,interp,4.0,9.0,202512F4,202512W5,15.982316256655688,interp,11.0,30.0,202601F1,202601,18.47385099049751,exact,30.0,30.0,202601,202601,9,5,5,2.0,28210.0,28200.0,0.409981028215549,78.0,col,,5.0,19.0,0.0,63.4
2025-12-23,11.758330044630588,interp,3.0,8.0,202512F4,202512W5,15.058046997377147,interp,10.0,29.0,202601F1,202601,17.299633292875143,interp,29.0,62.0,202601,202602,9,5,5,1.0,28298.5,28250.0,0.6582755458741593,88.0,col,,5.0,19.0,33.0,63.7
2025-12-24,12.205118282250126,exact,7.0,7.0,202512W5,202512W5,13.688857691641244,exact,14.0,14.0,202601W1,202601W1,16.967723510136082,interp,28.0,61.0,202601,202602,9,6,5,2.0,28376.5,28350.0,0.7524907586692484,76.0,col,202512W4(d0):dte=0 < 1,0.0,0.0,33.0,63.85
2025-12-26,11.878141984415242,exact,7.0,7.0,202601F1,202601F1,13.618385346817306,exact,14.0,14.0,202601F2,202601F2,16.462496767089107,interp,26.0,59.0,202601,202602,9,6,5,5.0,28579.0,28550.0,0.778204958595451,76.0,col,202512F4(d0):dte=0 < 1,0.0,0.0,33.0,64.4
2025-12-29,13.916418930994409,interp,4.0,9.0,202601F1,202601W1,15.5393727002542,interp,11.0,23.0,202601F2,202601,17.31627735307704,interp,23.0,56.0,202601,202602,9,5,5,2.0,28810.0,28800.0,0.7261976821533975,80.0,col,,5.0,12.0,33.0,65.25
2025-12-30,14.365650930571809,interp,3.0,8.0,202601F1,202601W1,16.42863352717301,interp,10.0,22.0,202601F2,202601,17.89784767172312,interp,22.0,55.0,202601,202602,9,5,5,1.0,28767.0,28750.0,0.298929621774035,85.0,col,,5.0,12.0,33.0,65.15
2025-12-31,14.817971328245283,exact,7.0,7.0,202601W1,202601W1,16.02787305731215,exact,14.0,14.0,202601W2,202601W2,18.1694112991217,interp,21.0,54.0,202601,202602,9,6,5,2.0,28939.5,28900.0,0.3117915212713089,77.0,col,202512W5(d0):dte=0 < 1,0.0,0.0,33.0,65.6
2026-01-02,16.24039000602114,exact,7.0,7.0,202601F2,202601F2,18.318013509456247,exact,14.0,14.0,202601F3,202601F3,19.016533792071,interp,19.0,52.0,202601,202602,9,6,5,5.0,29387.0,29350.0,0.8776244242056792,77.0,col,202601F1(d0):dte=0 < 1,0.0,0.0,33.0,66.95
2026-01-05,21.277599328137413,interp,4.0,9.0,202601F2,202601W2,22.75232826015737,interp,11.0,16.0,202601F3,202601,21.772028423423663,interp,16.0,49.0,202601,202602,9,5,5,2.0,30179.0,30150.0,0.8390253132479646,85.0,col,,5.0,5.0,33.0,69.5
2026-01-06,20.356990361255782,interp,3.0,8.0,202601F2,202601W2,22.425433866888174,interp,10.0,15.0,202601F3,202601,21.711225191645845,interp,15.0,48.0,202601,202602,9,5,5,1.0,30481.0,30450.0,0.2150697461645462,102.0,col,,5.0,5.0,33.0,70.4
2026-01-07,20.12601748571596,exact,7.0,7.0,202601W2,202601W2,22.612802128510808,exact,14.0,14.0,202601,202601,21.879282829648105,interp,14.0,47.0,202601,202602,8,5,4,2.0,30431.5,30400.0,0.198369091226234,112.0,col,202601W1(d0):dte=0 < 1,0.0,0.0,33.0,69.85
2026-01-08,20.94834324255745,interp,6.0,8.0,202601W2,202601F3,21.962851666066385,interp,13.0,46.0,202601,202602,21.29164604387929,interp,13.0,46.0,202601,202602,8,4,4,1.0,30370.0,30350.0,0.2672201876782209,112.0,col,,2.0,33.0,33.0,70.1
2026-01-09,22.842639599738693,exact,7.0,7.0,202601F3,202601F3,21.557745251476984,exact,14.0,14.0,202601F4,202601F4,21.552932194057064,interp,14.0,45.0,202601F4,202602,8,5,4,5.0,30376.5,30350.0,0.1837049755799756,81.0,col,202601F2(d0):dte=0 < 1,0.0,0.0,31.0,69.85
2026-01-12,24.012083037000178,interp,4.0,9.0,202601F3,202601,23.028512939227248,interp,11.0,42.0,202601F4,202602,22.629301006213307,interp,11.0,42.0,202601F4,202602,8,4,4,2.0,30632.5,30600.0,0.338492919681944,82.0,col,,5.0,31.0,31.0,70.35
2026-01-13,24.17314055182532,interp,3.0,8.0,202601F3,202601,23.562880791108444,interp,10.0,41.0,202601F4,202602,23.23039130576652,interp,10.0,41.0,202601F4,202602,8,4,4,1.0,30808.5,30800.0,0.2570184676434676,87.0,col,,5.0,31.0,31.0,70.7
2026-01-14,23.654941738805487,exact,7.0,7.0,202601,202601,22.09573351833936,exact,14.0,14.0,202601W4,202601W4,22.57116061968232,interp,14.0,40.0,202601W4,202602,8,6,5,2.0,30933.5,30900.0,0.1738899669803489,81.0,col,202601W2(d0):dte=0 < 1,0.0,0.0,26.0,70.75
2026-01-15,23.618222507299283,interp,6.0,8.0,202601,202601F4,22.08740669445074,interp,13.0,39.0,202601W4,202602,22.58376912842146,interp,13.0,39.0,202601W4,202602,8,5,5,1.0,30994.0,30950.0,0.1384635366241881,87.0,col,,2.0,26.0,26.0,70.65
2026-01-16,20.22680725284351,exact,7.0,7.0,202601F4,202601F4,21.10618161825108,exact,14.0,14.0,202601F5,202601F5,21.904713984532744,interp,14.0,38.0,202601F5,202602,8,6,5,5.0,31476.5,31450.0,0.1203407673685725,81.0,col,202601F3(d0):dte=0 < 1,0.0,0.0,24.0,72.0
2026-01-19,21.572340111302,interp,4.0,9.0,202601F4,202601W4,22.44913883574269,interp,11.0,35.0,202601F5,202602,22.2732754437742,interp,11.0,35.0,202601F5,202602,8,5,5,2.0,31672.5,31650.0,0.1463314259179377,95.0,col,,5.0,24.0,24.0,72.6
2026-01-20,21.370228052385723,interp,3.0,8.0,202601F4,202601W4,22.312909974346773,interp,10.0,34.0,202601F5,202602,21.94572359951864,interp,10.0,34.0,202601F5,202602,8,5,5,1.0,31669.0,31650.0,0.1936898588641301,100.0,col,,5.0,24.0,24.0,72.6
2026-01-21,24.35578742108342,exact,7.0,7.0,202601W4,202601W4,23.130340139834484,exact,14.0,14.0,202602W1,202602W1,22.956994336143648,interp,14.0,33.0,202602W1,202602,8,6,5,2.0,31372.0,31350.0,0.1933996395761101,85.0,col,202601(d0):dte=0 < 1,0.0,0.0,19.0,71.85
2026-01-22,20.40200501990611,interp,6.0,8.0,202601W4,202601F5,20.83691237421233,interp,13.0,32.0,202602W1,202602,21.12458596784874,interp,13.0,32.0,202602W1,202602,9,5,5,1.0,31724.0,31700.0,0.1967354037285201,94.0,col,,2.0,19.0,19.0,71.8
2026-01-23,20.01082819680949,exact,7.0,7.0,202601F5,202601F5,20.31225510492986,exact,14.0,14.0,202602F1,202602F1,20.47887735579156,interp,14.0,31.0,202602F1,202602,9,6,5,5.0,32041.0,32000.0,0.1800597921061,85.0,col,202601F4(d0):dte=0 < 1,0.0,0.0,17.0,72.25
2026-01-26,20.84367592681281,interp,4.0,9.0,202601F5,202602W1,20.879552884709764,interp,11.0,28.0,202602F1,202602,21.224995169483783,interp,28.0,51.0,202602,202603,9,5,5,2.0,32063.0,32050.0,0.1719390154023818,89.0,col,,5.0,17.0,23.0,72.25
2026-01-27,20.11532821706224,interp,3.0,8.0,202601F5,202602W1,20.78372695255217,interp,10.0,27.0,202602F1,202602,21.82476470779472,interp,27.0,50.0,202602,202603,9,5,5,1.0,32409.5,32400.0,0.2253719177828766,91.0,col,,5.0,17.0,23.0,73.05
2026-01-28,19.80568228442057,exact,7.0,7.0,202602W1,202602W1,20.881029412128253,exact,14.0,14.0,202602W2,202602W2,23.32871917971228,interp,26.0,49.0,202602,202603,9,6,5,2.0,32850.5,32850.0,0.18043578465361,87.0,col,202601W4(d0):dte=0 < 1,0.0,0.0,23.0,74.2
2026-01-29,20.62736061636744,interp,6.0,8.0,202602W1,202602F1,21.453196041754115,interp,13.0,25.0,202602W2,202602,23.84346489564537,interp,25.0,48.0,202602,202603,9,5,5,1.0,32705.5,32700.0,0.1408565072302558,97.0,col,,2.0,12.0,23.0,73.75
2026-01-30,23.15461252234132,exact,7.0,7.0,202602F1,202602F1,23.36232254742267,interp,12.0,24.0,202602W2,202602,25.61696535588984,interp,24.0,47.0,202602,202603,8,5,4,5.0,32166.0,32150.0,0.2275878734344323,97.0,col,202601F5(d0):dte=0 < 1,0.0,12.0,23.0,72.6
2026-02-02,27.634552537171743,interp,4.0,9.0,202602F1,202602W2,27.046124933670963,interp,9.0,21.0,202602W2,202602,28.31864384944746,interp,21.0,44.0,202602,202603,8,4,4,2.0,31534.5,31500.0,0.3707219746851755,101.0,col,,5.0,12.0,23.0,71.5
2026-02-03,23.369535082856967,interp,3.0,8.0,202602F1,202602W2,23.636795970781264,interp,8.0,20.0,202602W2,202602,25.701099423936142,interp,20.0,43.0,202602,202603,8,4,4,1.0,32163.0,32150.0,0.2245832525436009,109.0,col,,5.0,12.0,23.0,72.95
2026-02-04,24.17839216333911,exact,7.0,7.0,202602W2,202602W2,24.85303639051129,interp,7.0,19.0,202602W2,202602,27.552716824647334,interp,19.0,42.0,202602,202603,7,4,3,2.0,32337.5,32300.0,0.3177806902577545,109.0,col,202602W1(d0):dte=0 < 1,0.0,12.0,23.0,72.9
2026-02-05,26.295699030241448,interp,6.0,18.0,202602W2,202602,26.555966079617527,interp,6.0,18.0,202602W2,202602,28.86085262564108,interp,18.0,41.0,202602,202603,7,3,3,1.0,31873.0,31850.0,0.2898248540450375,109.0,col,,12.0,12.0,23.0,72.0
2026-02-06,27.18890229161047,interp,5.0,17.0,202602W2,202602,27.029458851151745,interp,5.0,17.0,202602W2,202602,29.972248302445088,interp,17.0,40.0,202602,202603,6,4,3,5.0,31779.5,31750.0,0.2958263503746321,109.0,col,202602F1(d0):dte=0 < 1,12.0,12.0,23.0,71.9
2026-02-09,23.398470972577044,interp,2.0,14.0,202602W2,202602,23.60288462243324,exact,14.0,14.0,202602,202602,28.559873392952863,interp,14.0,37.0,202602,202603,6,3,3,2.0,32594.0,32550.0,0.4010317501454183,109.0,col,,12.0,0.0,23.0,73.95
2026-02-10,21.82183573587896,interp,1.0,13.0,202602W2,202602,22.670773861427573,interp,13.0,36.0,202602,202603,27.52132440074902,interp,13.0,36.0,202602,202603,6,3,3,1.0,33161.0,33150.0,0.2451196767040861,109.0,col,,12.0,23.0,23.0,75.5
2026-02-11,,no_bracket,,,,,25.460674978939213,exact,14.0,14.0,202602W4,202602W4,28.740645489283903,interp,14.0,35.0,202602W4,202603,6,4,3,12.0,33682.5,33650.0,0.2516755689530558,88.0,col,202602W2(d0):dte=0 < 1,,0.0,21.0,77.2
2026-02-23,24.366659083032697,exact,7.0,7.0,202602F4,202602F4,26.42821189447288,interp,11.0,23.0,202603F1,202603,27.17128486450123,interp,23.0,51.0,202603,202604,8,6,5,2.0,33865.0,33850.0,0.3248746984158365,89.0,col,202602(d0):dte=0 < 1,0.0,12.0,28.0,77.4
2026-02-24,25.15269220979536,interp,6.0,8.0,202602F4,202603W1,26.20318403123598,interp,10.0,22.0,202603F1,202603,26.20370781796265,interp,22.0,50.0,202603,202604,9,5,5,1.0,34716.5,34700.0,0.310759906977364,93.0,col,,2.0,12.0,28.0,79.4
2026-02-25,28.09577774894761,exact,7.0,7.0,202603W1,202603W1,28.17574845291774,exact,14.0,14.0,202603W2,202603W2,29.11471166257564,interp,21.0,49.0,202603,202604,9,6,5,5.0,35375.5,35350.0,0.2480969407476945,91.0,col,202602W4(d0):dte=0 < 1,0.0,0.0,28.0,81.1
2026-02-26,22.96137250196656,interp,6.0,8.0,202603W1,202603F1,24.21222630203307,interp,13.0,20.0,202603W2,202603,26.82137433457925,interp,20.0,48.0,202603,202604,9,5,5,4.0,35465.5,35450.0,0.2514540018736737,107.0,col,,2.0,7.0,28.0,81.15
2026-03-02,30.109430796285903,interp,4.0,9.0,202603F1,202603W2,31.19924525102038,interp,11.0,16.0,202603F2,202603,30.39273402454296,interp,16.0,44.0,202603,202604,9,6,5,2.0,35124.5,35100.0,0.1780967114768161,94.0,col,202602F4(d0):dte=0 < 1,5.0,5.0,28.0,80.35
2026-03-03,32.071903131454114,interp,3.0,8.0,202603F1,202603W2,33.846087367057414,interp,10.0,15.0,202603F2,202603,32.27292815683799,interp,15.0,43.0,202603,202604,9,5,5,1.0,34262.0,34250.0,0.1541261033229491,101.0,col,,5.0,5.0,28.0,78.75
2026-03-04,42.36806720629306,exact,7.0,7.0,202603W2,202603W2,45.83193305723327,exact,14.0,14.0,202603,202603,39.14828264379771,interp,14.0,42.0,202603,202604,8,5,4,2.0,32858.5,32850.0,0.1762645404271548,115.0,col,202603W1(d0):dte=0 < 1,0.0,0.0,28.0,75.6
2026-03-05,36.07373742538755,interp,6.0,8.0,202603W2,202603F2,36.8308355064586,interp,13.0,41.0,202603,202604,33.90626949901034,interp,13.0,41.0,202603,202604,8,4,4,1.0,33669.5,33650.0,0.1839981006647673,143.0,col,,2.0,28.0,28.0,77.4
2026-03-06,36.17681208685571,exact,7.0,7.0,202603F2,202603F2,33.71639071708846,exact,14.0,14.0,202603F3,202603F3,33.50315028700785,interp,14.0,40.0,202603F3,202604,8,6,5,5.0,33637.0,33600.0,0.2109060692394025,89.0,col,202603F1(d0):dte=0 < 1,0.0,0.0,26.0,76.85
2026-03-09,54.027622239815344,interp,4.0,9.0,202603F2,202603,41.49604388471278,interp,11.0,37.0,202603F3,202604,40.45544450552273,interp,11.0,37.0,202603F3,202604,8,5,5,2.0,31928.0,31900.0,0.1976247517914184,91.0,col,,5.0,26.0,26.0,73.6
2026-03-10,42.35834268019309,interp,3.0,8.0,202603F2,202603,38.74851341784825,interp,10.0,36.0,202603F3,202604,36.80374330223675,interp,10.0,36.0,202603F3,202604,8,5,5,1.0,32754.5,32750.0,0.1046892427459306,120.0,col,,5.0,26.0,26.0,75.2
2026-03-11,36.79650639602033,exact,7.0,7.0,202603,202603,33.95077174334762,exact,14.0,14.0,202603W4,202603W4,34.90986151365747,interp,14.0,35.0,202603W4,202604,8,6,5,2.0,33989.5,33950.0,0.204569047159493,88.0,col,202603W2(d0):dte=0 < 1,0.0,0.0,21.0,78.2
2026-03-12,39.410753850619926,interp,6.0,8.0,202603,202603F3,36.64750972186096,interp,13.0,34.0,202603W4,202604,36.71627364947714,interp,13.0,34.0,202603W4,202604,8,5,5,1.0,33605.0,33600.0,0.2455592389037299,116.0,col,,2.0,21.0,21.0,76.6
2026-03-13,39.8966089429816,exact,7.0,7.0,202603F3,202603F3,36.30624963429947,exact,14.0,14.0,202603F4,202603F4,38.36497469516614,interp,14.0,33.0,202603F4,202604,8,6,5,5.0,33292.5,33250.0,0.1294967477501559,89.0,col,202603F2(d0):dte=0 < 1,0.0,0.0,19.0,75.95
2026-03-16,38.50071140550882,interp,4.0,9.0,202603F3,202603W4,37.1754551427329,interp,11.0,30.0,202603F4,202604,37.0407902287651,exact,30.0,30.0,202604,202604,8,5,5,2.0,33256.0,33250.0,0.1204596453711129,93.0,col,,5.0,19.0,0.0,75.6
2026-03-17,34.11313784206364,interp,3.0,8.0,202603F3,202603W4,34.59473054853314,interp,10.0,29.0,202603F4,202604,34.95696939154907,interp,29.0,64.0,202604,202605,8,5,5,1.0,33802.0,33800.0,0.1431204045264189,94.0,col,,5.0,19.0,35.0,76.65
2026-03-18,31.071355295099767,exact,7.0,7.0,202603W4,202603W4,30.14548759735268,exact,14.0,14.0,202604W1,202604W1,31.485078432874765,interp,28.0,63.0,202604,202605,8,6,5,2.0,34431.0,34400.0,0.1486753541833734,91.0,col,202603(d0):dte=0 < 1,0.0,0.0,35.0,77.8
2026-03-19,35.421849141665504,interp,6.0,8.0,202603W4,202603F4,33.94041880182001,interp,13.0,27.0,202604W1,202604,35.36483488794498,interp,27.0,62.0,202604,202605,9,5,5,1.0,33524.0,33500.0,0.242646528899837,101.0,col,,2.0,14.0,35.0,76.0
2026-03-20,35.092962994364974,exact,7.0,7.0,202603F4,202603F4,32.23062852682953,interp,12.0,18.0,202604W1,202604F1,34.60035429231591,interp,26.0,61.0,202604,202605,9,6,5,5.0,33559.0,33550.0,0.1683516988062442,89.0,col,202603F3(d0):dte=0 < 1,0.0,6.0,35.0,75.9
2026-03-23,42.99459250907157,interp,4.0,9.0,202603F4,202604W1,37.18480049831964,interp,9.0,15.0,202604W1,202604F1,39.14038627809565,interp,23.0,58.0,202604,202605,9,5,5,2.0,32588.5,32550.0,0.2253204697508148,93.0,col,,5.0,6.0,35.0,74.25
2026-03-24,44.41674477731648,interp,3.0,8.0,202603F4,202604W1,38.0869396554923,exact,14.0,14.0,202604F1,202604F1,38.48268487564816,interp,22.0,57.0,202604,202605,9,5,5,1.0,32780.0,32750.0,0.3397237401335762,108.0,col,,5.0,0.0,35.0,74.4
2026-03-25,40.53344182570523,exact,7.0,7.0,202604W1,202604W1,36.26814039589633,exact,14.0,14.0,202604W2,202604W2,36.316281903872,interp,21.0,56.0,202604,202605,9,6,5,2.0,33598.5,33550.0,0.2625212357164526,87.0,col,202603W4(d0):dte=0 < 1,0.0,0.0,35.0,76.2
2026-03-26,38.172767521726456,interp,6.0,12.0,202604W1,202604F1,36.92590839527804,interp,13.0,20.0,202604W2,202604,36.83617476362778,interp,20.0,55.0,202604,202605,9,5,5,1.0,33365.5,33350.0,0.169758064516129,104.0,col,,6.0,7.0,35.0,75.8
2026-03-27,34.253134973273035,interp,5.0,11.0,202604W1,202604F1,35.17622327743942,exact,14.0,14.0,202604F2,202604F2,36.18928460299741,interp,19.0,54.0,202604,202605,9,6,5,5.0,33103.5,33100.0,0.2182834548963581,88.0,col,202603F4(d0):dte=0 < 1,6.0,0.0,35.0,75.0
2026-03-30,37.72895321377353,interp,2.0,8.0,202604W1,202604F1,40.55402981240786,interp,11.0,16.0,202604F2,202604,37.33276739652824,interp,16.0,51.0,202604,202605,9,5,5,2.0,32478.0,32450.0,0.2861133097072789,92.0,col,,6.0,5.0,35.0,73.9
2026-03-31,35.42757198238331,exact,7.0,7.0,202604F1,202604F1,41.26829818574282,interp,10.0,15.0,202604F2,202604,36.74811136381623,interp,15.0,50.0,202604,202605,9,5,5,1.0,31944.0,31900.0,0.1582397424378556,104.0,col,,0.0,5.0,35.0,72.35
2026-04-01,35.38959837413723,exact,7.0,7.0,202604W2,202604W2,37.85892651462984,exact,14.0,14.0,202604,202604,34.824373881480646,interp,14.0,49.0,202604,202605,8,5,4,6.0,33275.5,33250.0,0.379179458168488,118.0,col,202604W1(d0):dte=0 < 1,0.0,0.0,35.0,75.45
2026-04-02,38.29680077301323,interp,6.0,8.0,202604W2,202604F2,40.29606205991755,interp,13.0,48.0,202604,202605,36.462583423343446,interp,13.0,48.0,202604,202605,8,4,4,5.0,32478.0,32450.0,0.2533934768282987,118.0,col,,2.0,35.0,35.0,73.95
2026-04-07,38.076820277963925,interp,3.0,8.0,202604F2,202604,35.080232663555684,interp,10.0,43.0,202604F3,202605,33.515533224344864,interp,10.0,43.0,202604F3,202605,8,5,4,1.0,33100.5,33100.0,0.1958832961311171,86.0,col,202604F1(d0):dte=0 < 1,5.0,33.0,33.0,75.3
2026-04-08,34.04554605342982,exact,7.0,7.0,202604,202604,30.965943554160003,exact,14.0,14.0,202604W4,202604W4,30.39718537251821,interp,14.0,42.0,202604W4,202605,8,5,4,2.0,34866.0,34800.0,0.3321053781963609,88.0,col,202604W2(d0):dte=0 < 1,0.0,0.0,28.0,79.2
2026-04-09,31.47989398750606,interp,6.0,8.0,202604,202604F3,30.071004026348884,interp,13.0,41.0,202604W4,202605,29.518606119086847,interp,13.0,41.0,202604W4,202605,8,4,4,1.0,34824.5,34800.0,0.1365375357349259,121.0,col,,2.0,28.0,28.0,79.15
2026-04-10,27.74089310849316,exact,7.0,7.0,202604F3,202604F3,26.510262856760946,exact,14.0,14.0,202604F4,202604F4,27.2065734373455,interp,14.0,40.0,202604F4,202605,8,6,5,5.0,35586.0,35550.0,0.1277106723448187,93.0,col,202604F2(d0):dte=0 < 1,0.0,0.0,26.0,80.75
2026-04-13,30.80526919355968,interp,4.0,9.0,202604F3,202604W4,29.935769714147348,interp,11.0,37.0,202604F4,202605,29.47697841236095,interp,11.0,37.0,202604F4,202605,8,5,5,2.0,35456.5,35450.0,0.1323166480522557,105.0,col,,5.0,26.0,26.0,80.6
2026-04-14,26.427911889454485,interp,3.0,8.0,202604F3,202604W4,27.26731932761989,interp,10.0,36.0,202604F4,202605,27.65747436362169,interp,10.0,36.0,202604F4,202605,8,5,5,1.0,36374.0,36350.0,0.1337181060403185,106.0,col,,5.0,26.0,26.0,83.1
2026-04-15,27.36120546018696,exact,7.0,7.0,202604W4,202604W4,20.98045752094848,exact,14.0,14.0,202604W5,202604W5,27.412097788805152,interp,14.0,35.0,202604W5,202605,8,6,5,2.0,36790.0,36750.0,0.1271077013906476,97.0,col,202604(d0):dte=0 < 1,0.0,0.0,21.0,84.15
2026-04-16,28.54239540823748,interp,6.0,8.0,202604W4,202604F4,27.954641077356342,interp,13.0,34.0,202604W5,202605,28.926014341419915,interp,13.0,34.0,202604W5,202605,9,5,5,1.0,37445.0,37400.0,0.1557059194804838,105.0,col,,2.0,21.0,21.0,85.0
2026-04-17,26.00384890099367,exact,7.0,7.0,202604F4,202604F4,25.498469974765783,interp,12.0,17.0,202604W5,202605F1,28.22707868934521,interp,17.0,33.0,202605F1,202605,9,6,5,5.0,36874.5,36850.0,0.2729976981460744,98.0,col,202604F3(d0):dte=0 < 1,0.0,5.0,16.0,84.15
2026-04-20,28.46441870928745,interp,4.0,9.0,202604F4,202604W5,26.7780490755492,exact,14.0,14.0,202605F1,202605F1,29.75029754717678,exact,30.0,30.0,202605,202605,9,5,5,2.0,36976.0,36950.0,0.156404382136465,104.0,col,,5.0,0.0,0.0,84.55
2026-04-21,27.88578937230284,interp,3.0,8.0,202604F4,202604W5,27.46699385858097,interp,13.0,29.0,202605F1,202605,29.61143574280312,interp,29.0,57.0,202605,202606,9,5,5,1.0,37723.5,37700.0,0.1651870435773011,104.0,col,,5.0,16.0,28.0,86.0
2026-04-22,26.854183322088023,exact,7.0,7.0,202604W5,202604W5,27.07146047843338,exact,14.0,14.0,202605W1,202605W1,29.55366221755277,interp,28.0,56.0,202605,202606,9,6,5,2.0,37939.0,37900.0,0.1896527980078503,99.0,col,202604W4(d0):dte=0 < 1,0.0,0.0,28.0,86.35
2026-04-23,30.542883870164744,interp,6.0,11.0,202604W5,202605F1,30.53109192979579,interp,13.0,27.0,202605W1,202605,32.26119582008957,interp,27.0,55.0,202605,202606,9,5,5,1.0,37714.0,37700.0,0.2262947668043209,105.0,col,,5.0,14.0,28.0,86.35
2026-04-24,31.56773965717777,interp,5.0,10.0,202604W5,202605F1,32.516052496084654,exact,14.0,14.0,202605F2,202605F2,34.48461138727831,interp,26.0,54.0,202605,202606,9,6,5,5.0,39057.5,39000.0,0.3494610944610944,99.0,col,202604F4(d0):dte=0 < 1,5.0,0.0,28.0,89.95
2026-04-27,34.31326746017295,exact,7.0,7.0,202605F1,202605F1,36.53057102357886,interp,11.0,23.0,202605F2,202605,36.53100883295169,interp,23.0,51.0,202605,202606,9,5,5,2.0,39658.0,39650.0,0.1601711115681703,126.0,col,,0.0,12.0,28.0,93.0
2026-04-28,32.79955079429924,interp,6.0,8.0,202605F1,202605W1,34.68218236689594,interp,10.0,22.0,202605F2,202605,35.85790795168825,interp,22.0,50.0,202605,202606,9,5,5,1.0,39535.0,39500.0,0.1878573144549304,140.0,col,,2.0,12.0,28.0,92.0
2026-04-29,31.79726133113414,exact,7.0,7.0,202605W1,202605W1,32.24162701400214,exact,14.0,14.0,202605W2,202605W2,35.929663391873184,interp,21.0,49.0,202605,202606,9,6,5,5.0,39387.5,39350.0,0.1195515288051205,105.0,col,202604W5(d0):dte=0 < 1,0.0,0.0,28.0,90.75
2026-04-30,31.10886897322794,interp,6.0,8.0,202605W1,202605F2,31.67843490855408,interp,13.0,20.0,202605W2,202605,35.203154731035404,interp,20.0,48.0,202605,202606,9,5,5,4.0,39200.0,39200.0,0.1427236245771143,109.0,col,,2.0,7.0,28.0,90.5
2026-05-04,33.68360596692149,interp,4.0,9.0,202605F2,202605W2,34.49552129415664,interp,11.0,16.0,202605F3,202605,35.54720903333985,interp,16.0,44.0,202605,202606,9,6,5,2.0,40791.0,40750.0,0.1566164935509973,103.0,col,202605F1(d0):dte=0 < 1,5.0,5.0,28.0,94.6
2026-05-05,33.530155668526334,interp,3.0,8.0,202605F2,202605W2,35.60749820225966,interp,10.0,15.0,202605F3,202605,36.688044340572,interp,15.0,43.0,202605,202606,9,5,5,1.0,40807.5,40800.0,0.1423274433346771,140.0,col,,5.0,5.0,28.0,94.6
2026-05-06,34.65605068192218,exact,7.0,7.0,202605W2,202605W2,37.34001671861487,exact,14.0,14.0,202605,202605,38.18351128311313,interp,14.0,42.0,202605,202606,8,5,4,2.0,41319.5,41300.0,0.1962462088163197,142.0,col,202605W1(d0):dte=0 < 1,0.0,0.0,28.0,95.75
2026-05-07,33.15852821265306,interp,6.0,8.0,202605W2,202605F3,36.697281121684725,interp,13.0,41.0,202605,202606,37.91521650592103,interp,13.0,41.0,202605,202606,8,4,4,1.0,42058.5,42050.0,0.1618732833189849,150.0,col,,2.0,28.0,28.0,97.7
2026-05-08,32.15294787531007,exact,7.0,7.0,202605F3,202605F3,32.63674885988504,exact,14.0,14.0,202605F4,202605F4,37.22175262892332,interp,14.0,40.0,202605F4,202606,8,6,5,5.0,41751.0,41750.0,0.119690223683442,111.0,col,202605F2(d0):dte=0 < 1,0.0,0.0,26.0,97.0
2026-05-11,31.39216901970529,interp,4.0,9.0,202605F3,202605,32.881595807537565,interp,11.0,37.0,202605F4,202606,35.370164265232646,interp,11.0,37.0,202605F4,202606,8,5,5,2.0,41759.5,41750.0,0.1732068234773667,117.0,col,,5.0,26.0,26.0,96.9
2026-05-12,35.06679957950741,interp,3.0,8.0,202605F3,202605,35.26313538956471,interp,10.0,36.0,202605F4,202606,37.45968492594952,interp,10.0,36.0,202605F4,202606,8,5,5,1.0,41568.0,41550.0,0.1189990335759039,117.0,col,,5.0,26.0,26.0,96.85
2026-05-13,33.26649349214288,exact,7.0,7.0,202605,202605,31.25651678135594,exact,14.0,14.0,202605W4,202605W4,37.83718887140412,interp,14.0,35.0,202605W4,202606,8,6,5,2.0,41402.5,41400.0,0.1392987977000674,111.0,col,202605W2(d0):dte=0 < 1,0.0,0.0,21.0,95.5
2026-05-14,31.821476525884883,interp,6.0,8.0,202605,202605F4,31.03759951318813,interp,13.0,34.0,202605W4,202606,36.73087865104543,interp,13.0,34.0,202605W4,202606,8,5,5,1.0,41612.5,41600.0,0.1552861523336424,121.0,col,,2.0,21.0,21.0,96.05
2026-05-15,33.92132443042188,exact,7.0,7.0,202605F4,202605F4,33.08765200199125,exact,14.0,14.0,202605F5,202605F5,38.41555994358559,interp,14.0,33.0,202605F5,202606,8,6,5,5.0,40965.5,40950.0,0.069403206855849,111.0,col,202605F3(d0):dte=0 < 1,0.0,0.0,19.0,95.4
2026-05-18,34.86900823008824,interp,4.0,9.0,202605F4,202605W4,36.26531856042632,interp,11.0,30.0,202605F5,202606,39.201767288582886,exact,30.0,30.0,202606,202606,8,5,5,2.0,40806.5,40800.0,0.0907277873398355,122.0,col,,5.0,19.0,0.0,94.9
2026-05-19,34.737259770835344,interp,3.0,8.0,202605F4,202605W4,37.357317625966125,interp,10.0,29.0,202605F5,202606,39.53226967975372,interp,29.0,57.0,202606,202607,8,5,5,1.0,40241.0,40200.0,0.1004909321244429,126.0,col,,5.0,19.0,28.0,93.1
2026-05-20,32.553161633663294,exact,7.0,7.0,202605W4,202605W4,32.408695973778855,exact,14.0,14.0,202606W1,202606W1,36.90942090782481,interp,28.0,56.0,202606,202607,8,6,5,2.0,40014.5,40000.0,0.1810098386496431,106.0,col,202605(d0):dte=0 < 1,0.0,0.0,28.0,92.5
2026-05-21,29.07724283084006,interp,6.0,8.0,202605W4,202605F5,30.32747744053046,interp,13.0,27.0,202606W1,202606,34.31418947633303,interp,27.0,55.0,202606,202607,9,5,5,1.0,41360.0,41350.0,0.1636353371736347,109.0,col,,2.0,14.0,28.0,95.85
2026-05-22,27.890197680763457,exact,7.0,7.0,202605F5,202605F5,29.050605226441984,exact,14.0,14.0,202606F1,202606F1,33.24564783563992,interp,26.0,54.0,202606,202607,9,6,5,5.0,42330.5,42300.0,0.1517303478584218,110.0,col,202605F4(d0):dte=0 < 1,0.0,0.0,28.0,97.3
2026-05-25,31.673009292882654,interp,4.0,9.0,202605F5,202606W1,32.340374296571106,interp,11.0,23.0,202606F1,202606,33.28532222324145,interp,23.0,51.0,202606,202607,9,5,5,2.0,43693.5,43600.0,0.1233976594590405,128.0,col,,5.0,12.0,28.0,100.8
2026-05-26,31.585868695947955,interp,3.0,8.0,202605F5,202606W1,33.13747961172105,interp,10.0,22.0,202606F1,202606,33.0478423767705,interp,22.0,50.0,202606,202607,9,5,5,1.0,43695.0,43650.0,0.1354802076573653,159.0,col,,5.0,12.0,28.0,100.1
2026-05-27,33.0156150698146,exact,7.0,7.0,202606W1,202606W1,32.079243296563206,exact,14.0,14.0,202606W2,202606W2,34.32833150542401,interp,21.0,49.0,202606,202607,9,6,5,2.0,44587.0,44550.0,0.1388969426860773,115.0,col,202605W4(d0):dte=0 < 1,0.0,0.0,28.0,102.55
2026-05-28,36.74422820918903,interp,6.0,8.0,202606W1,202606F1,34.465880988470715,interp,13.0,20.0,202606W2,202606,36.20621527231893,interp,20.0,48.0,202606,202607,9,5,5,1.0,43650.0,43650.0,0.1518067048921666,131.0,col,,2.0,7.0,28.0,100.5
2026-05-29,33.650454693466926,exact,7.0,7.0,202606F1,202606F1,33.14096051400248,exact,14.0,14.0,202606F2,202606F2,35.75796612087751,interp,19.0,47.0,202606,202607,9,6,5,5.0,45047.5,45000.0,0.3604836285335072,116.0,col,202605F5(d0):dte=0 < 1,0.0,0.0,28.0,105.4
2026-06-01,34.65815923357107,interp,4.0,9.0,202606F1,202606W2,36.15975826268879,interp,11.0,16.0,202606F2,202606,36.430792994744,interp,16.0,44.0,202606,202607,9,5,5,2.0,45658.0,45650.0,0.1335943151499961,140.0,col,,5.0,5.0,28.0,105.5
2026-06-02,33.65686283519441,interp,3.0,8.0,202606F1,202606W2,35.81770688023897,interp,10.0,15.0,202606F2,202606,36.507751412363085,interp,15.0,43.0,202606,202607,9,5,5,1.0,45776.5,45750.0,0.1033835222623882,152.0,col,,5.0,5.0,28.0,105.7
2026-06-03,29.772064211824457,exact,7.0,7.0,202606W2,202606W2,33.32911443862949,exact,14.0,14.0,202606,202606,34.73609231788603,interp,14.0,42.0,202606,202607,8,5,4,2.0,46635.5,46600.0,0.1173197945438046,157.0,col,202606W1(d0):dte=0 < 1,0.0,0.0,28.0,107.6
2026-06-04,31.26248492965139,interp,6.0,8.0,202606W2,202606F2,32.73500442238139,interp,13.0,41.0,202606,202607,35.125917780185226,interp,13.0,41.0,202606,202607,8,4,4,1.0,46004.5,46000.0,0.3090934616742984,177.0,col,,2.0,28.0,28.0,106.1
2026-06-05,33.03342132523723,exact,7.0,7.0,202606F2,202606F2,31.922557745272112,interp,12.0,17.0,202606,202606F3,35.3762242513194,interp,17.0,40.0,202606F3,202607,8,6,5,5.0,45050.0,45050.0,0.0782611672813649,120.0,col,202606F1(d0):dte=0 < 1,0.0,5.0,23.0,104.15
2026-06-08,46.89219210993375,interp,4.0,9.0,202606F2,202606,36.16823841425209,exact,14.0,14.0,202606F3,202606F3,40.97973020382078,interp,14.0,37.0,202606F3,202607,8,5,5,2.0,43155.0,43150.0,0.1856709588841334,132.0,col,,5.0,0.0,23.0,100.95
2026-06-09,37.90892507939247,interp,3.0,8.0,202606F2,202606,34.77257466236084,interp,13.0,36.0,202606F3,202607,38.29836451707834,interp,13.0,36.0,202606F3,202607,8,5,5,1.0,44684.0,44650.0,0.2504192112842222,161.0,col,,5.0,23.0,23.0,103.5
2026-06-10,49.867260508573786,exact,7.0,7.0,202606,202606,39.3020685807924,exact,14.0,14.0,202606W4,202606W4,42.88526376184159,interp,14.0,35.0,202606W4,202607,8,6,5,2.0,43482.5,43450.0,0.2233541673895693,117.0,col,202606W2(d0):dte=0 < 1,0.0,0.0,21.0,100.25
2026-06-11,42.283365831155095,interp,6.0,11.0,202606,202606F3,40.28227232865091,interp,13.0,34.0,202606W4,202607,43.186969754896175,interp,13.0,34.0,202606W4,202607,8,5,5,1.0,43223.0,43200.0,0.207741930627484,145.0,col,,5.0,21.0,21.0,99.85
2026-06-12,36.65406645090492,interp,5.0,10.0,202606,202606F3,37.72117590978903,exact,14.0,14.0,202606F4,202606F4,41.71557694684111,interp,14.0,33.0,202606F4,202607,8,6,5,5.0,44197.5,44150.0,0.21327826198409,113.0,col,202606F2(d0):dte=0 < 1,5.0,0.0,19.0,101.95
2026-06-15,34.21399909710052,exact,7.0,7.0,202606F3,202606F3,37.72670903993821,interp,11.0,30.0,202606F4,202607,40.11167398559191,exact,30.0,30.0,202607,202607,8,5,5,2.0,45604.0,45600.0,0.1643013428868216,135.0,col,,0.0,19.0,0.0,105.25
2026-06-16,32.96911759072011,interp,6.0,8.0,202606F3,202606W4,37.34192326301073,interp,10.0,29.0,202606F4,202607,39.224462433927805,interp,29.0,64.0,202607,202608,8,5,5,1.0,45767.0,45750.0,0.2539548983567111,162.0,col,,2.0,19.0,35.0,105.9
2026-06-17,33.74751838991349,exact,7.0,7.0,202606W4,202606W4,35.981501526911345,exact,14.0,14.0,202607W1,202607W1,37.68576107796589,interp,28.0,63.0,202607,202608,8,6,5,5.0,45895.0,45850.0,0.1777250156260851,121.0,col,202606(d0):dte=0 < 1,0.0,0.0,35.0,106.0
2026-06-18,30.071510659205675,interp,6.0,8.0,202606W4,202606F4,32.56501770284535,interp,13.0,27.0,202607W1,202607,37.80423614266076,interp,27.0,62.0,202607,202608,9,5,5,4.0,46603.0,46600.0,0.2260030926721227,123.0,col,,2.0,14.0,35.0,107.3
2026-06-22,35.11680506104722,interp,4.0,9.0,202606F4,202607W1,36.75567312923656,interp,11.0,23.0,202607F1,202607,37.664128579553,interp,23.0,58.0,202607,202608,9,6,5,2.0,48113.5,48100.0,0.2164629230070406,123.0,col,202606F3(d0):dte=0 < 1,5.0,12.0,35.0,111.15
2026-06-23,36.56844596764637,interp,3.0,8.0,202606F4,202607W1,38.54333277497634,interp,10.0,22.0,202607F1,202607,39.328659808098486,interp,22.0,57.0,202607,202608,9,5,5,1.0,47151.5,47150.0,0.2393643312260268,150.0,col,,5.0,12.0,35.0,110.1
2026-06-24,37.39490820945424,exact,7.0,7.0,202607W1,202607W1,36.02709996682207,exact,14.0,14.0,202607W2,202607W2,40.83307549434734,interp,21.0,56.0,202607,202608,9,6,5,2.0,46319.5,46300.0,0.2739283418921975,125.0,col,202606W4(d0):dte=0 < 1,0.0,0.0,35.0,107.15
2026-06-25,37.2689653589739,interp,6.0,8.0,202607W1,202607F1,37.51392250486762,interp,13.0,20.0,202607W2,202607,40.210846805454906,interp,20.0,55.0,202607,202608,9,5,5,1.0,46437.0,46400.0,0.2180415450790625,144.0,col,,2.0,7.0,35.0,107.2
2026-06-26,41.63463584641796,exact,7.0,7.0,202607F1,202607F1,38.82677354938116,exact,14.0,14.0,202607F2,202607F2,43.83596997235076,interp,19.0,54.0,202607,202608,9,6,5,5.0,44377.5,44300.0,0.1491494734028168,121.0,col,202606F4(d0):dte=0 < 1,0.0,0.0,35.0,103.1
2026-06-29,39.48598394547875,interp,4.0,9.0,202607F1,202607W2,40.38478165635062,interp,11.0,16.0,202607F2,202607,39.90943891014293,interp,16.0,51.0,202607,202608,9,5,5,2.0,45330.0,45300.0,0.24181809050589,153.0,col,,5.0,5.0,35.0,104.45
2026-06-30,36.36789955508157,interp,3.0,8.0,202607F1,202607W2,39.126825245142136,interp,10.0,15.0,202607F2,202607,38.62552637567778,interp,15.0,50.0,202607,202608,9,5,5,1.0,46540.0,46500.0,0.1063551042408235,153.0,col,,5.0,5.0,35.0,107.8
2026-07-01,34.43175394754462,exact,7.0,7.0,202607W2,202607W2,38.50881933580869,exact,14.0,14.0,202607,202607,38.09278185572767,interp,14.0,49.0,202607,202608,8,5,4,2.0,47042.5,47000.0,0.1909851981060918,153.0,col,202607W1(d0):dte=0 < 1,0.0,0.0,35.0,109.35
2026-07-02,34.14830219559799,interp,6.0,8.0,202607W2,202607F2,37.87523045624104,interp,13.0,48.0,202607,202608,37.7666180980856,interp,13.0,48.0,202607,202608,8,4,4,1.0,46507.5,46500.0,0.2360301312540411,170.0,col,,2.0,35.0,35.0,108.8
2026-07-03,32.489026469376846,exact,7.0,7.0,202607F2,202607F2,34.517256971759714,exact,14.0,14.0,202607F3,202607F3,36.07569509585557,interp,14.0,47.0,202607F3,202608,8,5,4,5.0,46885.0,46850.0,0.3352743716619692,124.0,col,202607F1(d0):dte=0 < 1,0.0,0.0,33.0,108.35
2026-07-06,37.2800225324932,interp,4.0,9.0,202607F2,202607,36.61684843259046,interp,11.0,44.0,202607F3,202608,36.83119356116069,interp,11.0,44.0,202607F3,202608,8,4,4,2.0,46792.5,46750.0,0.2235713535161284,125.0,col,,5.0,33.0,33.0,108.25
2026-07-07,40.33230208561834,interp,3.0,8.0,202607F2,202607,37.774353299715365,interp,10.0,43.0,202607F3,202608,38.036526309332494,interp,10.0,43.0,202607F3,202608,8,4,4,1.0,45650.0,45650.0,0.1046886954585979,127.0,col,,5.0,33.0,33.0,106.2
2026-07-08,38.44868648179647,exact,7.0,7.0,202607,202607,35.70469550793054,exact,14.0,14.0,202607W4,202607W4,37.59031742208933,interp,14.0,42.0,202607W4,202608,8,5,4,2.0,45477.5,45450.0,0.1642457069084102,120.0,col,202607W2(d0):dte=0 < 1,0.0,0.0,28.0,106.05
2026-07-09,37.66569950325553,interp,6.0,8.0,202607,202607F3,35.25330577623508,interp,13.0,41.0,202607W4,202608,36.77353509370384,interp,13.0,41.0,202607W4,202608,8,4,4,1.0,45568.0,45550.0,0.1023771268139228,126.0,col,,2.0,28.0,28.0,105.8
2026-07-13,36.58339366835723,interp,4.0,9.0,202607F3,202607W4,36.269180531095145,interp,11.0,37.0,202607F4,202608,36.70475717543245,interp,11.0,37.0,202607F4,202608,8,6,5,2.0,45599.5,45550.0,0.0776295649583833,119.0,col,202607F2(d-3):dte=-3 < 1,5.0,26.0,26.0,106.0
2026-07-14,36.79810279663448,interp,3.0,8.0,202607F3,202607W4,36.57402129604979,interp,10.0,36.0,202607F4,202608,36.6462363607392,interp,10.0,36.0,202607F4,202608,8,5,5,1.0,44798.0,44750.0,0.0965703807518184,120.0,col,,5.0,26.0,26.0,104.4
2026-07-15,31.927700568797963,exact,7.0,7.0,202607W4,202607W4,31.970013687466743,exact,14.0,14.0,202607W5,202607W5,33.82064570538991,interp,14.0,35.0,202607W5,202608,8,6,5,2.0,45707.0,45700.0,0.1430109257866901,119.0,col,202607(d0):dte=0 < 1,0.0,0.0,21.0,106.3
2026-07-16,34.06398000695518,interp,6.0,8.0,202607W4,202607F4,33.603378784599535,interp,13.0,34.0,202607W5,202608,34.40577352429784,interp,13.0,34.0,202607W5,202608,9,5,5,1.0,45428.0,45400.0,0.139109472821953,137.0,col,,2.0,21.0,21.0,106.4
2026-07-17,38.24776705888152,exact,7.0,7.0,202607F4,202607F4,34.603044719451375,exact,14.0,14.0,202607F5,202607F5,38.58894892249113,interp,14.0,33.0,202607F5,202608,9,6,5,5.0,42650.0,42600.0,0.0759472413173938,120.0,col,202607F3(d0):dte=0 < 1,0.0,0.0,19.0,100.15
2026-07-20,41.99768680232452,interp,4.0,9.0,202607F4,202607W5,40.79098534384046,interp,11.0,30.0,202607F5,202608,39.49873403389364,exact,30.0,30.0,202608,202608,9,5,5,2.0,42535.0,42500.0,0.1053346214996995,175.0,col,,5.0,19.0,0.0,99.2
2026-07-21,36.2382688704043,interp,3.0,8.0,202607F4,202607W5,36.92861536221072,interp,10.0,29.0,202607F5,202608,36.38484001866612,interp,29.0,57.0,202608,202609,9,5,5,1.0,44205.5,44200.0,0.1233135553054004,179.0,col,,5.0,19.0,28.0,102.5
2026-07-22,34.483487140594896,exact,7.0,7.0,202607W5,202607W5,33.57050704236026,exact,14.0,14.0,202608W1,202608W1,36.11937731103685,interp,28.0,56.0,202608,202609,9,6,5,2.0,44505.0,44500.0,0.1236592755828107,117.0,col,202607W4(d0):dte=0 < 1,0.0,0.0,28.0,103.85
2026-07-23,33.65403785313201,interp,6.0,8.0,202607W5,202607F5,33.40961153209332,interp,13.0,27.0,202608W1,202608,35.35184949038721,interp,27.0,55.0,202608,202609,9,5,5,1.0,44768.0,44750.0,0.1212962197325034,130.0,col,,2.0,14.0,28.0,103.9
2026-07-24,35.52772509415194,exact,7.0,7.0,202607F5,202607F5,33.771692383529825,exact,14.0,14.0,202608F1,202608F1,37.84341629493985,interp,26.0,54.0,202608,202609,9,6,5,5.0,43720.0,43700.0,0.099073802894926,119.0,col,202607F4(d0):dte=0 < 1,0.0,0.0,28.0,101.7
2026-07-27,37.45499222549202,interp,4.0,9.0,202607F5,202608W1,36.83875719389867,interp,11.0,23.0,202608F1,202608,37.20717292751791,interp,23.0,51.0,202608,202609,9,5,5,2.0,43747.5,43700.0,0.1611529911817538,142.0,col,,5.0,12.0,28.0,101.45
2026-07-28,40.93407490280892,interp,3.0,8.0,202607F5,202608W1,40.08103833210005,interp,10.0,22.0,202608F1,202608,39.99055705167623,interp,22.0,50.0,202608,202609,9,5,5,1.0,41610.0,41600.0,0.1395372686221914,142.0,col,,5.0,12.0,28.0,97.15
2026-07-29,46.62842546027073,exact,7.0,7.0,202608W1,202608W1,43.72703828523673,exact,14.0,14.0,202608W2,202608W2,41.87821230675633,interp,21.0,49.0,202608,202609,9,6,5,2.0,40252.5,40200.0,0.1391253109551184,110.0,col,202607W5(d0):dte=0 < 1,0.0,0.0,28.0,93.7
2026-07-30,49.89645407082208,interp,6.0,8.0,202608W1,202608F1,46.23208607838093,interp,13.0,20.0,202608W2,202608,44.38479271822413,interp,20.0,48.0,202608,202609,9,5,5,1.0,40121.5,40100.0,0.0792705100392803,140.0,col,,2.0,7.0,28.0,93.5
2026-07-31,41.33015159647185,exact,7.0,7.0,202608F1,202608F1,35.089596939510834,exact,14.0,14.0,202608F2,202608F2,39.86668061796788,interp,19.0,47.0,202608,202609,9,6,5,5.0,43345.0,43300.0,0.0827417244232631,106.0,col,202607F5(d0):dte=0 < 1,0.0,0.0,28.0,102.85
2026-08-03,42.24006589450555,interp,4.0,9.0,202608F1,202608W2,41.09444472246939,interp,11.0,16.0,202608F2,202608,39.18198053897508,interp,16.0,44.0,202608,202609,9,5,5,2.0,43117.5,43100.0,0.1026475942034348,174.0,col,,5.0,5.0,28.0,102.0
2026-08-04,40.07583858814445,interp,3.0,8.0,202608F1,202608W2,40.07515598146693,interp,10.0,15.0,202608F2,202608,38.91322967097249,interp,15.0,43.0,202608,202609,9,5,5,1.0,43357.5,43350.0,0.1363542877582044,180.0,col,,5.0,5.0,28.0,100.65
2026-08-05,34.55935905979792,exact,7.0,7.0,202608W2,202608W2,35.28304690302634,exact,14.0,14.0,202608,202608,35.525835044472714,interp,14.0,42.0,202608,202609,8,5,4,2.0,44426.0,44400.0,0.103423739163912,180.0,col,202608W1(d0):dte=0 < 1,0.0,0.0,28.0,103.8
2026-08-06,34.64980013242481,interp,6.0,8.0,202608W2,202608F2,35.44287855932925,interp,13.0,41.0,202608,202609,35.93600042199609,interp,13.0,41.0,202608,202609,8,4,4,1.0,44267.0,44250.0,0.1668751589411628,205.0,col,,2.0,28.0,28.0,103.3
2026-08-07,33.16917160941168,exact,7.0,7.0,202608F2,202608F2,33.330170849021165,exact,14.0,14.0,202608F3,202608F3,35.37075266571977,interp,14.0,40.0,202608F3,202609,8,6,5,5.0,44232.5,44200.0,0.0875722109712072,117.0,col,202608F1(d0):dte=0 < 1,0.0,0.0,26.0,102.85
2026-08-10,35.10375614652963,interp,4.0,9.0,202608F2,202608,33.94267815906374,interp,11.0,37.0,202608F3,202609,34.41437978841458,interp,11.0,37.0,202608F3,202609,8,5,5,2.0,44901.5,44900.0,0.1170159020868187,120.0,col,,5.0,26.0,26.0,104.25
2026-08-11,32.49740298007692,interp,3.0,8.0,202608F2,202608,32.906365194389224,interp,10.0,36.0,202608F3,202609,33.60620986921406,interp,10.0,36.0,202608F3,202609,8,5,5,1.0,45045.5,45000.0,0.1339586160393748,132.0,col,,5.0,26.0,26.0,104.6
2026-08-12,29.378994754125777,exact,7.0,7.0,202608,202608,29.04307731602902,exact,14.0,14.0,202608W4,202608W4,31.681727404945832,interp,14.0,35.0,202608W4,202609,8,6,5,2.0,45414.5,45400.0,0.1012664156439331,119.0,col,202608W2(d0):dte=0 < 1,0.0,0.0,21.0,105.2
2026-08-13,28.363036445966,interp,6.0,8.0,202608,202608F3,27.8837201725404,interp,13.0,34.0,202608W4,202609,31.01832905280552,interp,13.0,34.0,202608W4,202609,8,5,5,1.0,45950.0,45950.0,0.082525702736894,127.0,col,,2.0,21.0,21.0,106.7
2026-08-14,26.222887673224,exact,7.0,7.0,202608F3,202608F3,27.451454191748848,exact,14.0,14.0,202608F4,202608F4,30.171270393028216,interp,14.0,33.0,202608F4,202609,8,6,5,5.0,45840.0,45800.0,0.0685102162114653,122.0,col,202608F2(d0):dte=0 < 1,0.0,0.0,19.0,106.4
2026-08-17,25.75907744263225,interp,4.0,9.0,202608F3,202608W4,27.90118235718761,interp,11.0,30.0,202608F4,202609,29.18538619185694,exact,30.0,30.0,202609,202609,8,5,5,2.0,45890.0,45850.0,0.0965738095769594,126.0,col,,5.0,19.0,0.0,106.45
2026-08-18,27.752303512442595,interp,3.0,8.0,202608F3,202608W4,29.338300729304777,interp,10.0,29.0,202608F4,202609,30.469648481611188,interp,29.0,64.0,202609,202610,8,5,5,1.0,45086.5,45050.0,0.0901416119237667,126.0,col,,5.0,19.0,35.0,104.9
2026-08-19,28.001019811834272,exact,7.0,7.0,202608W4,202608W4,28.14596032418441,exact,14.0,14.0,202609W1,202609W1,30.768479790746262,interp,28.0,63.0,202609,202610,8,6,5,2.0,44498.5,44450.0,0.1073024155958502,121.0,col,202608(d0):dte=0 < 1,0.0,0.0,35.0,103.1
2026-08-20,27.275337121789324,interp,6.0,8.0,202608W4,202608F4,27.867665682069205,interp,13.0,27.0,202609W1,202609,29.97275560713116,interp,27.0,62.0,202609,202610,9,5,5,1.0,44820.0,44800.0,0.1004223792495534,131.0,col,,2.0,14.0,35.0,103.8
2026-08-21,26.15916091675429,exact,7.0,7.0,202608F4,202608F4,26.953067197653844,exact,14.0,14.0,202609F1,202609F1,29.19630915643464,interp,26.0,61.0,202609,202610,9,6,5,5.0,45036.0,45000.0,0.1087801618404398,119.0,col,202608F3(d0):dte=0 < 1,0.0,0.0,35.0,104.65
2026-08-24,28.58592317310851,interp,4.0,9.0,202608F4,202609W1,29.33756955089319,interp,11.0,23.0,202609F1,202609,29.80154130968608,interp,23.0,58.0,202609,202610,9,5,5,2.0,44712.5,44700.0,0.1525257142166843,125.0,col,,5.0,12.0,35.0,103.8
2026-08-25,28.56030918073153,interp,3.0,8.0,202608F4,202609W1,29.49272394134766,interp,10.0,22.0,202609F1,202609,29.484764374030203,interp,22.0,57.0,202609,202610,9,5,5,1.0,45021.0,45000.0,0.8978430707098772,129.0,col,,5.0,12.0,35.0,104.4
2026-08-26,25.97968334989728,exact,7.0,7.0,202609W1,202609W1,25.710467232961687,exact,14.0,14.0,202609W2,202609W2,28.3674694595038,interp,21.0,56.0,202609,202610,9,6,5,2.0,45900.0,45900.0,0.5471768646560977,119.0,col,202608W4(d0):dte=0 < 1,0.0,0.0,35.0,105.9
2026-08-27,25.423297004421222,interp,6.0,8.0,202609W1,202609F1,24.90948148167657,interp,13.0,20.0,202609W2,202609,27.06660557886854,interp,20.0,55.0,202609,202610,9,5,5,1.0,45983.0,45950.0,0.8028338073037938,134.0,col,,2.0,7.0,35.0,106.05
